Id,Sales
40233.0,4785.43
39377.0,0.0
38521.0,6294.72
37665.0,5101.48
36809.0,4791.11
35953.0,4676.4
35097.0,4645.45
34241.0,4112.77
33385.0,0.0
32529.0,4386.97
31673.0,3959.09
30817.0,3841.91
29961.0,3808.72
29105.0,4011.79
28249.0,4077.77
27393.0,0.0
26537.0,6115.37
25681.0,5019.31
24825.0,4722.14
23969.0,4570.26
23113.0,4561.21
22257.0,3935.48
21401.0,0.0
20545.0,3933.69
19689.0,3595.79
18833.0,3528.55
17977.0,3498.63
17121.0,3996.98
16265.0,4218.56
15409.0,0.0
14553.0,6734.2
13697.0,5481.22
12841.0,4959.36
11985.0,4737.56
11129.0,4684.74
10273.0,4132.21
9417.0,0.0
8561.0,4273.29
7705.0,3834.64
6849.0,3825.85
5993.0,3872.76
5137.0,3961.21
4281.0,4173.61
3425.0,0.0
2569.0,6029.03
1713.0,5087.0
857.0,4651.99
1.0,4558.11
40234.0,4609.61
39378.0,0.0
38522.0,9298.74
37666.0,8114.34
36810.0,7497.45
35954.0,7299.83
35098.0,7023.2
34242.0,3984.36
33386.0,0.0
32530.0,6033.03
31674.0,5786.75
30818.0,5699.73
29962.0,5785.75
29106.0,6124.24
28250.0,3965.76
27394.0,0.0
26538.0,9599.26
25682.0,8261.98
24826.0,7561.07
23970.0,7146.1
23114.0,6979.83
22258.0,3919.67
21402.0,0.0
20546.0,5833.52
19690.0,5514.06
18834.0,5356.79
17978.0,5486.93
17122.0,6424.95
16266.0,4406.37
15410.0,0.0
14554.0,11817.24
13698.0,9317.81
12842.0,8142.8
11986.0,7550.56
11130.0,7343.84
10274.0,3990.13
9418.0,0.0
8562.0,6220.24
7706.0,5858.24
6850.0,5809.51
5994.0,5847.31
5138.0,6003.82
4282.0,3963.81
3426.0,0.0
2570.0,10052.98
1714.0,8424.85
858.0,7584.31
2.0,7187.12
40235.0,8028.07
39379.0,0.0
38523.0,16052.74
37667.0,13375.13
36811.0,11740.11
35955.0,11438.24
35099.0,11410.48
34243.0,6974.73
33387.0,0.0
32531.0,10483.0
31675.0,9833.37
30819.0,9275.83
29963.0,9360.84
29107.0,9425.59
28251.0,7033.08
27395.0,0.0
26539.0,14942.63
25683.0,12582.73
24827.0,11548.23
23971.0,11167.46
23115.0,10687.64
22259.0,7094.89
21403.0,0.0
20547.0,10003.45
19691.0,9539.21
18835.0,9031.72
17979.0,9176.37
17123.0,10120.05
16267.0,7454.21
15411.0,0.0
14555.0,17044.6
13699.0,13892.84
12843.0,12245.19
11987.0,11465.15
11131.0,10888.77
10275.0,6970.16
9419.0,0.0
8563.0,10413.99
7707.0,9688.61
6851.0,9136.2
5995.0,9157.46
5139.0,9193.55
4283.0,6923.42
3427.0,0.0
2571.0,14828.52
1715.0,12490.59
859.0,10985.89
3.0,10654.73
40236.0,3875.75
39380.0,0.0
38524.0,9102.42
37668.0,7360.26
36812.0,6756.65
35956.0,6819.34
35100.0,6339.92
34244.0,3554.99
33388.0,0.0
32532.0,5981.55
31676.0,5488.2
30820.0,5284.52
29964.0,5590.49
29108.0,5581.78
28252.0,3550.26
27396.0,0.0
26540.0,8990.8
25684.0,7448.59
24828.0,6789.38
23972.0,6708.31
23116.0,6176.02
22260.0,3447.14
21404.0,0.0
20548.0,5724.38
19692.0,5324.67
18836.0,5045.6
17980.0,5314.79
17124.0,5651.12
16268.0,3757.91
15412.0,0.0
14556.0,10016.74
13700.0,8049.2
12844.0,7111.89
11988.0,7160.21
11132.0,6439.35
10276.0,3476.46
9420.0,0.0
8564.0,6037.54
7708.0,5593.54
6852.0,5348.37
5996.0,5674.81
5140.0,5430.06
4284.0,3476.36
3428.0,0.0
2572.0,8934.98
1716.0,7370.86
860.0,6740.76
4.0,6706.2
40237.0,6272.86
39381.0,0.0
38525.0,9747.56
37669.0,8082.77
36813.0,7295.9
35957.0,6932.68
35101.0,6979.16
34245.0,5370.16
33389.0,0.0
32533.0,6925.02
31677.0,6313.87
30821.0,6142.03
29965.0,6184.47
29109.0,6472.82
28253.0,5484.31
27397.0,0.0
26541.0,9620.77
25685.0,8034.11
24829.0,7431.26
23973.0,7085.86
23117.0,7029.63
22261.0,5229.73
21405.0,0.0
20549.0,6571.03
19693.0,5974.78
18837.0,5742.04
17981.0,5800.2
17125.0,6703.12
16269.0,5880.04
15413.0,0.0
14557.0,10962.65
13701.0,8597.05
12845.0,7674.66
11989.0,7351.05
11133.0,7271.59
10277.0,5299.99
9421.0,0.0
8565.0,6930.33
7709.0,6271.01
6853.0,6121.68
5997.0,6030.97
5141.0,6284.31
4285.0,5252.79
3429.0,0.0
2573.0,9498.15
1717.0,7773.33
861.0,7088.37
5.0,6958.27
40238.0,5611.69
39382.0,0.0
38526.0,8060.99
37670.0,6855.69
36814.0,6227.67
35958.0,6111.27
35102.0,6135.86
34246.0,4747.7
33390.0,0.0
32534.0,5743.08
31678.0,5263.99
30822.0,4965.36
29966.0,5017.1
29110.0,5210.5
28254.0,4838.92
27398.0,0.0
26542.0,8138.65
25686.0,6886.95
24830.0,6270.74
23974.0,6052.2
23118.0,6034.72
22262.0,4531.95
21406.0,0.0
20550.0,5367.77
19694.0,4913.68
18838.0,4685.21
17982.0,4818.47
17126.0,5360.83
16270.0,5025.84
15414.0,0.0
14558.0,9002.04
13702.0,7353.81
12846.0,6464.18
11990.0,6283.67
11134.0,6197.85
10278.0,4698.58
9422.0,0.0
8566.0,5953.92
7710.0,5333.41
6854.0,5024.32
5998.0,5063.69
5142.0,5216.88
4286.0,4734.92
3430.0,0.0
2574.0,8047.64
1718.0,6783.64
862.0,6153.67
6.0,5913.11
40239.0,5698.56
39383.0,0.0
38527.0,10033.73
37671.0,8531.24
36815.0,8265.91
35959.0,7710.87
35103.0,7707.72
34247.0,5386.0
33391.0,0.0
32535.0,7060.99
31679.0,6554.36
30823.0,6414.9
29967.0,6222.67
29111.0,6184.03
28255.0,5396.02
27399.0,0.0
26543.0,10159.68
25687.0,8560.12
24831.0,8260.7
23975.0,7670.84
23119.0,7381.17
22263.0,5171.26
21407.0,0.0
20551.0,6683.08
19695.0,6211.91
18839.0,6185.9
17983.0,6085.19
17127.0,6668.44
16271.0,5727.84
15415.0,0.0
14559.0,12523.32
13703.0,9441.56
12847.0,8639.4
11991.0,7947.47
11135.0,7734.06
10279.0,5206.08
9423.0,0.0
8567.0,7146.57
7711.0,6639.76
6855.0,6673.5
5999.0,6367.99
5143.0,6308.12
4287.0,5200.79
3431.0,0.0
2575.0,10297.05
1719.0,8466.24
863.0,8113.57
7.0,7570.85
40240.0,6437.72
39384.0,0.0
38528.0,10359.19
37672.0,8590.28
36816.0,8175.16
35960.0,7767.45
35104.0,7616.17
34248.0,6102.09
33392.0,0.0
32536.0,7114.14
31680.0,6573.72
30824.0,6306.76
29968.0,6260.72
29112.0,6554.28
28256.0,6324.32
27400.0,0.0
26544.0,10432.54
25688.0,8858.22
24832.0,8297.42
23976.0,7872.53
23120.0,7657.76
22264.0,5757.54
21408.0,0.0
20552.0,6763.38
19696.0,6085.39
18840.0,5863.65
17984.0,6132.02
17128.0,6762.06
16272.0,6808.88
15416.0,0.0
14560.0,13204.9
13704.0,9737.14
12848.0,8610.47
11992.0,8182.55
11136.0,7918.57
10280.0,6053.36
9424.0,0.0
8568.0,7186.87
7712.0,6553.28
6856.0,6373.55
6000.0,6322.95
5144.0,6462.22
4288.0,6046.91
3432.0,0.0
2576.0,10714.19
1720.0,8744.05
864.0,8082.58
8.0,7790.25
40241.0,4730.66
39385.0,0.0
38529.0,7755.9
37673.0,6245.2
36817.0,5992.98
35961.0,6016.21
35105.0,5829.09
34249.0,0.0
33393.0,0.0
32537.0,4547.17
31681.0,4091.72
30825.0,4127.77
29969.0,4014.75
29113.0,4164.57
28257.0,0.0
27401.0,0.0
26545.0,7323.59
25689.0,5924.96
24833.0,5445.21
23977.0,5176.32
23121.0,5139.22
22265.0,4237.68
21409.0,0.0
20553.0,3846.77
19697.0,3463.63
18841.0,3501.67
17985.0,3640.27
17129.0,4314.88
16273.0,4484.08
15417.0,0.0
14561.0,8161.72
13705.0,6400.05
12849.0,5783.66
11993.0,5459.04
11137.0,5316.98
10281.0,4215.04
9425.0,0.0
8569.0,4185.92
7713.0,3683.47
6857.0,3672.53
6001.0,3771.98
5145.0,3988.53
4289.0,4143.85
3433.0,0.0
2577.0,7256.18
1721.0,5954.29
865.0,5440.37
9.0,5171.47
40242.0,3635.26
39386.0,0.0
38530.0,7227.09
37674.0,6207.79
36818.0,5660.19
35962.0,5424.04
35106.0,5447.46
34250.0,3216.3
33394.0,0.0
32538.0,4677.35
31682.0,4460.11
30826.0,4435.38
29970.0,4524.64
29114.0,4768.14
28258.0,3187.72
27402.0,0.0
26546.0,7194.59
25690.0,6059.9
24834.0,5614.2
23978.0,5409.07
23122.0,5494.13
22266.0,3101.22
21410.0,0.0
20554.0,4581.06
19698.0,4215.94
18842.0,4135.94
17986.0,4329.87
17130.0,5097.49
16274.0,3523.07
15418.0,0.0
14562.0,8705.94
13706.0,6719.95
12850.0,5950.59
11994.0,5733.01
11138.0,5741.43
10282.0,3189.34
9426.0,0.0
8570.0,4986.72
7714.0,4541.7
6858.0,4380.36
6002.0,4448.71
5146.0,4687.65
4290.0,3222.21
3434.0,0.0
2578.0,7476.55
1722.0,6195.07
866.0,5636.08
10.0,5432.46
40243.0,5956.02
39387.0,0.0
38531.0,9570.07
37675.0,7751.77
36819.0,7175.46
35963.0,7088.14
35107.0,7064.19
34251.0,5593.43
33395.0,0.0
32539.0,6216.58
31683.0,5653.67
30827.0,5689.89
29971.0,5815.24
29115.0,6533.3
28259.0,5578.62
27403.0,0.0
26547.0,9547.41
25691.0,7741.35
24835.0,7235.62
23979.0,7038.7
23123.0,7081.31
22267.0,5442.03
21411.0,0.0
20555.0,5873.39
19699.0,5233.7
18843.0,5110.39
17987.0,5325.73
17131.0,6495.81
16275.0,6134.17
15419.0,0.0
14563.0,12081.15
13707.0,8526.71
12851.0,7636.94
11995.0,7391.18
11139.0,7402.16
10283.0,5604.08
9427.0,0.0
8571.0,6192.51
7715.0,5543.12
6859.0,5620.79
6003.0,5706.36
5147.0,6183.64
4291.0,5596.42
3435.0,0.0
2579.0,9780.05
1723.0,7676.73
867.0,7049.21
11.0,6966.8
40244.0,6108.47
39388.0,0.0
38532.0,11577.77
37676.0,9886.16
36820.0,8993.4
35964.0,8687.6
35108.0,8400.46
34252.0,5742.23
33396.0,0.0
32540.0,7984.08
31684.0,7421.63
30828.0,7186.64
29972.0,6971.84
29116.0,7094.73
28260.0,5436.86
27404.0,0.0
26548.0,11393.5
25692.0,9555.24
24836.0,8801.44
23980.0,8441.45
23124.0,8200.47
22268.0,5594.86
21412.0,0.0
20556.0,7445.18
19700.0,6991.13
18844.0,6703.63
17988.0,6650.39
17132.0,7494.83
16276.0,5962.38
15420.0,0.0
14564.0,12777.38
13708.0,10318.79
12852.0,9341.51
11996.0,8609.7
11140.0,8470.94
10284.0,5588.6
9428.0,0.0
8572.0,8063.7
7716.0,7414.71
6860.0,7337.33
6004.0,7198.1
5148.0,7253.76
4292.0,5397.67
3436.0,0.0
2580.0,11246.94
1724.0,9217.94
868.0,8559.32
12.0,8197.26
40245.0,4422.88
39389.0,0.0
38533.0,9173.19
37677.0,7597.13
36821.0,6907.55
35965.0,6650.03
35109.0,6673.75
34253.0,3951.98
33397.0,0.0
32541.0,6017.7
31685.0,5581.1
30829.0,5546.02
29973.0,5603.91
29117.0,6055.71
28261.0,4201.06
27405.0,0.0
26549.0,9028.95
25693.0,7533.12
24837.0,6979.91
23981.0,6645.08
23125.0,6692.17
22269.0,3899.99
21413.0,0.0
20557.0,5987.03
19701.0,5412.31
18845.0,5174.22
17989.0,5470.32
17133.0,6392.43
16277.0,4569.35
15421.0,0.0
14565.0,10908.48
13709.0,8301.93
12853.0,7249.16
11997.0,6996.91
11141.0,6847.34
10285.0,4047.67
9429.0,0.0
8573.0,6118.51
7717.0,5771.63
6861.0,5591.36
6005.0,5670.55
5149.0,5897.61
4293.0,4050.65
3437.0,0.0
2581.0,9268.76
1725.0,7658.08
869.0,6906.12
13.0,6589.03
40246.0,6266.8
39390.0,0.0
38534.0,12595.93
37678.0,10363.9
36822.0,9721.2
35966.0,9948.97
35110.0,9038.03
34254.0,6007.67
33398.0,0.0
32542.0,8638.59
31686.0,7892.52
30830.0,7871.79
29974.0,8092.79
29118.0,7789.57
28262.0,0.0
27406.0,0.0
26550.0,12500.11
25694.0,10299.34
24838.0,9263.27
23982.0,9285.66
23126.0,8339.14
22270.0,6592.82
21414.0,0.0
20558.0,8626.52
19702.0,7768.43
18846.0,7327.38
17990.0,7585.23
17134.0,7782.6
16278.0,7258.68
15422.0,0.0
14566.0,14458.68
13710.0,11094.55
12854.0,10060.43
11998.0,9762.41
11142.0,8835.3
10286.0,6505.93
9430.0,0.0
8574.0,9071.53
7718.0,8387.1
6862.0,8176.21
6006.0,8273.07
5150.0,7709.15
4294.0,6529.48
3438.0,0.0
2582.0,12396.81
1726.0,10026.77
870.0,9200.62
14.0,9320.68
40247.0,6639.44
39391.0,0.0
38535.0,8848.05
37679.0,6834.23
36823.0,6659.97
35967.0,6464.49
35111.0,6505.39
34255.0,5901.41
33399.0,0.0
32543.0,5423.59
31687.0,4918.56
30831.0,4849.46
29975.0,4932.35
29119.0,5388.59
28263.0,6293.38
27407.0,0.0
26551.0,9019.9
25695.0,7293.75
24839.0,6674.7
23983.0,6416.05
23127.0,6488.14
22271.0,5916.28
21415.0,0.0
20559.0,5178.49
19703.0,4538.03
18847.0,4432.69
17991.0,4608.15
17135.0,5499.24
16279.0,6887.85
15423.0,0.0
14567.0,11211.71
13711.0,8157.99
12855.0,7179.73
11999.0,6797.18
11143.0,6652.07
10287.0,6062.52
9431.0,0.0
8575.0,5363.81
7719.0,4882.79
6863.0,4783.08
6007.0,4805.82
5151.0,5070.76
4295.0,6042.83
3439.0,0.0
2583.0,9144.51
1727.0,7335.62
871.0,6626.53
15.0,6350.61
40248.0,3774.19
39392.0,0.0
38536.0,7055.03
37680.0,5825.0
36824.0,5412.66
35968.0,5316.98
35112.0,5390.83
34256.0,3503.78
33400.0,0.0
32544.0,4530.87
31688.0,4237.1
30832.0,4079.18
29976.0,4086.4
29120.0,4353.01
28264.0,0.0
27408.0,0.0
26552.0,6927.02
25696.0,5677.16
24840.0,5093.91
23984.0,4970.54
23128.0,5069.6
22272.0,3698.67
21416.0,0.0
20560.0,3981.43
19704.0,3772.79
18848.0,3701.11
17992.0,3818.18
17136.0,4388.62
16280.0,3587.64
15424.0,0.0
14568.0,7909.91
13712.0,6141.05
12856.0,5409.02
12000.0,5217.67
11144.0,5166.49
10288.0,3550.79
9432.0,0.0
8576.0,4538.56
7720.0,4084.19
6864.0,3954.67
6008.0,3984.69
5152.0,4119.98
4296.0,3220.47
3440.0,0.0
2584.0,6828.25
1728.0,5681.81
872.0,5152.84
16.0,4955.76
40249.0,4587.28
39393.0,0.0
38537.0,7902.94
37681.0,6083.06
36825.0,5806.52
35969.0,5673.66
35113.0,5721.24
34257.0,4249.19
33401.0,0.0
32545.0,4965.65
31689.0,4287.22
30833.0,4248.74
29977.0,4401.3
29121.0,4675.5
28265.0,4279.89
27409.0,0.0
26553.0,7746.71
25697.0,5928.96
24841.0,5522.36
23985.0,5393.27
23129.0,5494.53
22273.0,4210.96
21417.0,0.0
20561.0,4298.69
19705.0,3817.97
18849.0,3791.32
17993.0,3926.43
17137.0,4621.31
16281.0,4677.33
15425.0,0.0
14569.0,8810.17
13713.0,6623.0
12857.0,5950.15
12001.0,5688.46
11145.0,5684.84
10289.0,4292.98
9433.0,0.0
8577.0,4707.83
7721.0,4089.92
6865.0,4114.1
6009.0,4191.18
5153.0,4479.91
4297.0,4319.16
3441.0,0.0
2585.0,7673.22
1729.0,5963.1
873.0,5440.5
17.0,5308.14
40250.0,7780.57
39394.0,0.0
38538.0,13875.62
37682.0,11387.36
36826.0,10625.11
35970.0,10348.44
35114.0,10481.98
34258.0,6757.11
33402.0,0.0
32546.0,9075.29
31690.0,8271.19
30834.0,8260.43
29978.0,8262.44
29122.0,8541.16
28266.0,6978.0
27410.0,0.0
26554.0,13302.53
25698.0,11348.24
24842.0,10435.76
23986.0,9961.46
23130.0,9954.23
22274.0,6656.86
21418.0,0.0
20562.0,8632.68
19706.0,7881.57
18850.0,7571.53
17994.0,7781.65
17138.0,9097.97
16282.0,7695.58
15426.0,0.0
14570.0,17289.86
13714.0,12292.83
12858.0,11063.31
12002.0,10588.07
11146.0,10298.33
10290.0,6943.85
9434.0,0.0
8578.0,9117.11
7722.0,8326.03
6866.0,8031.12
6010.0,8067.33
5154.0,8334.87
4298.0,7021.09
3442.0,0.0
2586.0,13877.1
1730.0,11504.88
874.0,10259.57
18.0,9796.5
40251.0,8925.23
39395.0,0.0
38539.0,14420.18
37683.0,11961.66
36827.0,10982.63
35971.0,10600.74
35115.0,10304.27
34259.0,7744.14
33403.0,0.0
32547.0,9940.29
31691.0,8975.82
30835.0,8720.48
29979.0,9159.06
29123.0,9050.23
28267.0,7897.91
27411.0,0.0
26555.0,13661.07
25699.0,11533.74
24843.0,10804.71
23987.0,10214.67
23131.0,9968.58
22275.0,7499.97
21419.0,0.0
20563.0,9607.38
19707.0,8661.13
18851.0,8207.39
17995.0,8389.7
17139.0,9427.88
16283.0,8681.89
15427.0,0.0
14571.0,16474.72
13715.0,13061.28
12859.0,11735.76
12003.0,11033.19
11147.0,10487.07
10291.0,7809.14
9435.0,0.0
8579.0,9939.6
7723.0,9291.61
6867.0,8876.63
6011.0,8773.61
5155.0,8804.48
4299.0,7902.22
3443.0,0.0
2587.0,13997.68
1731.0,11551.3
875.0,10475.58
19.0,10022.28
40252.0,6752.88
39396.0,0.0
38540.0,13138.6
37684.0,10941.28
36828.0,10179.25
35972.0,9512.93
35116.0,9261.52
34260.0,6353.36
33404.0,0.0
32548.0,7840.25
31692.0,7494.74
30836.0,7419.65
29980.0,7657.03
29124.0,7652.34
28268.0,6498.73
27412.0,0.0
26556.0,13135.94
25700.0,10962.56
24844.0,10029.81
23988.0,9312.03
23132.0,9114.95
22276.0,5894.81
21420.0,0.0
20564.0,7783.93
19708.0,7152.85
18852.0,6929.76
17996.0,7227.12
17140.0,8231.77
16284.0,6990.3
15428.0,0.0
14572.0,16986.26
13716.0,12116.64
12860.0,10814.55
12004.0,10198.99
11148.0,9613.56
10292.0,6311.39
9436.0,0.0
8580.0,8174.04
7724.0,7619.63
6868.0,7352.69
6012.0,7532.18
5156.0,7510.19
4300.0,6414.45
3444.0,0.0
2588.0,13564.65
1732.0,11186.09
876.0,9839.25
20.0,9505.9
40253.0,7312.61
39397.0,0.0
38541.0,10911.07
37685.0,8645.73
36829.0,8134.86
35973.0,7719.15
35117.0,7454.25
34261.0,6647.08
33405.0,0.0
32549.0,6845.6
31693.0,6087.05
30837.0,6141.63
29981.0,6259.86
29125.0,6565.09
28269.0,6843.49
27413.0,0.0
26557.0,10565.38
25701.0,8481.37
24845.0,8015.57
23989.0,7649.72
23133.0,7574.1
22277.0,6578.72
21421.0,0.0
20565.0,6427.22
19709.0,5660.24
18853.0,5639.23
17997.0,5948.19
17141.0,6983.62
16285.0,7304.5
15429.0,0.0
14573.0,12248.99
13717.0,9447.83
12861.0,8387.73
12005.0,7958.78
11149.0,7839.23
10293.0,6716.04
9437.0,0.0
8581.0,6847.57
7725.0,6092.33
6869.0,6163.17
6013.0,6213.14
5157.0,6557.08
4301.0,6645.1
3445.0,0.0
2589.0,10495.25
1733.0,8242.22
877.0,7653.45
21.0,7386.98
40254.0,3106.21
39398.0,0.0
38542.0,5736.0
37686.0,4827.91
36830.0,4481.82
35974.0,4372.76
35118.0,3823.6
34262.0,3005.04
33406.0,0.0
32550.0,3701.96
31694.0,3479.75
30838.0,3387.6
29982.0,3410.18
29126.0,3237.02
28270.0,2989.25
27414.0,0.0
26558.0,5647.83
25702.0,4802.3
24846.0,4359.82
23990.0,4229.53
23134.0,3768.83
22278.0,2876.16
21422.0,0.0
20566.0,3449.49
19710.0,3208.06
18854.0,3117.54
17998.0,3228.85
17142.0,3575.98
16286.0,3244.59
15430.0,0.0
14574.0,6899.76
13718.0,5317.83
12862.0,4567.81
12006.0,4398.59
11150.0,4045.93
10294.0,3033.15
9438.0,0.0
8582.0,3695.42
7726.0,3460.81
6870.0,3318.4
6014.0,3377.28
5158.0,3222.63
4302.0,3038.03
3446.0,0.0
2590.0,5830.25
1734.0,4926.06
878.0,4287.69
22.0,4163.74
40255.0,6031.76
39399.0,0.0
38543.0,8058.13
37687.0,6480.46
36831.0,6116.65
35975.0,6045.81
35119.0,6270.16
34263.0,5552.28
33407.0,0.0
32551.0,5344.23
31695.0,4694.51
30839.0,4782.7
29983.0,4972.94
29127.0,5386.03
28271.0,5655.53
27415.0,0.0
26559.0,7948.43
25703.0,6424.12
24847.0,6063.96
23991.0,5981.88
23135.0,6214.93
22279.0,5633.68
21423.0,0.0
20567.0,5047.4
19711.0,4486.03
18855.0,4393.31
17999.0,4623.04
17143.0,5416.72
16287.0,6230.5
15431.0,0.0
14575.0,8708.91
13719.0,6933.78
12863.0,6318.24
12007.0,6181.82
11151.0,6306.12
10295.0,5691.67
9439.0,0.0
8583.0,5325.5
7727.0,4671.98
6871.0,4710.59
6015.0,4853.87
5159.0,5280.68
4303.0,5766.78
3447.0,0.0
2591.0,7565.12
1735.0,6168.61
879.0,5813.99
23.0,5807.7
40256.0,2779.61
39400.0,0.0
38544.0,6404.73
37688.0,5300.95
36832.0,5032.93
35976.0,4777.17
35120.0,4762.84
34264.0,0.0
33408.0,0.0
32552.0,4165.37
31696.0,3773.68
30840.0,3635.17
29984.0,3647.64
29128.0,3888.27
28272.0,0.0
27416.0,0.0
26560.0,6049.7
25704.0,5228.0
24848.0,4773.17
23992.0,4492.86
23136.0,4442.32
22280.0,3206.1
21424.0,0.0
20568.0,3687.13
19712.0,3344.87
18856.0,3170.79
18000.0,3253.16
17144.0,3821.75
16288.0,3109.07
15432.0,0.0
14576.0,6511.1
13720.0,5367.58
12864.0,4832.93
12008.0,4647.3
11152.0,4647.9
10296.0,2974.52
9440.0,0.0
8584.0,3981.11
7728.0,3668.87
6872.0,3588.83
6016.0,3576.98
5160.0,3751.32
4304.0,2857.64
3448.0,0.0
2592.0,6008.9
1736.0,5169.21
880.0,4666.38
24.0,4528.99
40257.0,8421.9
39401.0,0.0
38545.0,11154.74
37689.0,9101.56
36833.0,8195.37
35977.0,7989.66
35121.0,7906.82
34265.0,7429.12
33409.0,0.0
32553.0,7658.97
31697.0,6965.34
30841.0,6825.46
29985.0,6722.86
29129.0,7038.37
28273.0,7558.98
27417.0,0.0
26561.0,10753.04
25705.0,9079.41
24849.0,8530.56
23993.0,8138.07
23137.0,8040.62
22281.0,7432.0
21425.0,0.0
20569.0,7791.74
19713.0,7105.84
18857.0,6744.91
18001.0,6713.74
17145.0,7755.44
16289.0,8361.42
15433.0,0.0
14577.0,12802.71
13721.0,10216.76
12865.0,9111.8
12009.0,8551.55
11153.0,8421.83
10297.0,7483.09
9441.0,0.0
8585.0,8071.33
7729.0,7287.46
6873.0,7024.6
6017.0,6883.26
5161.0,7084.41
4305.0,7390.27
3449.0,0.0
2593.0,10838.49
1737.0,8932.26
881.0,8350.52
25.0,8000.45
40258.0,8772.42
39402.0,0.0
38546.0,14860.59
37690.0,11860.87
36834.0,10878.29
35978.0,10641.59
35122.0,10767.23
34266.0,7591.44
33410.0,0.0
32554.0,9242.57
31698.0,8299.05
30842.0,8334.77
29986.0,8596.93
29130.0,9225.67
28274.0,8114.12
27418.0,0.0
26562.0,14132.39
25706.0,11544.87
24850.0,10728.49
23994.0,10228.98
23138.0,10312.46
22282.0,7509.19
21426.0,0.0
20570.0,8274.28
19714.0,7475.75
18858.0,7402.49
18002.0,7709.46
17146.0,9077.78
16290.0,8651.15
15434.0,0.0
14578.0,17857.39
13722.0,12413.75
12866.0,11173.05
12010.0,10736.76
11154.0,10470.2
10298.0,7733.54
9442.0,0.0
8586.0,8799.36
7730.0,7878.84
6874.0,7793.16
6018.0,7952.66
5162.0,8489.44
4306.0,7835.96
3450.0,0.0
2594.0,14909.26
1738.0,11564.82
882.0,10245.66
26.0,9922.56
40259.0,10883.76
39403.0,0.0
38547.0,14246.9
37691.0,11961.63
36835.0,11108.27
35979.0,10633.09
35123.0,10460.39
34267.0,10393.51
33411.0,0.0
32555.0,10463.04
31699.0,9469.72
30843.0,9227.78
29987.0,9176.74
29131.0,9168.11
28275.0,0.0
27419.0,0.0
26563.0,13514.79
25707.0,11615.03
24851.0,10874.39
23995.0,10304.58
23139.0,9884.74
22283.0,9271.74
21427.0,0.0
20571.0,9561.56
19715.0,8850.35
18859.0,8544.06
18003.0,8542.02
17147.0,9198.16
16291.0,9760.22
15435.0,0.0
14579.0,17131.22
13723.0,12772.73
12867.0,11595.88
12011.0,10983.89
11155.0,10457.31
10299.0,9553.29
9443.0,0.0
8587.0,10540.29
7731.0,9730.09
6875.0,9402.47
6019.0,9241.75
5163.0,9202.6
4307.0,9219.25
3451.0,0.0
2595.0,14518.93
1739.0,11853.45
883.0,10715.11
27.0,10279.44
40260.0,6434.86
39404.0,0.0
38548.0,8860.88
37692.0,6803.3
36836.0,6199.75
35980.0,6043.05
35124.0,6102.96
34268.0,5967.92
33412.0,0.0
32556.0,5201.86
31700.0,4545.17
30844.0,4690.79
29988.0,4896.97
29132.0,5259.37
28276.0,6022.16
27420.0,0.0
26564.0,8470.86
25708.0,6899.95
24852.0,6418.87
23996.0,6163.58
23140.0,6251.68
22284.0,5939.5
21428.0,0.0
20572.0,4916.35
19716.0,4342.49
18860.0,4388.42
18004.0,4585.8
17148.0,5477.83
16292.0,6518.07
15436.0,0.0
14580.0,9897.64
13724.0,7779.91
12868.0,6916.48
12012.0,6521.52
11156.0,6435.37
10300.0,6058.64
9444.0,0.0
8588.0,5102.3
7732.0,4491.53
6876.0,4616.78
6020.0,4713.58
5164.0,5128.44
4308.0,6030.61
3452.0,0.0
2596.0,8588.17
1740.0,6925.68
884.0,6315.66
28.0,6114.69
40261.0,2800.29
39405.0,0.0
38549.0,7118.1
37693.0,5903.96
36837.0,5478.9
35981.0,5222.91
35125.0,5061.81
34269.0,2397.55
33413.0,0.0
32557.0,4381.14
31701.0,3965.87
30845.0,3990.38
29989.0,3989.68
29133.0,4109.74
28277.0,2415.47
27421.0,0.0
26565.0,6821.02
25709.0,5631.82
24853.0,5187.08
23997.0,4940.11
23141.0,4769.6
22285.0,2245.29
21429.0,0.0
20573.0,3898.61
19717.0,3663.17
18861.0,3668.39
18005.0,3768.79
17149.0,4378.61
16293.0,2537.22
15437.0,0.0
14581.0,7927.08
13725.0,6138.94
12869.0,5477.79
12013.0,5152.1
11157.0,4956.54
10301.0,2341.31
9445.0,0.0
8589.0,4266.64
7733.0,3919.77
6877.0,3896.17
6021.0,3866.24
5165.0,3966.45
4309.0,2359.7
3453.0,0.0
2597.0,6747.71
1741.0,5638.96
885.0,5084.39
29.0,4753.7
40262.0,4136.12
39406.0,0.0
38550.0,5958.89
37694.0,5399.01
36838.0,5081.77
35982.0,4916.68
35126.0,4683.09
34270.0,4117.5
33414.0,0.0
32558.0,4273.37
31702.0,3982.81
30846.0,3887.43
29990.0,3942.6
29134.0,4098.78
28278.0,4176.98
27422.0,0.0
26566.0,5782.17
25710.0,5417.78
24854.0,5076.07
23998.0,4917.91
23142.0,4796.58
22286.0,4039.32
21430.0,0.0
20574.0,3983.55
19718.0,3761.99
18862.0,3685.9
18006.0,3752.41
17150.0,4289.34
16294.0,4494.41
15438.0,0.0
14582.0,6425.04
13726.0,5742.38
12870.0,5283.43
12014.0,5077.45
11158.0,4949.12
10302.0,4286.15
9446.0,0.0
8590.0,4216.66
7734.0,3951.43
6878.0,3841.19
6022.0,3938.35
5166.0,4067.64
4310.0,4304.21
3454.0,0.0
2598.0,5859.91
1742.0,5341.87
886.0,4967.69
30.0,4847.89
40263.0,6239.92
39407.0,0.0
38551.0,7847.13
37695.0,6174.53
36839.0,5947.98
35983.0,6024.47
35127.0,6101.7
34271.0,5835.35
33415.0,0.0
32559.0,5214.02
31703.0,4658.52
30847.0,4691.65
29991.0,4818.18
29135.0,5194.35
28279.0,0.0
27423.0,0.0
26567.0,7624.54
25711.0,6152.07
24855.0,5539.75
23999.0,5511.26
23143.0,5643.72
22287.0,5908.33
21431.0,0.0
20575.0,4690.89
19719.0,4177.73
18863.0,4078.11
18007.0,4294.49
17151.0,5305.16
16295.0,5651.89
15439.0,0.0
14583.0,9123.96
13727.0,6800.83
12871.0,6039.46
12015.0,5960.98
11159.0,6032.87
10303.0,5777.33
9447.0,0.0
8591.0,5212.79
7735.0,4513.35
6879.0,4560.39
6023.0,4666.07
5167.0,5051.13
4311.0,5346.77
3455.0,0.0
2599.0,7882.11
1743.0,6206.62
887.0,5669.54
31.0,5668.22
40264.0,7637.43
39408.0,0.0
38552.0,14034.14
37696.0,11416.0
36840.0,11076.14
35984.0,10513.0
35128.0,10167.38
34272.0,6821.93
33416.0,0.0
32560.0,9289.17
31704.0,8384.32
30848.0,8460.91
29992.0,8396.05
29136.0,8510.84
28280.0,7074.02
27424.0,0.0
26568.0,13064.17
25712.0,11363.9
24856.0,10720.73
24000.0,9956.08
23144.0,9798.94
22288.0,6762.71
21432.0,0.0
20576.0,8730.48
19720.0,7965.62
18864.0,7841.16
18008.0,7795.87
17152.0,8783.47
16296.0,7739.38
15440.0,0.0
14584.0,16803.58
13728.0,12341.45
12872.0,11209.39
12016.0,10517.06
11160.0,10018.25
10304.0,7042.65
9448.0,0.0
8592.0,9320.65
7736.0,8386.81
6880.0,8206.44
6024.0,8128.94
5168.0,8206.86
4312.0,7155.16
3456.0,0.0
2600.0,13653.93
1744.0,11314.95
888.0,10179.12
32.0,9744.05
40265.0,4631.47
39409.0,0.0
38553.0,8695.41
37697.0,7096.4
36841.0,6491.18
35985.0,6213.04
35129.0,6253.78
34273.0,3932.07
33417.0,0.0
32561.0,5414.68
31705.0,4886.53
30849.0,5015.44
29993.0,5111.18
29137.0,5539.33
28281.0,4179.5
27425.0,0.0
26569.0,8297.35
25713.0,6887.22
24857.0,6430.93
24001.0,6205.64
23145.0,6299.69
22289.0,4054.46
21433.0,0.0
20577.0,4953.11
19721.0,4480.36
18865.0,4469.2
18009.0,4754.86
17153.0,5880.21
16297.0,4848.62
15441.0,0.0
14585.0,10080.35
13729.0,7723.74
12873.0,6842.23
12017.0,6577.22
11161.0,6404.64
10305.0,4234.66
9449.0,0.0
8593.0,5334.14
7737.0,4776.91
6881.0,4841.27
6025.0,5003.66
5169.0,5372.92
4313.0,4468.97
3457.0,0.0
2601.0,8469.85
1745.0,6853.93
889.0,6296.92
33.0,6158.07
40266.0,6443.8
39410.0,0.0
38554.0,7601.61
37698.0,5919.87
36842.0,5634.68
35986.0,5669.07
35130.0,5698.39
34274.0,5770.24
33418.0,0.0
32562.0,4896.27
31706.0,4296.71
30850.0,4305.91
29994.0,4459.14
29138.0,4884.19
28282.0,5849.81
27426.0,0.0
26570.0,7588.4
25714.0,6044.17
24858.0,5732.69
24002.0,5668.48
23146.0,5727.06
22290.0,5856.61
21434.0,0.0
20578.0,4647.23
19722.0,4081.96
18866.0,4019.66
18010.0,4216.59
17154.0,4991.92
16298.0,6252.12
15442.0,0.0
14586.0,8426.41
13730.0,6590.72
12874.0,6049.77
12018.0,5921.44
11162.0,5950.07
10306.0,5837.91
9450.0,0.0
8594.0,4873.97
7738.0,4212.78
6882.0,4259.15
6026.0,4493.3
5170.0,4918.33
4314.0,5753.35
3458.0,0.0
2602.0,7420.23
1746.0,5994.41
890.0,5610.92
34.0,5634.85
40267.0,4741.2
39411.0,0.0
38555.0,8593.24
37699.0,6438.64
36843.0,6141.48
35987.0,5918.0
35131.0,5830.44
34275.0,4983.24
33419.0,0.0
32563.0,5230.75
31707.0,4476.98
30851.0,4312.04
29995.0,4347.6
29139.0,4652.37
28283.0,0.0
27427.0,0.0
26571.0,8336.94
25715.0,6550.16
24859.0,5742.89
24003.0,5331.0
23147.0,5400.63
22291.0,5220.26
21435.0,0.0
20579.0,4525.3
19723.0,3892.13
18867.0,3754.46
18011.0,3982.58
17155.0,4736.99
16299.0,4996.29
15443.0,0.0
14587.0,10463.98
13731.0,7464.3
12875.0,6338.97
12019.0,5981.2
11163.0,5907.81
10307.0,5014.48
9451.0,0.0
8595.0,4840.04
7739.0,4188.64
6883.0,4122.5
6027.0,4170.41
5171.0,4474.77
4315.0,4713.2
3459.0,0.0
2603.0,8673.85
1747.0,6642.67
891.0,5890.71
35.0,5747.28
40268.0,5407.33
39412.0,0.0
38556.0,9861.46
37700.0,8109.0
36844.0,7645.03
35988.0,7198.22
35132.0,7034.83
34276.0,5169.92
33420.0,0.0
32564.0,6635.24
31708.0,6106.2
30852.0,5943.73
29996.0,5982.3
29140.0,6083.82
28284.0,5183.56
27428.0,0.0
26572.0,9662.74
25716.0,8134.43
24860.0,7622.9
24004.0,7105.75
23148.0,6893.46
22292.0,5076.4
21436.0,0.0
20580.0,6274.86
19724.0,5696.62
18868.0,5568.85
18012.0,5746.97
17156.0,6651.71
16300.0,5505.98
15444.0,0.0
14588.0,12143.62
13732.0,8933.2
12876.0,7866.06
12020.0,7526.26
11164.0,7332.97
10308.0,5104.79
9452.0,0.0
8596.0,6572.25
7740.0,6043.37
6884.0,6012.41
6028.0,5940.07
5172.0,6037.14
4316.0,5053.19
3460.0,0.0
2604.0,9604.04
1748.0,7907.4
892.0,7292.21
36.0,7035.07
40269.0,2585.67
39413.0,0.0
38557.0,4625.02
37701.0,3808.46
36845.0,3637.42
35989.0,3485.39
35133.0,3520.03
34277.0,2358.58
33421.0,0.0
32565.0,3346.33
31709.0,2983.56
30853.0,2846.04
29997.0,2836.35
29141.0,2916.03
28285.0,2430.61
27429.0,0.0
26573.0,4549.55
25717.0,3855.18
24861.0,3586.69
24005.0,3458.33
23149.0,3358.38
22293.0,2313.37
21437.0,0.0
20581.0,3006.84
19725.0,2799.35
18869.0,2694.1
18013.0,2745.66
17157.0,3055.25
16301.0,2553.26
15445.0,0.0
14589.0,4988.35
13733.0,4303.49
12877.0,3970.5
12021.0,3771.88
11165.0,3678.79
10309.0,2393.28
9453.0,0.0
8597.0,3288.86
7741.0,2946.48
6885.0,2833.01
6029.0,2822.01
5173.0,2883.54
4317.0,2385.43
3461.0,0.0
2605.0,4556.13
1749.0,3882.6
893.0,3592.67
37.0,3486.1
40270.0,8730.66
39414.0,0.0
38558.0,11377.59
37702.0,8967.59
36846.0,8700.04
35990.0,8570.61
35134.0,8665.35
34278.0,7994.63
33422.0,0.0
32566.0,7593.69
31710.0,6860.91
30854.0,6856.03
29998.0,6932.54
29142.0,7553.16
28286.0,8047.34
27430.0,0.0
26574.0,11500.44
25718.0,9484.33
24862.0,8831.66
24006.0,8516.4
23150.0,8502.87
22294.0,7927.11
21438.0,0.0
20582.0,7218.02
19726.0,6319.42
18870.0,6239.77
18014.0,6633.72
17158.0,7543.27
16302.0,8642.67
15446.0,0.0
14590.0,12885.22
13734.0,9893.86
12878.0,8939.68
12022.0,8632.28
11166.0,8528.35
10310.0,7943.37
9454.0,0.0
8598.0,7620.56
7742.0,6711.39
6886.0,6798.32
6030.0,7100.21
5174.0,7321.99
4318.0,7838.97
3462.0,0.0
2606.0,11253.72
1750.0,9019.41
894.0,8372.55
38.0,8216.95
40271.0,4823.46
39415.0,0.0
38559.0,6503.79
37703.0,5155.75
36847.0,4999.55
35991.0,4858.39
35135.0,4885.83
34279.0,4246.49
33423.0,0.0
32567.0,4224.95
31711.0,3776.72
30855.0,3816.66
29999.0,3863.39
29143.0,4096.18
28287.0,4419.5
27431.0,0.0
26575.0,6336.21
25719.0,5145.5
24863.0,4891.28
24007.0,4844.65
23151.0,4861.54
22295.0,4340.24
21439.0,0.0
20583.0,3678.75
19727.0,3375.77
18871.0,3372.32
18015.0,3490.09
17159.0,4006.39
16303.0,4597.92
15447.0,0.0
14591.0,7161.48
13735.0,5730.45
12879.0,5251.11
12023.0,4994.34
11167.0,4957.05
10311.0,4332.14
9455.0,0.0
8599.0,3966.26
7743.0,3565.82
6887.0,3647.1
6031.0,3754.5
5175.0,3980.74
4319.0,4278.87
3463.0,0.0
2607.0,6341.33
1751.0,5280.23
895.0,4832.53
39.0,4751.1
40272.0,8625.78
39416.0,0.0
38560.0,9952.83
37704.0,8318.14
36848.0,8000.02
35992.0,7921.96
35136.0,7925.17
34280.0,7822.62
33424.0,0.0
32568.0,6871.87
31712.0,6309.06
30856.0,6152.92
30000.0,6371.17
29144.0,6758.16
28288.0,0.0
27432.0,0.0
26576.0,9923.97
25720.0,8312.03
24864.0,7651.78
24008.0,7464.35
23152.0,7300.67
22296.0,7267.73
21440.0,0.0
20584.0,6370.16
19728.0,5729.74
18872.0,5620.09
18016.0,6001.17
17160.0,6911.14
16304.0,7082.76
15448.0,0.0
14592.0,11957.79
13736.0,9140.77
12880.0,8163.59
12024.0,8008.43
11168.0,7931.51
10312.0,7051.73
9456.0,0.0
8600.0,6820.69
7744.0,6244.48
6888.0,6321.94
6032.0,6474.91
5176.0,6757.79
4320.0,6509.96
3464.0,0.0
2608.0,10243.68
1752.0,8286.08
896.0,7813.53
40.0,7597.01
40273.0,6651.02
39417.0,0.0
38561.0,9393.35
37705.0,7610.95
36849.0,7136.96
35993.0,6956.18
35137.0,6878.54
34281.0,6194.91
33425.0,0.0
32569.0,5938.26
31713.0,5491.35
30857.0,5391.44
30001.0,5472.44
29145.0,5763.02
28289.0,0.0
27433.0,0.0
26577.0,9230.94
25721.0,7512.91
24865.0,6853.49
24009.0,6664.94
23153.0,6591.38
22297.0,6451.42
21441.0,0.0
20585.0,5482.07
19729.0,4935.43
18873.0,4841.91
18017.0,5079.23
17161.0,5845.78
16305.0,6596.69
15449.0,0.0
14593.0,11753.52
13737.0,8503.41
12881.0,7421.3
12025.0,7099.21
11169.0,6936.54
10313.0,6375.36
9457.0,0.0
8601.0,5851.55
7745.0,5302.6
6889.0,5242.38
6033.0,5264.75
5177.0,5491.03
4321.0,6059.16
3465.0,0.0
2609.0,9723.4
1753.0,7602.27
897.0,6854.55
41.0,6704.93
40274.0,3216.2
39418.0,0.0
38562.0,7724.26
37706.0,6412.58
36850.0,6061.18
35994.0,5985.96
35138.0,5918.28
34282.0,2957.67
33426.0,0.0
32570.0,5157.47
31714.0,4844.26
30858.0,4819.12
30002.0,4880.12
29146.0,5020.59
28290.0,2931.69
27434.0,0.0
26578.0,7475.77
25722.0,6342.21
24866.0,5855.05
24010.0,5693.69
23154.0,5653.74
22298.0,2820.7
21442.0,0.0
20586.0,5004.29
19730.0,4613.56
18874.0,4386.44
18018.0,4500.88
17162.0,5138.65
16306.0,3141.33
15450.0,0.0
14594.0,8331.96
13738.0,6794.06
12882.0,6096.06
12026.0,5836.83
11170.0,5788.2
10314.0,2839.18
9458.0,0.0
8602.0,5262.69
7746.0,4677.56
6890.0,4523.81
6034.0,4517.63
5178.0,4833.06
4322.0,2816.06
3466.0,0.0
2610.0,7168.43
1754.0,5989.79
898.0,5514.29
42.0,5362.59
40275.0,9308.45
39419.0,0.0
38563.0,11738.07
37707.0,9453.85
36851.0,8897.34
35995.0,8658.44
35139.0,8558.09
34283.0,8631.17
33427.0,0.0
32571.0,7302.44
31715.0,6695.65
30859.0,6676.87
30003.0,6934.48
29147.0,7871.64
28291.0,8323.21
27435.0,0.0
26579.0,11706.23
25723.0,9477.64
24867.0,8789.72
24011.0,8419.91
23155.0,8412.26
22299.0,8101.21
21443.0,0.0
20587.0,7113.57
19731.0,6222.56
18875.0,6043.01
18019.0,6559.13
17163.0,7622.29
16307.0,8971.42
15451.0,0.0
14595.0,13703.96
13739.0,9876.52
12883.0,8884.63
12027.0,8600.92
11171.0,8607.76
10315.0,8345.72
9459.0,0.0
8603.0,7518.89
7747.0,6721.11
6891.0,6662.21
6035.0,6930.17
5179.0,7383.45
4323.0,8280.35
3467.0,0.0
2611.0,11564.09
1755.0,9080.29
899.0,8391.41
43.0,8202.4
40276.0,7069.17
39420.0,0.0
38564.0,10372.56
37708.0,8284.3
36852.0,7797.82
35996.0,7768.12
35140.0,7661.9
34284.0,6329.71
33428.0,0.0
32572.0,7034.37
31716.0,6403.87
30860.0,6110.84
30004.0,6284.9
29148.0,6687.38
28292.0,4557.73
27436.0,0.0
26580.0,10530.81
25724.0,8625.44
24868.0,7974.31
24012.0,7689.17
23156.0,7615.43
22300.0,5727.04
21444.0,0.0
20588.0,6647.95
19732.0,5954.95
18876.0,5735.16
18020.0,6030.78
17164.0,6776.5
16308.0,5925.74
15452.0,0.0
14596.0,12810.88
13740.0,9314.61
12884.0,8302.59
12028.0,7900.19
11172.0,7820.5
10316.0,5718.17
9460.0,0.0
8604.0,7027.65
7748.0,6406.97
6892.0,6323.86
6036.0,6395.05
5180.0,6581.07
4324.0,5202.39
3468.0,0.0
2612.0,10867.77
1756.0,8479.99
900.0,7880.93
44.0,7667.53
40277.0,5186.96
39421.0,0.0
38565.0,8079.23
37709.0,6462.01
36853.0,6233.89
35997.0,5679.76
35141.0,5466.12
34285.0,4694.41
33429.0,0.0
32573.0,5325.48
31717.0,4853.47
30861.0,4775.84
30005.0,4618.64
29149.0,4672.79
28293.0,4809.74
27437.0,0.0
26581.0,8041.8
25725.0,6684.27
24869.0,6178.25
24013.0,5829.44
23157.0,5684.99
22301.0,4628.86
21445.0,0.0
20589.0,5028.06
19733.0,4560.45
18877.0,4361.04
18021.0,4441.59
17165.0,4928.57
16309.0,5170.74
15453.0,0.0
14597.0,9925.07
13741.0,7420.4
12885.0,6556.97
12029.0,6186.96
11173.0,6007.67
10317.0,4802.69
9461.0,0.0
8605.0,5436.03
7749.0,4996.81
6893.0,4862.28
6037.0,4833.67
5181.0,4806.3
4325.0,4741.89
3469.0,0.0
2613.0,8298.0
1757.0,6719.75
901.0,6122.01
45.0,5910.09
40278.0,3809.6
39422.0,0.0
38566.0,8844.49
37710.0,7346.31
36854.0,6613.74
35998.0,6321.12
35142.0,6306.46
34286.0,3511.39
33430.0,0.0
32574.0,5882.8
31718.0,5484.32
30862.0,5458.76
30006.0,5560.97
29150.0,5755.68
28294.0,3639.3
27438.0,0.0
26582.0,8625.26
25726.0,7360.1
24870.0,6778.07
24014.0,6377.84
23158.0,6259.88
22302.0,3434.91
21446.0,0.0
20590.0,5716.99
19734.0,5362.38
18878.0,5174.84
18022.0,5267.03
17166.0,5913.92
16310.0,3813.12
15454.0,0.0
14598.0,9754.76
13742.0,7861.68
12886.0,7015.88
12030.0,6666.63
11174.0,6396.41
10318.0,3531.84
9462.0,0.0
8606.0,5988.4
7750.0,5570.36
6894.0,5371.39
6038.0,5378.74
5182.0,5524.47
4326.0,3572.5
3470.0,0.0
2614.0,8567.55
1758.0,7146.45
902.0,6562.95
46.0,6265.4
40279.0,8122.19
39423.0,0.0
38567.0,9838.11
37711.0,7978.39
36855.0,7918.46
35999.0,7715.1
35143.0,7670.91
34287.0,7491.18
33431.0,0.0
32575.0,6640.37
31719.0,5993.1
30863.0,5909.98
30007.0,6273.81
29151.0,6543.07
28295.0,7371.67
27439.0,0.0
26583.0,9794.8
25727.0,8227.01
24871.0,7986.55
24015.0,7741.42
23159.0,7717.03
22303.0,7388.92
21447.0,0.0
20591.0,6454.11
19735.0,5639.59
18879.0,5665.52
18023.0,6059.85
17167.0,7022.49
16311.0,8342.72
15455.0,0.0
14599.0,11463.38
13743.0,8960.5
12887.0,8184.9
12031.0,8015.7
11175.0,8000.76
10319.0,7344.41
9463.0,0.0
8607.0,6643.81
7751.0,5940.97
6895.0,6018.09
6039.0,6174.8
5183.0,6520.0
4327.0,7236.87
3471.0,0.0
2615.0,9860.34
1759.0,8036.48
903.0,7688.64
47.0,7580.47
40280.0,10980.65
39424.0,0.0
38568.0,15867.24
37712.0,12293.84
36856.0,11563.04
36000.0,11477.29
35144.0,11418.71
34288.0,10081.69
33432.0,0.0
32576.0,9940.86
31720.0,8940.78
30864.0,9052.6
30008.0,9459.56
29152.0,9850.29
28296.0,10112.3
27440.0,0.0
26584.0,14550.49
25728.0,12103.29
24872.0,11352.89
24016.0,11049.43
23160.0,11335.46
22304.0,9867.1
21448.0,0.0
20592.0,9225.2
19736.0,8315.63
18880.0,8215.75
18024.0,8779.45
17168.0,10137.21
16312.0,10737.16
15456.0,0.0
14600.0,18330.44
13744.0,13603.84
12888.0,12198.09
12032.0,11600.19
11176.0,11417.35
10320.0,9872.45
9464.0,0.0
8608.0,9645.52
7752.0,8673.86
6896.0,8604.86
6040.0,8916.52
5184.0,9382.63
4328.0,9687.66
3472.0,0.0
2616.0,15176.63
1760.0,12212.36
904.0,11149.81
48.0,10867.54
40281.0,7063.01
39425.0,0.0
38569.0,9074.73
37713.0,7126.04
36857.0,6778.9
36001.0,6782.23
35145.0,6841.76
34289.0,6328.04
33433.0,0.0
32577.0,5769.41
31721.0,5225.77
30865.0,5163.33
30009.0,5329.35
29153.0,5746.38
28297.0,6591.05
27441.0,0.0
26585.0,9281.64
25729.0,7414.9
24873.0,6854.19
24017.0,6761.79
23161.0,6767.36
22305.0,6306.01
21449.0,0.0
20593.0,5549.74
19737.0,4876.89
18881.0,4797.13
18025.0,5045.76
17169.0,5894.49
16313.0,7061.6
15457.0,0.0
14601.0,10844.58
13745.0,7949.67
12889.0,7172.22
12033.0,7049.34
11177.0,6944.26
10321.0,6339.54
9465.0,0.0
8609.0,5942.05
7753.0,5200.08
6897.0,5192.57
6041.0,5336.96
5185.0,5594.44
4329.0,6449.3
3473.0,0.0
2617.0,9195.77
1761.0,7333.7
905.0,6835.41
49.0,6821.57
40282.0,6654.7
39426.0,0.0
38570.0,12902.95
37714.0,10635.72
36858.0,10120.9
36002.0,9588.03
35146.0,8773.06
34290.0,5839.39
33434.0,0.0
32578.0,8516.35
31722.0,7832.33
30866.0,7676.5
30010.0,7631.73
29154.0,7595.01
28298.0,6168.56
27442.0,0.0
26586.0,12570.17
25730.0,10583.33
24874.0,9713.62
24018.0,9222.04
23162.0,8614.49
22306.0,5950.47
21450.0,0.0
20594.0,8107.77
19738.0,7504.0
18882.0,7257.05
18026.0,7192.83
17170.0,7851.17
16314.0,6688.49
15458.0,0.0
14602.0,14382.27
13746.0,11730.48
12890.0,10677.55
12034.0,10011.0
11178.0,9226.42
10322.0,5920.81
9466.0,0.0
8610.0,8799.73
7754.0,8001.24
6898.0,7775.3
6042.0,7737.14
5186.0,7672.3
4330.0,6005.41
3474.0,0.0
2618.0,12403.1
1762.0,10411.7
906.0,9356.84
50.0,8923.61
40283.0,8449.11
39427.0,0.0
38571.0,11455.36
37715.0,9747.5
36859.0,9221.77
36003.0,8685.04
35147.0,8413.57
34291.0,7875.28
33435.0,0.0
32579.0,7972.81
31723.0,7336.43
30867.0,7093.27
30011.0,7148.25
29155.0,7265.53
28299.0,8039.38
27443.0,0.0
26587.0,11577.01
25731.0,9912.59
24875.0,9288.13
24019.0,8796.49
23163.0,8385.62
22307.0,7482.66
21451.0,0.0
20595.0,7567.4
19739.0,7070.0
18883.0,6841.4
18027.0,6902.21
17171.0,7840.24
16315.0,8890.96
15459.0,0.0
14603.0,14158.78
13747.0,10761.35
12891.0,9778.22
12035.0,9072.62
11179.0,8779.78
10323.0,7855.05
9467.0,0.0
8611.0,8240.95
7755.0,7488.41
6899.0,7308.69
6043.0,7310.92
5187.0,7423.61
4331.0,7922.94
3475.0,0.0
2619.0,11562.46
1763.0,9593.43
907.0,9037.96
51.0,8573.15
40284.0,8168.05
39428.0,0.0
38572.0,12905.18
37716.0,10790.33
36860.0,9970.05
36004.0,9697.7
35148.0,9577.41
34292.0,7415.64
33436.0,0.0
32580.0,8403.86
31724.0,7704.64
30868.0,7556.35
30012.0,7721.69
29156.0,7949.36
28300.0,7247.03
27444.0,0.0
26588.0,12758.89
25732.0,10748.97
24876.0,9761.75
24020.0,9341.71
23164.0,9208.81
22308.0,6901.36
21452.0,0.0
20596.0,7888.75
19740.0,7084.47
18884.0,6895.03
18028.0,7193.98
17172.0,8059.82
16316.0,7837.79
15460.0,0.0
14604.0,15685.92
13748.0,11556.61
12892.0,10417.47
12036.0,9993.38
11180.0,9518.57
10324.0,7207.38
9468.0,0.0
8612.0,8240.02
7756.0,7496.31
6900.0,7428.48
6044.0,7634.22
5188.0,7793.55
4332.0,7388.89
3476.0,0.0
2620.0,12678.74
1764.0,10490.21
908.0,9434.87
52.0,9165.01
40285.0,6189.52
39429.0,0.0
38573.0,9890.97
37717.0,7736.08
36861.0,7154.23
36005.0,6967.66
35149.0,7209.83
34293.0,5358.29
33437.0,0.0
32581.0,6258.62
31725.0,5618.85
30869.0,5615.35
30013.0,5753.4
29157.0,6006.19
28301.0,5406.06
27445.0,0.0
26589.0,9633.42
25733.0,7654.41
24877.0,7025.52
24021.0,6800.8
23165.0,6951.91
22309.0,5138.08
21453.0,0.0
20597.0,5836.43
19741.0,5164.53
18885.0,5014.95
18029.0,5218.93
17173.0,6107.08
16317.0,5722.67
15461.0,0.0
14605.0,11174.33
13749.0,8414.95
12893.0,7345.19
12037.0,7098.2
11181.0,7121.76
10325.0,5367.5
9469.0,0.0
8613.0,6128.9
7757.0,5482.42
6901.0,5378.93
6045.0,5495.49
5189.0,5752.02
4333.0,5397.95
3477.0,0.0
2621.0,9294.74
1765.0,7385.59
909.0,6740.96
53.0,6622.82
40286.0,6471.94
39430.0,0.0
38574.0,12790.79
37718.0,10746.66
36862.0,9816.31
36006.0,9424.3
35150.0,9051.76
34294.0,5858.66
33438.0,0.0
32582.0,7934.08
31726.0,7355.81
30870.0,7279.59
30014.0,7625.76
29158.0,8030.12
28302.0,5749.84
27446.0,0.0
26590.0,13068.37
25734.0,10787.64
24878.0,9903.31
24022.0,9369.06
23166.0,9072.72
22310.0,5343.01
21454.0,0.0
20598.0,7665.76
19742.0,7069.85
18886.0,6914.39
18030.0,7178.02
17174.0,8285.63
16318.0,6036.88
15462.0,0.0
14606.0,15869.12
13750.0,11800.76
12894.0,10612.14
12038.0,10052.41
11182.0,9478.82
10326.0,5499.9
9470.0,0.0
8614.0,8058.25
7758.0,7368.79
6902.0,7214.36
6046.0,7445.78
5190.0,7632.89
4334.0,5349.94
3478.0,0.0
2622.0,13610.99
1766.0,10993.53
910.0,9750.42
54.0,9372.85
40287.0,2540.12
39431.0,0.0
38575.0,6858.16
37719.0,5376.16
36863.0,4808.16
36007.0,4682.39
35151.0,4554.16
34295.0,2292.92
33439.0,0.0
32583.0,4372.99
31727.0,3955.46
30871.0,3716.37
30015.0,3710.81
29159.0,3877.34
28303.0,2061.26
27447.0,0.0
26591.0,6776.99
25735.0,5416.79
24879.0,4899.76
24023.0,4633.06
23167.0,4553.86
22311.0,2170.8
21455.0,0.0
20599.0,3863.99
19743.0,3494.86
18887.0,3282.81
18031.0,3386.82
17175.0,3877.29
16319.0,2342.63
15463.0,0.0
14607.0,8015.49
13751.0,5935.36
12895.0,4998.39
12039.0,4785.14
11183.0,4766.67
10327.0,2273.32
9471.0,0.0
8615.0,4034.3
7759.0,3716.12
6903.0,3582.83
6047.0,3587.18
5191.0,3679.12
4335.0,2168.68
3479.0,0.0
2623.0,6820.67
1767.0,5515.79
911.0,4805.63
55.0,4631.28
40288.0,2784.09
39432.0,0.0
38576.0,6438.56
37720.0,5336.03
36864.0,4771.74
36008.0,4754.28
35152.0,4788.37
34296.0,2655.74
33440.0,0.0
32584.0,4719.27
31728.0,4333.33
30872.0,3973.99
30016.0,3926.65
29160.0,4182.41
28304.0,2615.01
27448.0,0.0
26592.0,6220.97
25736.0,5372.52
24880.0,4894.58
24024.0,4723.46
23168.0,4651.74
22312.0,2571.6
21456.0,0.0
20600.0,4370.89
19744.0,3995.9
18888.0,3700.0
18032.0,3682.71
17176.0,4188.29
16320.0,2752.31
15464.0,0.0
14608.0,6876.72
13752.0,5814.33
12896.0,5164.25
12040.0,4876.64
11184.0,4824.09
10328.0,2625.07
9472.0,0.0
8616.0,4797.23
7760.0,4248.44
6904.0,3992.61
6048.0,3971.47
5192.0,4083.8
4336.0,2547.85
3480.0,0.0
2624.0,6161.2
1768.0,5258.61
912.0,4731.9
56.0,4607.06
40289.0,4251.06
39433.0,0.0
38577.0,8329.32
37721.0,7023.44
36865.0,6443.83
36009.0,5931.8
35153.0,5750.6
34297.0,3850.07
33441.0,0.0
32585.0,5359.96
31729.0,5020.73
30873.0,4954.05
30017.0,4920.48
29161.0,5047.06
28305.0,4034.43
27449.0,0.0
26593.0,8148.02
25737.0,6756.99
24881.0,6273.92
24025.0,5890.57
23169.0,5727.53
22313.0,3679.33
21457.0,0.0
20601.0,5093.49
19745.0,4716.79
18889.0,4583.01
18033.0,4648.97
17177.0,5430.64
16321.0,4274.19
15465.0,0.0
14609.0,9361.95
13753.0,7584.65
12897.0,6714.09
12041.0,6272.94
11185.0,6070.96
10329.0,3865.59
9473.0,0.0
8617.0,5453.42
7761.0,5021.79
6905.0,4853.45
6049.0,4900.29
5193.0,5024.49
4337.0,3935.49
3481.0,0.0
2625.0,8087.04
1769.0,6638.99
913.0,6074.97
57.0,5865.01
40290.0,6689.45
39434.0,0.0
38578.0,9074.85
37722.0,7220.02
36866.0,6993.52
36010.0,6901.73
35154.0,6867.8
34298.0,6164.85
33442.0,0.0
32586.0,6186.57
31730.0,5463.45
30874.0,5473.3
30018.0,5649.9
29162.0,6150.46
28306.0,6297.84
27450.0,0.0
26594.0,9069.26
25738.0,7229.18
24882.0,6879.57
24026.0,6847.57
23170.0,6852.94
22314.0,6027.24
21458.0,0.0
20602.0,6136.7
19746.0,5262.75
18890.0,5102.72
18034.0,5325.81
17178.0,6164.84
16322.0,6899.41
15466.0,0.0
14610.0,10019.64
13754.0,7788.33
12898.0,7177.28
12042.0,7069.34
11186.0,6999.59
10330.0,6105.05
9474.0,0.0
8618.0,6086.08
7762.0,5362.48
6906.0,5312.12
6050.0,5515.54
5194.0,5837.18
4338.0,6229.22
3482.0,0.0
2626.0,8753.51
1770.0,6841.02
914.0,6589.36
58.0,6605.75
40291.0,8881.72
39435.0,0.0
38579.0,13740.27
37723.0,11075.45
36867.0,10228.47
36011.0,10478.09
35155.0,10700.1
34299.0,8374.55
33443.0,0.0
32587.0,9269.18
31731.0,8293.8
30875.0,7809.56
30019.0,8227.33
29163.0,8617.66
28307.0,6128.15
27451.0,0.0
26595.0,13405.19
25739.0,10881.93
24883.0,9854.01
24027.0,9769.31
23171.0,9735.42
22315.0,7069.46
21459.0,0.0
20603.0,8615.06
19747.0,7465.62
18891.0,7157.04
18035.0,7458.77
17179.0,8474.09
16323.0,7474.78
15467.0,0.0
14611.0,14916.49
13755.0,11608.85
12899.0,10579.84
12043.0,10233.34
11187.0,10012.02
10331.0,7327.64
9475.0,0.0
8619.0,8753.51
7763.0,7765.66
6907.0,7713.06
6051.0,7955.24
5195.0,8206.56
4339.0,7066.7
3483.0,0.0
2627.0,13210.81
1771.0,10530.48
915.0,9450.48
59.0,9382.53
40292.0,8134.85
39436.0,0.0
38580.0,11144.59
37724.0,8605.96
36868.0,8192.96
36012.0,7868.45
35156.0,8041.59
34300.0,7369.19
33444.0,0.0
32588.0,7169.49
31732.0,6517.63
30876.0,6317.95
30020.0,6405.4
29164.0,7204.14
28308.0,7145.29
27452.0,0.0
26596.0,11127.77
25740.0,8910.25
24884.0,8376.55
24028.0,8021.34
23172.0,7985.43
22316.0,7128.23
21460.0,0.0
20604.0,6881.67
19748.0,5916.27
18892.0,5828.36
18036.0,6148.15
17180.0,7296.1
16324.0,7806.46
15468.0,0.0
14612.0,13622.78
13756.0,9612.03
12900.0,8577.9
12044.0,8169.99
11188.0,8115.95
10332.0,7212.53
9476.0,0.0
8620.0,7111.74
7764.0,6327.36
6908.0,6303.14
6052.0,6461.78
5196.0,6882.26
4340.0,7118.09
3484.0,0.0
2628.0,11333.21
1772.0,8761.42
916.0,8040.28
60.0,7780.12
40293.0,4698.25
39437.0,0.0
38581.0,8657.41
37725.0,6908.42
36869.0,6268.76
36013.0,5908.19
35157.0,5984.29
34301.0,4249.22
33445.0,0.0
32589.0,5812.75
31733.0,5271.72
30877.0,4994.29
30021.0,4941.49
29165.0,5128.09
28309.0,4349.43
27453.0,0.0
26597.0,8393.02
25741.0,6936.57
24885.0,6263.1
24029.0,5983.86
23173.0,5981.1
22317.0,4151.25
21461.0,0.0
20605.0,5268.68
19749.0,4799.94
18893.0,4564.5
18037.0,4611.95
17181.0,5228.63
16325.0,4808.27
15469.0,0.0
14613.0,9361.76
13757.0,7548.63
12901.0,6603.38
12045.0,6201.62
11189.0,6128.6
10333.0,4229.27
9477.0,0.0
8621.0,5796.4
7765.0,5203.51
6909.0,4957.3
6053.0,4957.83
5197.0,5049.47
4341.0,4271.74
3485.0,0.0
2629.0,8192.77
1773.0,6692.44
917.0,6091.54
61.0,5894.51
40294.0,8879.39
39438.0,0.0
38582.0,10921.43
37726.0,8456.78
36870.0,8289.29
36014.0,8206.15
35158.0,8329.11
34302.0,8650.84
33446.0,0.0
32590.0,7433.68
31734.0,6642.43
30878.0,6465.11
30022.0,6735.01
29166.0,7254.81
28310.0,8257.34
27454.0,0.0
26598.0,11025.07
25742.0,9079.64
24886.0,8488.0
24030.0,8307.98
23174.0,8369.06
22318.0,8363.0
21462.0,0.0
20606.0,6971.88
19750.0,6061.86
18894.0,5925.9
18038.0,6218.74
17182.0,7196.49
16326.0,8749.58
15470.0,0.0
14614.0,12187.32
13758.0,9545.23
12902.0,8643.43
12046.0,8353.52
11190.0,8313.78
10334.0,8240.86
9478.0,0.0
8622.0,7341.71
7766.0,6415.82
6910.0,6478.24
6054.0,6743.79
5198.0,7094.33
4342.0,8202.04
3486.0,0.0
2630.0,10664.75
1774.0,8614.46
918.0,8093.37
62.0,7955.38
40295.0,9141.92
39439.0,0.0
38583.0,10043.02
37727.0,8534.16
36871.0,8045.65
36015.0,7458.65
35159.0,7595.89
34303.0,8735.9
33447.0,0.0
32591.0,7259.59
31735.0,6783.99
30879.0,6325.8
30023.0,6303.2
29167.0,6596.17
28311.0,0.0
27455.0,0.0
26599.0,10000.93
25743.0,8379.28
24887.0,7565.05
24031.0,7029.39
23175.0,7000.19
22319.0,7609.69
21463.0,0.0
20607.0,6627.66
19751.0,5956.12
18895.0,5643.49
18039.0,5859.89
17183.0,6667.58
16327.0,7258.1
15471.0,0.0
14615.0,11664.94
13759.0,9091.41
12903.0,7940.35
12047.0,7580.56
11191.0,7491.95
10335.0,7394.83
9479.0,0.0
8623.0,7051.14
7767.0,6474.85
6911.0,6276.46
6055.0,6279.3
5199.0,6423.35
4343.0,6677.33
3487.0,0.0
2631.0,10132.17
1775.0,8345.14
919.0,7586.86
63.0,7365.82
40296.0,5482.86
39440.0,0.0
38584.0,12804.55
37728.0,10802.55
36872.0,10120.64
36016.0,9953.89
35160.0,9594.5
34304.0,5136.89
33448.0,0.0
32592.0,8094.96
31736.0,7532.65
30880.0,7495.46
30024.0,7737.75
29168.0,8002.42
28312.0,5000.38
27456.0,0.0
26600.0,12946.05
25744.0,10863.37
24888.0,9984.97
24032.0,9563.8
23176.0,9282.59
22320.0,4742.61
21464.0,0.0
20608.0,7706.94
19752.0,7169.22
18896.0,6940.11
18040.0,7233.86
17184.0,8259.54
16328.0,5194.85
15472.0,0.0
14616.0,15883.48
13760.0,11821.52
12904.0,10620.32
12048.0,10157.39
11192.0,9515.71
10336.0,4935.78
9480.0,0.0
8624.0,8070.3
7768.0,7440.79
6912.0,7345.98
6056.0,7540.42
5200.0,7666.41
4344.0,4737.36
3488.0,0.0
2632.0,13582.35
1776.0,11066.52
920.0,9813.3
64.0,9534.23
40297.0,3046.59
39441.0,0.0
38585.0,4943.21
37729.0,4076.76
36873.0,3729.82
36017.0,3586.41
35161.0,3724.42
34305.0,2571.81
33449.0,0.0
32593.0,3532.33
31737.0,3080.98
30881.0,3080.54
30025.0,3102.07
29169.0,3212.2
28313.0,2677.37
27457.0,0.0
26601.0,5043.77
25745.0,4286.6
24889.0,3881.41
24033.0,3677.22
23177.0,3776.59
22321.0,2534.95
21465.0,0.0
20609.0,3425.79
19753.0,3027.71
18897.0,2920.64
18041.0,2942.32
17185.0,3346.52
16329.0,2799.07
15473.0,0.0
14617.0,5636.68
13761.0,4673.26
12905.0,4253.43
12049.0,3951.92
11193.0,3976.35
10337.0,2595.55
9481.0,0.0
8625.0,3564.58
7769.0,3274.6
6913.0,3073.08
6057.0,3129.48
5201.0,3188.98
4345.0,2606.3
3489.0,0.0
2633.0,4991.09
1777.0,4335.2
921.0,3946.72
65.0,3811.47
40298.0,11861.98
39442.0,0.0
38586.0,17318.08
37730.0,15420.06
36874.0,14664.23
36018.0,13355.97
35162.0,12716.18
34306.0,10133.04
33450.0,0.0
32594.0,12212.23
31738.0,11173.42
30882.0,11075.78
30026.0,10954.62
29170.0,11314.51
28314.0,10354.27
27458.0,0.0
26602.0,16152.53
25746.0,14317.0
24890.0,13680.97
24034.0,12783.01
23178.0,12405.99
22322.0,9920.11
21466.0,0.0
20610.0,11392.2
19754.0,11110.13
18898.0,10864.69
18042.0,10578.88
17186.0,11951.28
16330.0,11423.53
15474.0,0.0
14618.0,18587.73
13762.0,15553.23
12906.0,14524.49
12050.0,13461.66
11194.0,12769.49
10338.0,10256.18
9482.0,0.0
8626.0,12075.11
7770.0,11060.4
6914.0,10856.57
6058.0,10539.77
5202.0,10724.21
4346.0,10344.49
3490.0,0.0
2634.0,16580.09
1778.0,13911.81
922.0,12722.83
66.0,12095.43
40299.0,2924.54
39443.0,0.0
38587.0,5921.86
37731.0,4925.3
36875.0,4641.85
36019.0,4408.68
35163.0,4325.07
34307.0,2675.7
33451.0,0.0
32595.0,3932.33
31739.0,3620.55
30883.0,3636.69
30027.0,3589.51
29171.0,3756.74
28315.0,2834.28
27459.0,0.0
26603.0,5863.08
25747.0,5010.75
24891.0,4664.96
24035.0,4407.06
23179.0,4362.17
22323.0,2561.36
21467.0,0.0
20611.0,3631.96
19755.0,3372.9
18899.0,3238.46
18043.0,3335.54
17187.0,4027.82
16331.0,2945.03
15475.0,0.0
14619.0,7176.59
13763.0,5544.15
12907.0,4866.3
12051.0,4637.77
11195.0,4542.08
10339.0,2734.62
9483.0,0.0
8627.0,3782.42
7771.0,3532.62
6915.0,3451.65
6059.0,3463.0
5203.0,3572.49
4347.0,2751.21
3491.0,0.0
2635.0,6144.91
1779.0,5154.35
923.0,4501.1
67.0,4315.34
40300.0,4930.15
39444.0,0.0
38588.0,8547.37
37732.0,7092.93
36876.0,6466.62
36020.0,6350.27
35164.0,6305.93
34308.0,4481.63
33452.0,0.0
32596.0,5938.83
31740.0,5430.03
30884.0,5197.28
30028.0,5241.0
29172.0,5460.01
28316.0,0.0
27460.0,0.0
26604.0,8335.75
25748.0,6939.29
24892.0,6141.81
24036.0,5967.17
23180.0,5793.21
22324.0,4973.62
21468.0,0.0
20612.0,5263.99
19756.0,4845.37
18900.0,4632.1
18044.0,4836.83
17188.0,5353.23
16332.0,4938.23
15476.0,0.0
14620.0,9663.49
13764.0,7506.62
12908.0,6601.79
12052.0,6320.01
11196.0,6168.09
10340.0,4779.46
9484.0,0.0
8628.0,5881.59
7772.0,5228.96
6916.0,5006.28
6060.0,5047.11
5204.0,5224.77
4348.0,4417.12
3492.0,0.0
2636.0,8334.1
1780.0,6879.39
924.0,6251.84
68.0,5995.7
40301.0,6902.48
39445.0,0.0
38589.0,11804.96
37733.0,10024.75
36877.0,9033.51
36021.0,8459.75
35165.0,8427.72
34309.0,6348.58
33453.0,0.0
32597.0,7817.24
31741.0,7308.89
30885.0,7100.94
30029.0,7173.37
29173.0,7324.71
28317.0,6569.76
27461.0,0.0
26605.0,11509.32
25749.0,9647.55
24893.0,9052.38
24037.0,8538.0
23181.0,8314.12
22325.0,5973.38
21469.0,0.0
20613.0,7609.58
19757.0,7094.12
18901.0,6930.08
18045.0,6990.6
17189.0,7901.73
16333.0,6791.75
15477.0,0.0
14621.0,13222.44
13765.0,10825.39
12909.0,9862.62
12053.0,9173.14
11197.0,8688.76
10341.0,6271.16
9485.0,0.0
8629.0,8112.68
7773.0,7375.61
6917.0,7232.38
6061.0,7268.8
5205.0,7299.44
4349.0,6252.83
3493.0,0.0
2637.0,11453.22
1781.0,9570.78
925.0,8663.76
69.0,8448.56
40302.0,4181.71
39446.0,0.0
38590.0,7153.45
37734.0,5568.28
36878.0,5223.1
36022.0,5055.71
35166.0,5161.17
34310.0,4068.96
33454.0,0.0
32598.0,4496.55
31742.0,4035.61
30886.0,3921.35
30030.0,3943.11
29174.0,4236.76
28318.0,3815.86
27462.0,0.0
26606.0,7079.13
25750.0,5629.93
24894.0,5147.93
24038.0,5081.65
23182.0,5116.85
22326.0,4009.74
21470.0,0.0
20614.0,4045.26
19758.0,3699.22
18902.0,3577.13
18046.0,3722.86
17190.0,4331.35
16334.0,4352.85
15478.0,0.0
14622.0,8443.05
13766.0,6130.37
12910.0,5399.11
12054.0,5188.03
11198.0,5152.27
10342.0,4105.2
9486.0,0.0
8630.0,4508.43
7774.0,3922.3
6918.0,3860.22
6062.0,3928.16
5206.0,4127.59
4350.0,4084.64
3494.0,0.0
2638.0,7074.43
1782.0,5681.66
926.0,5157.65
70.0,5021.96
40303.0,5421.49
39447.0,0.0
38591.0,8939.58
37735.0,7165.38
36879.0,6570.83
36023.0,6409.32
35167.0,6319.45
34311.0,5162.1
33455.0,0.0
32599.0,5453.29
31743.0,4976.95
30887.0,4840.73
30031.0,4948.0
29175.0,5375.26
28319.0,5372.33
27463.0,0.0
26607.0,8480.93
25751.0,7102.52
24895.0,6628.82
24039.0,6342.97
23183.0,6328.55
22327.0,5162.57
21471.0,0.0
20615.0,5091.61
19759.0,4513.49
18903.0,4418.11
18047.0,4666.33
17191.0,5616.2
16335.0,5900.37
15479.0,0.0
14623.0,9563.54
13767.0,7753.76
12911.0,6895.26
12055.0,6649.01
11199.0,6380.96
10343.0,5422.84
9487.0,0.0
8631.0,5333.82
7775.0,4756.71
6919.0,4697.06
6063.0,4787.74
5207.0,5115.27
4351.0,5345.66
3495.0,0.0
2639.0,8444.63
1783.0,7018.39
927.0,6401.95
71.0,6217.61
40304.0,2986.89
39448.0,0.0
38592.0,8297.06
37736.0,6722.85
36880.0,6143.13
36024.0,5911.09
35168.0,5977.33
34312.0,2748.82
33456.0,0.0
32600.0,5270.21
31744.0,4796.23
30888.0,4764.77
30032.0,4940.4
29176.0,5316.54
28320.0,2606.09
27464.0,0.0
26608.0,8196.43
25752.0,6750.16
24896.0,6183.32
24040.0,5894.38
23184.0,5947.26
22328.0,2571.2
21472.0,0.0
20616.0,4864.55
19760.0,4540.46
18904.0,4406.66
18048.0,4675.07
17192.0,5552.49
16336.0,2818.39
15480.0,0.0
14624.0,9920.31
13768.0,7534.36
12912.0,6562.23
12056.0,6293.01
11200.0,6227.78
10344.0,2566.48
9488.0,0.0
8632.0,5292.98
7776.0,4833.59
6920.0,4730.43
6064.0,4816.49
5208.0,5125.97
4352.0,2545.53
3496.0,0.0
2640.0,8518.68
1784.0,6904.85
928.0,6101.21
72.0,5966.17
40305.0,6040.41
39449.0,0.0
38593.0,10704.61
37737.0,8262.8
36881.0,7869.69
36025.0,7658.64
35169.0,7639.75
34313.0,5592.92
33457.0,0.0
32601.0,6889.24
31745.0,6176.19
30889.0,6074.52
30033.0,6191.91
29177.0,6762.6
28321.0,5601.16
27465.0,0.0
26609.0,10049.74
25753.0,8145.35
24897.0,7774.84
24041.0,7423.18
23185.0,7404.98
22329.0,5356.95
21473.0,0.0
20617.0,6288.68
19761.0,5662.35
18905.0,5628.39
18049.0,5793.84
17193.0,6902.15
16337.0,5829.0
15481.0,0.0
14625.0,11445.29
13769.0,8796.01
12913.0,7901.63
12057.0,7689.15
11201.0,7721.29
10345.0,5452.51
9489.0,0.0
8633.0,6497.86
7777.0,5938.64
6921.0,6020.58
6065.0,6185.66
5209.0,6571.86
4353.0,5487.83
3497.0,0.0
2641.0,9759.88
1785.0,7679.75
929.0,7190.77
73.0,7161.48
40306.0,5865.98
39450.0,0.0
38594.0,7713.8
37738.0,6017.75
36882.0,5862.83
36026.0,5996.37
35170.0,6055.37
34314.0,5372.81
33458.0,0.0
32602.0,5112.55
31746.0,4543.61
30890.0,4601.16
30034.0,4857.56
29178.0,5315.65
28322.0,5439.86
27466.0,0.0
26610.0,7620.53
25754.0,6205.96
24898.0,5892.67
24042.0,5860.02
23186.0,6048.36
22330.0,5427.68
21474.0,0.0
20618.0,4986.92
19762.0,4393.4
18906.0,4284.28
18050.0,4601.32
17194.0,5658.08
16338.0,6149.3
15482.0,0.0
14626.0,9221.1
13770.0,6923.63
12914.0,6249.69
12058.0,6211.73
11202.0,6282.66
10346.0,5448.17
9490.0,0.0
8634.0,5262.38
7778.0,4642.15
6922.0,4635.31
6066.0,4874.39
5210.0,5305.45
4354.0,5573.68
3498.0,0.0
2642.0,7820.74
1786.0,6275.31
930.0,5924.5
74.0,5915.03
40307.0,5863.29
39451.0,0.0
38595.0,8304.54
37739.0,6207.53
36883.0,6081.69
36027.0,5792.01
35171.0,5786.64
34315.0,5490.66
33459.0,0.0
32603.0,5133.79
31747.0,4571.75
30891.0,4488.79
30035.0,4530.7
29179.0,4890.62
28323.0,0.0
27467.0,0.0
26611.0,7809.44
25755.0,5999.11
24899.0,5441.97
24043.0,5366.18
23187.0,5354.97
22331.0,5244.88
21475.0,0.0
20619.0,4515.54
19763.0,3992.35
18907.0,3912.16
18051.0,4050.92
17195.0,4848.03
16339.0,5224.89
15483.0,0.0
14627.0,9649.76
13771.0,6913.9
12915.0,6035.85
12059.0,5857.68
11203.0,5808.15
10347.0,5302.55
9491.0,0.0
8635.0,5024.68
7779.0,4335.44
6923.0,4283.02
6067.0,4401.4
5211.0,4643.57
4355.0,4957.69
3499.0,0.0
2643.0,8012.89
1787.0,6291.52
931.0,5629.62
75.0,5559.12
40308.0,9092.11
39452.0,0.0
38596.0,12230.35
37740.0,9372.58
36884.0,9011.02
36028.0,8965.93
35172.0,8693.11
34316.0,8367.34
33460.0,0.0
32604.0,7666.01
31748.0,7004.24
30892.0,7017.15
30036.0,7152.41
29180.0,7677.87
28324.0,0.0
27468.0,0.0
26612.0,11670.45
25756.0,9282.97
24900.0,8448.79
24044.0,8396.27
23188.0,8137.93
22332.0,7804.11
21476.0,0.0
20620.0,6986.44
19764.0,6206.59
18908.0,6026.75
18052.0,6473.81
17196.0,7340.14
16340.0,7689.08
15484.0,0.0
14628.0,12831.22
13772.0,9787.22
12916.0,8924.5
12060.0,8570.5
11204.0,8448.37
10348.0,7820.55
9492.0,0.0
8636.0,7388.33
7780.0,6603.79
6924.0,6709.61
6068.0,7052.37
5212.0,7274.37
4356.0,7267.81
3500.0,0.0
2644.0,11333.69
1788.0,8934.76
932.0,8264.35
76.0,8175.57
40309.0,7645.01
39453.0,0.0
38597.0,11074.89
37741.0,8566.21
36885.0,8347.3
36029.0,7982.25
35173.0,7972.74
34317.0,6888.54
33461.0,0.0
32605.0,7173.5
31749.0,6359.48
30893.0,6179.2
30037.0,6450.84
29181.0,6959.06
28325.0,7058.19
27469.0,0.0
26613.0,11038.21
25757.0,8909.12
24901.0,8354.3
24045.0,7998.75
23189.0,7969.24
22333.0,6724.06
21477.0,0.0
20621.0,6802.17
19765.0,6010.11
18909.0,5850.11
18053.0,6181.41
17197.0,7348.72
16341.0,7655.89
15485.0,0.0
14629.0,13492.48
13773.0,9544.74
12917.0,8633.45
12061.0,8271.92
11205.0,8262.87
10349.0,6955.11
9493.0,0.0
8637.0,7182.3
7781.0,6314.53
6925.0,6350.2
6069.0,6520.13
5213.0,6933.5
4357.0,6949.97
3501.0,0.0
2645.0,11108.82
1789.0,8729.15
933.0,8111.7
77.0,7878.16
40310.0,4987.94
39454.0,0.0
38598.0,10002.15
37742.0,8347.0
36886.0,7528.13
36030.0,7028.05
35174.0,6971.41
34318.0,4620.94
33462.0,0.0
32606.0,6073.3
31750.0,5695.42
30894.0,5597.43
30038.0,5749.75
29182.0,5727.27
28326.0,4616.5
27470.0,0.0
26614.0,9719.24
25758.0,8099.84
24902.0,7342.31
24046.0,6933.33
23190.0,6738.05
22334.0,4277.87
21478.0,0.0
20622.0,5821.43
19766.0,5425.72
18910.0,5170.39
18054.0,5395.84
17198.0,6329.36
16342.0,4936.99
15486.0,0.0
14630.0,12766.72
13774.0,9307.19
12918.0,8024.62
12062.0,7524.26
11206.0,7183.99
10350.0,4518.71
9494.0,0.0
8638.0,6137.41
7782.0,5686.91
6926.0,5548.79
6070.0,5598.58
5214.0,5699.87
4358.0,4459.1
3502.0,0.0
2646.0,10045.67
1790.0,8075.91
934.0,7162.3
78.0,6928.15
40311.0,3758.56
39455.0,0.0
38599.0,7551.41
37743.0,6002.17
36887.0,5742.54
36031.0,5698.57
35175.0,5520.77
34319.0,3333.36
33463.0,0.0
32607.0,4945.57
31751.0,4613.41
30895.0,4371.67
30039.0,4326.11
29183.0,4461.87
28327.0,3211.74
27471.0,0.0
26615.0,7374.19
25759.0,5959.74
24903.0,5416.23
24047.0,5395.64
23191.0,5338.83
22335.0,3178.34
21479.0,0.0
20623.0,4574.86
19767.0,4188.39
18911.0,3986.65
18055.0,4114.81
17199.0,4716.47
16343.0,3538.2
15487.0,0.0
14631.0,8392.79
13775.0,6333.33
12919.0,5614.12
12063.0,5439.56
11207.0,5475.21
10351.0,3249.15
9495.0,0.0
8639.0,5034.32
7783.0,4448.27
6927.0,4323.58
6071.0,4313.02
5215.0,4460.02
4359.0,3231.66
3503.0,0.0
2647.0,7156.43
1791.0,5856.2
935.0,5252.62
79.0,5160.45
40312.0,8606.93
39456.0,0.0
38600.0,10241.54
37744.0,8695.74
36888.0,7989.52
36032.0,7711.68
35176.0,7654.41
34320.0,7677.88
33464.0,0.0
32608.0,7544.6
31752.0,6842.15
30896.0,6438.96
30040.0,6367.87
29184.0,6583.53
28328.0,7323.85
27472.0,0.0
26616.0,10513.67
25760.0,8963.93
24904.0,8267.0
24048.0,7853.57
23192.0,7629.98
22336.0,6963.48
21480.0,0.0
20624.0,7091.13
19768.0,6420.08
18912.0,6146.73
18056.0,6261.48
17200.0,6944.41
16344.0,7437.55
15488.0,0.0
14632.0,11955.09
13776.0,9837.26
12920.0,8803.18
12064.0,8263.9
11208.0,8003.04
10352.0,7107.8
9496.0,0.0
8640.0,7771.34
7784.0,7112.52
6928.0,6743.9
6072.0,6696.7
5216.0,6771.14
4360.0,6856.12
3504.0,0.0
2648.0,10582.43
1792.0,8829.13
936.0,8249.6
80.0,7950.11
40313.0,13414.41
39457.0,0.0
38601.0,17334.84
37745.0,14135.75
36889.0,13246.63
36033.0,12844.53
35177.0,12530.51
34321.0,12255.64
33465.0,0.0
32609.0,12140.93
31753.0,10546.47
30897.0,10627.27
30041.0,10532.71
29185.0,11330.43
28329.0,0.0
27473.0,0.0
26617.0,16066.91
25761.0,13452.31
24905.0,12523.36
24049.0,12032.94
23193.0,12073.78
22337.0,11104.99
21481.0,0.0
20625.0,10591.7
19769.0,9557.91
18913.0,9654.08
18057.0,9944.79
17201.0,11291.18
16345.0,11924.65
15489.0,0.0
14633.0,18317.89
13777.0,14543.77
12921.0,13546.81
12065.0,12742.71
11209.0,12423.8
10353.0,11487.27
9497.0,0.0
8641.0,11213.52
7785.0,10083.6
6929.0,9969.33
6073.0,10097.11
5217.0,10394.39
4361.0,10734.81
3505.0,0.0
2649.0,16428.09
1793.0,13014.58
937.0,11970.01
81.0,11595.42
40314.0,5768.31
39458.0,0.0
38602.0,8577.51
37746.0,7359.81
36890.0,6740.9
36034.0,6543.68
35178.0,6823.08
34322.0,5138.29
33466.0,0.0
32610.0,6169.19
31754.0,5555.96
30898.0,5354.01
30042.0,5407.32
29186.0,5846.9
28330.0,5264.21
27474.0,0.0
26618.0,8638.98
25762.0,7284.61
24906.0,6719.51
24050.0,6541.51
23194.0,6540.69
22338.0,5089.29
21482.0,0.0
20626.0,6050.44
19770.0,5359.42
18914.0,5099.91
18058.0,5228.29
17202.0,6020.92
16346.0,5614.58
15490.0,0.0
14634.0,9859.89
13778.0,7945.74
12922.0,7273.02
12066.0,6840.17
11210.0,6822.03
10354.0,5142.42
9498.0,0.0
8642.0,6273.15
7786.0,5771.6
6930.0,5531.32
6074.0,5479.28
5218.0,5669.05
4362.0,5142.33
3506.0,0.0
2650.0,8684.02
1794.0,7070.42
938.0,6562.05
82.0,6373.37
40315.0,3472.0
39459.0,0.0
38603.0,7612.69
37747.0,6142.73
36891.0,5706.6
36035.0,5538.85
35179.0,5444.75
34323.0,3006.88
33467.0,0.0
32611.0,5045.31
31755.0,4738.93
30899.0,4598.5
30043.0,4628.71
29187.0,4697.57
28331.0,3000.35
27475.0,0.0
26619.0,7223.31
25763.0,5882.73
24907.0,5383.75
24051.0,5382.16
23195.0,5334.88
22339.0,2970.91
21483.0,0.0
20627.0,4888.71
19771.0,4409.99
18915.0,4148.82
18059.0,4286.32
17203.0,4895.13
16347.0,3280.83
15491.0,0.0
14635.0,8118.31
13779.0,6303.29
12923.0,5625.89
12067.0,5371.09
11211.0,5271.24
10355.0,3011.43
9499.0,0.0
8643.0,5084.13
7787.0,4450.2
6931.0,4296.14
6075.0,4326.73
5219.0,4504.43
4363.0,2950.48
3507.0,0.0
2651.0,6761.8
1795.0,5511.84
939.0,5066.69
83.0,5019.83
40316.0,7253.19
39460.0,0.0
38604.0,9615.09
37748.0,7554.34
36892.0,7230.28
36036.0,7335.44
35180.0,7173.68
34324.0,6342.81
33468.0,0.0
32612.0,6225.99
31756.0,5549.93
30900.0,5556.64
30044.0,5766.82
29188.0,6478.56
28332.0,6419.0
27476.0,0.0
26620.0,9805.9
25764.0,7750.01
24908.0,7240.12
24052.0,7227.56
23196.0,7209.3
22340.0,6038.64
21484.0,0.0
20628.0,5947.52
19772.0,5187.24
18916.0,5159.94
18060.0,5323.97
17204.0,6257.42
16348.0,6702.33
15492.0,0.0
14636.0,11629.96
13780.0,8390.77
12924.0,7494.04
12068.0,7378.23
11212.0,7300.77
10356.0,6124.96
9500.0,0.0
8644.0,6178.18
7788.0,5537.43
6932.0,5578.64
6076.0,5700.79
5220.0,6077.99
4364.0,6259.49
3508.0,0.0
2652.0,9786.64
1796.0,7643.57
940.0,7030.96
84.0,6983.63
40317.0,6315.99
39461.0,0.0
38605.0,8488.01
37749.0,7223.66
36893.0,6756.85
36037.0,6745.21
35181.0,6677.09
34325.0,5424.84
33469.0,0.0
32613.0,6277.85
31757.0,5678.82
30901.0,5366.93
30045.0,5365.16
29189.0,5491.48
28333.0,5267.62
27477.0,0.0
26621.0,9028.52
25765.0,7495.86
24909.0,6900.39
24053.0,6800.37
23197.0,6538.62
22341.0,5076.41
21485.0,0.0
20629.0,6031.75
19773.0,5368.25
18917.0,5122.9
18061.0,5190.38
17205.0,5738.37
16349.0,5499.59
15493.0,0.0
14637.0,9829.0
13781.0,8022.89
12925.0,7199.74
12069.0,7011.08
11213.0,6746.67
10357.0,5186.0
9501.0,0.0
8645.0,6470.87
7789.0,5861.24
6933.0,5632.69
6077.0,5563.87
5221.0,5564.61
4365.0,5084.34
3509.0,0.0
2653.0,8802.59
1797.0,7279.0
941.0,6766.59
85.0,6577.94
40318.0,6736.61
39462.0,0.0
38606.0,8070.47
37750.0,6451.46
36894.0,6253.44
36038.0,6259.44
35182.0,6382.7
34326.0,6230.11
33470.0,0.0
32614.0,5692.94
31758.0,5020.63
30902.0,5035.7
30046.0,5231.67
29190.0,5543.69
28334.0,0.0
27478.0,0.0
26622.0,7972.89
25766.0,6187.74
24910.0,5749.3
24054.0,5740.86
23198.0,5778.17
22342.0,5874.93
21486.0,0.0
20630.0,5100.87
19774.0,4453.5
18918.0,4410.08
18062.0,4691.51
17206.0,5546.63
16350.0,5410.08
15494.0,0.0
14638.0,8959.74
13782.0,6878.51
12926.0,6247.23
12070.0,6097.68
11214.0,6180.11
10358.0,5656.26
9502.0,0.0
8646.0,5461.4
7790.0,4735.07
6934.0,4749.15
6078.0,4949.4
5222.0,5347.19
4366.0,5335.04
3510.0,0.0
2654.0,7952.77
1798.0,6295.68
942.0,5834.55
86.0,5772.96
40319.0,10767.14
39463.0,0.0
38607.0,11730.6
37751.0,9294.71
36895.0,8832.72
36039.0,8496.49
35183.0,8396.54
34327.0,9333.03
33471.0,0.0
32615.0,7768.16
31759.0,7114.77
30903.0,7012.07
30047.0,7212.15
29191.0,7793.22
28335.0,0.0
27479.0,0.0
26623.0,11538.96
25767.0,9205.9
24911.0,8365.59
24055.0,8044.23
23199.0,7877.96
22343.0,8169.73
21487.0,0.0
20631.0,7177.02
19775.0,6385.38
18919.0,6154.17
18063.0,6538.62
17207.0,7513.71
16351.0,8489.13
15495.0,0.0
14639.0,13423.0
13783.0,9787.45
12927.0,8761.61
12071.0,8402.67
11215.0,8244.9
10359.0,8388.6
9503.0,0.0
8647.0,7561.78
7791.0,6797.74
6935.0,6861.33
6079.0,7158.36
5223.0,7377.24
4367.0,7775.0
3511.0,0.0
2655.0,11567.69
1799.0,9098.99
943.0,8364.68
87.0,8206.0
40320.0,2160.77
39464.0,0.0
38608.0,4988.99
37752.0,4270.01
36896.0,3807.01
36040.0,3735.66
35184.0,3765.88
34328.0,1960.21
33472.0,0.0
32616.0,3494.55
31760.0,3147.65
30904.0,3053.42
30048.0,3134.47
29192.0,3322.29
28336.0,2029.3
27480.0,0.0
26624.0,4864.48
25768.0,4175.75
24912.0,3834.2
24056.0,3736.85
23200.0,3790.01
22344.0,1795.1
21488.0,0.0
20632.0,3282.19
19776.0,2965.8
18920.0,2855.62
18064.0,2984.86
17208.0,3481.86
16352.0,2107.56
15496.0,0.0
14640.0,5580.5
13784.0,4535.98
12928.0,4132.6
12072.0,4004.68
11216.0,3987.87
10360.0,2004.27
9504.0,0.0
8648.0,3432.16
7792.0,3094.63
6936.0,2966.5
6080.0,3058.63
5224.0,3143.34
4368.0,1974.61
3512.0,0.0
2656.0,4961.34
1800.0,4244.14
944.0,3874.26
88.0,3778.32
40321.0,8452.93
39465.0,0.0
38609.0,12439.46
37753.0,9552.71
36897.0,8690.76
36041.0,8474.67
35185.0,8570.29
34329.0,7807.35
33473.0,0.0
32617.0,7976.49
31761.0,7116.44
30905.0,6833.64
30049.0,6905.85
29193.0,7512.18
28337.0,8015.54
27481.0,0.0
26625.0,12083.58
25769.0,9790.32
24913.0,8910.78
24057.0,8392.28
23201.0,8393.08
22345.0,7708.02
21489.0,0.0
20633.0,7565.05
19777.0,6704.47
18921.0,6363.18
18065.0,6546.83
17209.0,7505.46
16353.0,8656.0
15497.0,0.0
14641.0,13397.98
13785.0,10451.51
12929.0,9325.48
12073.0,8756.79
11217.0,8652.95
10361.0,7937.25
9505.0,0.0
8649.0,7780.39
7793.0,6971.32
6937.0,6784.51
6081.0,6928.02
5225.0,7256.4
4369.0,7832.09
3513.0,0.0
2657.0,11699.89
1801.0,9322.8
945.0,8490.11
89.0,8274.0
40322.0,5182.24
39466.0,0.0
38610.0,8089.72
37754.0,6683.25
36898.0,6149.61
36042.0,5896.07
35186.0,5905.48
34330.0,4570.39
33474.0,0.0
32618.0,5609.33
31762.0,5117.28
30906.0,4955.31
30050.0,4892.65
29194.0,5146.44
28338.0,4626.21
27482.0,0.0
26626.0,7917.45
25770.0,6621.8
24914.0,6143.87
24058.0,5856.85
23202.0,5844.61
22346.0,4529.1
21490.0,0.0
20634.0,5315.75
19778.0,4803.78
18922.0,4594.47
18066.0,4662.37
17210.0,5304.47
16354.0,5086.02
15498.0,0.0
14642.0,9013.42
13786.0,7315.61
12930.0,6516.72
12074.0,6200.03
11218.0,6108.97
10362.0,4637.95
9506.0,0.0
8650.0,5719.29
7794.0,5139.69
6938.0,4910.43
6082.0,4951.56
5226.0,5151.17
4370.0,4663.63
3514.0,0.0
2658.0,7786.18
1802.0,6373.39
946.0,5884.01
90.0,5815.45
40323.0,6808.17
39467.0,0.0
38611.0,10187.16
37755.0,8267.4
36899.0,7836.59
36043.0,7464.42
35187.0,7495.48
34331.0,6164.12
33475.0,0.0
32619.0,6785.09
31763.0,5993.31
30907.0,5859.5
30051.0,5984.57
29195.0,6333.56
28339.0,5960.38
27483.0,0.0
26627.0,10416.54
25771.0,8428.27
24915.0,7896.69
24059.0,7524.05
23203.0,7468.94
22347.0,6034.84
21491.0,0.0
20635.0,6293.45
19779.0,5450.41
18923.0,5402.85
18067.0,5484.27
17211.0,6402.28
16355.0,6356.26
15499.0,0.0
14643.0,12683.0
13787.0,8988.18
12931.0,7969.17
12075.0,7518.95
11219.0,7502.04
10363.0,5958.58
9507.0,0.0
8651.0,6316.12
7795.0,5735.88
6939.0,5811.47
6083.0,5908.21
5227.0,6091.69
4371.0,5916.38
3515.0,0.0
2659.0,10408.84
1803.0,8197.16
947.0,7539.92
91.0,7309.04
40324.0,9185.1
39468.0,6257.55
38612.0,14446.97
37756.0,11857.96
36900.0,11084.34
36044.0,10262.47
35188.0,9950.2
34332.0,7963.06
33476.0,5268.24
32620.0,12008.74
31764.0,9758.99
30908.0,9224.44
30052.0,8831.04
29196.0,8831.01
28340.0,7765.22
27484.0,5024.66
26628.0,13725.46
25772.0,11432.46
24916.0,10649.71
24060.0,10019.84
23204.0,9532.89
22348.0,7486.16
21492.0,4901.83
20636.0,10955.21
19780.0,9637.56
18924.0,8676.35
18068.0,8126.29
17212.0,8797.14
16356.0,8225.55
15500.0,5050.52
14644.0,13922.4
13788.0,11327.81
12932.0,10340.26
12076.0,9440.44
11220.0,9207.63
10364.0,7231.07
9508.0,4092.9
8652.0,9883.25
7796.0,8855.34
6940.0,8249.04
6084.0,7739.31
5228.0,7748.05
4372.0,7036.83
3516.0,3845.57
2660.0,11960.27
1804.0,9980.31
948.0,9176.35
92.0,8591.45
40325.0,2804.39
39469.0,0.0
38613.0,5696.78
37757.0,5011.32
36901.0,4604.77
36045.0,4397.7
35189.0,4580.23
34333.0,2526.06
33477.0,0.0
32621.0,4168.91
31765.0,3825.25
30909.0,3759.14
30053.0,3796.6
29197.0,3986.94
28341.0,2563.86
27485.0,0.0
26629.0,5763.93
25773.0,4967.75
24917.0,4641.9
24061.0,4392.4
23205.0,4453.04
22349.0,2379.8
21493.0,0.0
20637.0,4102.49
19781.0,3718.34
18925.0,3604.22
18069.0,3617.93
17213.0,4321.35
16357.0,2675.68
15501.0,0.0
14645.0,6687.97
13789.0,5538.21
12933.0,4980.75
12077.0,4693.96
11221.0,4682.95
10365.0,2494.54
9509.0,0.0
8653.0,4406.38
7797.0,3966.96
6941.0,3872.05
6085.0,3803.95
5229.0,3928.4
4373.0,2486.86
3517.0,0.0
2661.0,5892.04
1805.0,5053.09
949.0,4562.22
93.0,4419.67
40326.0,4278.38
39470.0,0.0
38614.0,7723.7
37758.0,6303.84
36902.0,5837.57
36046.0,5853.05
35190.0,5938.63
34334.0,3901.6
33478.0,0.0
32622.0,4726.26
31766.0,4272.75
30910.0,4398.76
30054.0,4502.05
29198.0,4648.03
28342.0,3764.46
27486.0,0.0
26630.0,7402.21
25774.0,5929.61
24918.0,5576.54
24062.0,5509.06
23206.0,5671.24
22350.0,3681.83
21494.0,0.0
20638.0,4409.6
19782.0,3969.99
18926.0,3998.26
18070.0,4166.55
17214.0,5100.65
16358.0,4145.74
15502.0,0.0
14646.0,8412.04
13790.0,6579.69
12934.0,5956.17
12078.0,5791.94
11222.0,5921.68
10366.0,3871.74
9510.0,0.0
8654.0,4576.31
7798.0,4070.22
6942.0,4134.5
6086.0,4280.59
5230.0,4711.18
4374.0,3846.26
3518.0,0.0
2662.0,7404.17
1806.0,5932.08
950.0,5495.68
94.0,5391.96
40327.0,5374.89
39471.0,0.0
38615.0,7826.85
37759.0,6244.51
36903.0,6113.13
36047.0,5860.8
35191.0,5817.59
34335.0,5142.18
33479.0,0.0
32623.0,5069.83
31767.0,4575.45
30911.0,4456.7
30055.0,4554.57
29199.0,4875.42
28343.0,4634.16
27487.0,0.0
26631.0,8040.61
25775.0,6390.75
24919.0,5859.07
24063.0,5724.45
23207.0,5686.61
22351.0,4894.68
21495.0,0.0
20639.0,4592.31
19783.0,4071.26
18927.0,3981.43
18071.0,4166.62
17215.0,5096.12
16359.0,5306.28
15503.0,0.0
14647.0,9704.14
13791.0,7160.13
12935.0,6293.05
12079.0,6019.29
11223.0,6045.09
10367.0,5122.33
9511.0,0.0
8655.0,4958.01
7799.0,4335.76
6943.0,4306.46
6087.0,4456.25
5231.0,4731.14
4375.0,4952.58
3519.0,0.0
2663.0,8329.68
1807.0,6577.22
951.0,5961.81
95.0,5809.84
40328.0,8257.7
39472.0,0.0
38616.0,12264.8
37760.0,9372.88
36904.0,8758.7
36048.0,8643.5
35192.0,8434.49
34336.0,7563.88
33480.0,0.0
32624.0,7524.17
31768.0,7002.66
30912.0,6818.08
30056.0,6920.87
29200.0,7492.68
28344.0,7304.35
27488.0,0.0
26632.0,11929.12
25776.0,9738.37
24920.0,8811.97
24064.0,8411.18
23208.0,8286.65
22352.0,7182.15
21496.0,0.0
20640.0,7125.95
19784.0,6345.71
18928.0,6140.21
18072.0,6516.22
17216.0,7453.09
16360.0,7907.54
15504.0,0.0
14648.0,14273.09
13792.0,10100.93
12936.0,8993.7
12080.0,8583.46
11224.0,8515.53
10368.0,7325.45
9512.0,0.0
8656.0,7462.71
7800.0,6669.85
6944.0,6615.2
6088.0,6838.24
5232.0,7169.44
4376.0,7288.82
3520.0,0.0
2664.0,11787.24
1808.0,9316.77
952.0,8425.5
96.0,8155.86
40329.0,7426.18
39473.0,0.0
38617.0,11977.46
37761.0,10032.76
36905.0,9129.17
36049.0,8707.6
35193.0,8490.71
34337.0,7074.64
33481.0,0.0
32625.0,7824.9
31769.0,7350.82
30913.0,6900.66
30057.0,7021.1
29201.0,7232.82
28345.0,0.0
27489.0,0.0
26633.0,11922.93
25777.0,9910.9
24921.0,8670.53
24065.0,8238.78
23209.0,7977.6
22353.0,6979.79
21497.0,0.0
20641.0,7137.45
19785.0,6646.98
18929.0,6259.33
18073.0,6529.08
17217.0,7346.84
16361.0,7222.31
15505.0,0.0
14649.0,14253.55
13793.0,10866.55
12937.0,9568.82
12081.0,8825.31
11225.0,8552.93
10369.0,6889.11
9513.0,0.0
8657.0,7651.01
7801.0,7038.57
6945.0,6879.45
6089.0,7064.53
5233.0,7186.3
4377.0,6384.65
3521.0,0.0
2665.0,11970.67
1809.0,9910.45
953.0,8791.47
97.0,8504.17
40330.0,4872.75
39474.0,0.0
38618.0,7342.33
37762.0,5878.9
36906.0,5575.18
36050.0,5458.45
35194.0,5334.31
34338.0,4039.91
33482.0,0.0
32626.0,4769.51
31770.0,4263.26
30914.0,4131.23
30058.0,4193.22
29202.0,4441.06
28346.0,4120.27
27490.0,0.0
26634.0,7338.47
25778.0,5933.05
24922.0,5514.1
24066.0,5306.22
23210.0,5234.81
22354.0,3918.68
21498.0,0.0
20642.0,4323.7
19786.0,3872.46
18930.0,3729.26
18074.0,3853.33
17218.0,4401.18
16362.0,4524.87
15506.0,0.0
14650.0,8684.21
13794.0,6525.73
12938.0,5744.79
12082.0,5491.49
11226.0,5394.87
10370.0,4110.46
9514.0,0.0
8658.0,4627.57
7802.0,4124.88
6946.0,4057.75
6090.0,4073.51
5234.0,4274.52
4378.0,4246.24
3522.0,0.0
2666.0,7446.25
1810.0,6070.35
954.0,5437.09
98.0,5231.56
40331.0,4539.6
39475.0,0.0
38619.0,6466.43
37763.0,5215.98
36907.0,4779.42
36051.0,4865.9
35195.0,4753.53
34339.0,4200.65
33483.0,0.0
32627.0,4371.42
31771.0,3909.26
30915.0,3885.92
30059.0,3927.09
29203.0,4131.77
28347.0,4227.52
27491.0,0.0
26635.0,6265.49
25779.0,5250.77
24923.0,4860.72
24067.0,4803.37
23211.0,4796.3
22355.0,4139.01
21499.0,0.0
20643.0,4194.62
19787.0,3833.24
18931.0,3744.22
18075.0,3825.14
17219.0,4387.11
16363.0,4632.99
15507.0,0.0
14651.0,7073.7
13795.0,5805.61
12939.0,5295.37
12083.0,5049.13
11227.0,5007.02
10371.0,4334.54
9515.0,0.0
8659.0,4416.3
7803.0,3935.26
6947.0,3890.46
6091.0,3934.43
5235.0,4184.62
4379.0,4279.43
3523.0,0.0
2667.0,6332.25
1811.0,5348.26
955.0,4962.57
99.0,4783.42
40332.0,8340.29
39476.0,0.0
38620.0,10446.4
37764.0,8527.88
36908.0,8041.12
36052.0,7809.93
35196.0,7802.39
34340.0,7656.85
33484.0,0.0
32628.0,6953.1
31772.0,6364.21
30916.0,6109.14
30060.0,6219.46
29204.0,6695.77
28348.0,0.0
27492.0,0.0
26636.0,10317.3
25780.0,8371.52
24924.0,7543.79
24068.0,7114.86
23212.0,7155.92
22356.0,7039.9
21500.0,0.0
20644.0,6340.39
19788.0,5575.54
18932.0,5406.34
18076.0,5629.49
17220.0,6646.76
16364.0,7343.26
15508.0,0.0
14652.0,12993.6
13796.0,9208.46
12940.0,7997.75
12084.0,7744.13
11228.0,7630.55
10372.0,7201.93
9516.0,0.0
8660.0,6605.77
7804.0,6008.59
6948.0,6087.11
6092.0,6164.86
5236.0,6373.01
4380.0,6814.1
3524.0,0.0
2668.0,10721.75
1812.0,8336.4
956.0,7599.95
100.0,7438.1
40333.0,6507.16
39477.0,0.0
38621.0,8626.38
37765.0,7057.14
36909.0,6641.42
36053.0,6455.19
35197.0,6509.17
34341.0,5992.2
33485.0,0.0
32629.0,5592.49
31773.0,5101.98
30917.0,4982.56
30061.0,5119.03
29205.0,5589.21
28349.0,5826.59
27493.0,0.0
26637.0,8673.16
25781.0,7023.49
24925.0,6507.81
24069.0,6348.0
23213.0,6351.76
22357.0,5756.18
21501.0,0.0
20645.0,5200.74
19789.0,4550.03
18933.0,4477.6
18077.0,4726.18
17221.0,5540.53
16365.0,6171.08
15509.0,0.0
14653.0,10414.27
13797.0,7815.59
12941.0,6899.13
12085.0,6552.52
11229.0,6465.63
10373.0,5959.02
9517.0,0.0
8661.0,5574.11
7805.0,5036.96
6949.0,4955.58
6093.0,5065.85
5237.0,5433.44
4381.0,5928.82
3525.0,0.0
2669.0,8794.53
1813.0,7048.19
957.0,6452.19
101.0,6324.2
40334.0,5526.24
39478.0,0.0
38622.0,8477.22
37766.0,6957.5
36910.0,6511.08
36054.0,6379.27
35198.0,6289.99
34342.0,4916.26
33486.0,0.0
32630.0,5651.14
31774.0,5363.72
30918.0,5158.69
30062.0,5194.99
29206.0,5367.51
28350.0,0.0
27494.0,0.0
26638.0,7919.81
25782.0,6685.98
24926.0,6027.04
24070.0,5864.17
23214.0,5763.45
22358.0,4973.02
21502.0,0.0
20646.0,5013.89
19790.0,4718.02
18934.0,4500.2
18078.0,4747.05
17222.0,5468.6
16366.0,5045.91
15510.0,0.0
14654.0,9150.77
13798.0,7225.97
12942.0,6407.34
12086.0,6214.52
11230.0,6164.61
10374.0,4861.47
9518.0,0.0
8662.0,5432.48
7806.0,4911.33
6950.0,4809.45
6094.0,4913.69
5238.0,5096.5
4382.0,4453.96
3526.0,0.0
2670.0,8063.46
1814.0,6554.37
958.0,5999.71
102.0,5922.05
40335.0,6075.26
39479.0,0.0
38623.0,9876.73
37767.0,8229.94
36911.0,7684.73
36055.0,7646.23
35199.0,7578.58
34343.0,6057.68
33487.0,0.0
32631.0,6787.46
31775.0,6127.88
30919.0,5834.66
30063.0,5960.15
29207.0,6247.88
28351.0,0.0
27495.0,0.0
26639.0,9640.51
25783.0,8162.72
24927.0,7225.95
24071.0,7018.81
23215.0,6855.84
22359.0,5679.86
21503.0,0.0
20647.0,6124.02
19791.0,5566.85
18935.0,5331.88
18079.0,5368.74
17223.0,6103.72
16367.0,6232.13
15511.0,0.0
14655.0,11288.12
13799.0,8781.28
12943.0,7641.54
12087.0,7314.2
11231.0,7162.82
10375.0,5837.91
9519.0,0.0
8663.0,6626.2
7807.0,6071.71
6951.0,5935.48
6095.0,5871.62
5239.0,5962.57
4383.0,5788.04
3527.0,0.0
2671.0,9593.84
1815.0,7960.39
959.0,7227.99
103.0,7018.28
40336.0,5208.29
39480.0,0.0
38624.0,9618.96
37768.0,7663.84
36912.0,7232.46
36056.0,6869.96
35200.0,6814.22
34344.0,4635.46
33488.0,0.0
32632.0,6104.84
31776.0,5626.69
30920.0,5400.58
30064.0,5394.54
29208.0,5617.46
28352.0,0.0
27496.0,0.0
26640.0,9727.91
25784.0,7859.17
24928.0,6974.09
24072.0,6592.88
23216.0,6528.73
22360.0,5171.65
21504.0,0.0
20648.0,5669.15
19792.0,5143.96
18936.0,4984.9
18080.0,5177.34
17224.0,5813.69
16368.0,5383.48
15512.0,0.0
14656.0,11992.11
13800.0,8802.13
12944.0,7489.45
12088.0,7078.75
11232.0,6965.89
10376.0,5054.1
9520.0,0.0
8664.0,6115.45
7808.0,5631.59
6952.0,5477.31
6096.0,5486.34
5240.0,5547.03
4384.0,4834.77
3528.0,0.0
2672.0,10038.5
1816.0,8078.73
960.0,7088.05
104.0,6799.02
40337.0,6787.75
39481.0,0.0
38625.0,10236.66
37769.0,8830.77
36913.0,8229.12
36057.0,7990.77
35201.0,7861.64
34345.0,5998.36
33489.0,0.0
32633.0,7151.21
31777.0,6691.82
30921.0,6333.96
30065.0,6371.27
29209.0,6533.29
28353.0,6041.02
27497.0,0.0
26641.0,10472.49
25785.0,8797.45
24929.0,8126.32
24073.0,7725.88
23217.0,7562.3
22361.0,5867.83
21505.0,0.0
20649.0,6988.03
19793.0,6183.69
18937.0,5937.66
18081.0,6178.73
17225.0,6965.71
16369.0,6588.35
15513.0,0.0
14657.0,12978.42
13801.0,9793.78
12945.0,8627.17
12089.0,8171.36
11233.0,7994.55
10377.0,5897.89
9521.0,0.0
8665.0,7346.74
7809.0,6649.34
6953.0,6399.59
6097.0,6387.73
5241.0,6535.33
4385.0,5920.96
3529.0,0.0
2673.0,10616.06
1817.0,8596.9
961.0,7987.99
105.0,7706.76
40338.0,5041.19
39482.0,0.0
38626.0,8546.94
37770.0,6757.64
36914.0,6194.23
36058.0,6032.22
35202.0,6031.73
34346.0,4517.54
33490.0,0.0
32634.0,5230.5
31778.0,4784.54
30922.0,4650.03
30066.0,4712.36
29210.0,4894.97
28354.0,4649.39
27498.0,0.0
26642.0,8274.04
25786.0,6663.32
24930.0,6050.6
24074.0,5798.22
23218.0,5750.82
22362.0,4585.15
21506.0,0.0
20650.0,4842.5
19794.0,4341.38
18938.0,4219.14
18082.0,4397.84
17226.0,5321.45
16370.0,5285.49
15514.0,0.0
14658.0,9933.51
13802.0,7309.26
12946.0,6345.71
12090.0,6084.52
11234.0,6026.98
10378.0,4884.59
9522.0,0.0
8666.0,5170.69
7810.0,4606.51
6954.0,4557.21
6098.0,4639.38
5242.0,4849.26
4386.0,4861.79
3530.0,0.0
2674.0,8208.87
1818.0,6447.5
962.0,5827.51
106.0,5754.45
40339.0,3157.91
39483.0,0.0
38627.0,5829.0
37771.0,4991.98
36915.0,4603.08
36059.0,4407.92
35203.0,4490.74
34347.0,2895.28
33491.0,0.0
32635.0,4162.71
31779.0,3808.05
30923.0,3808.57
30067.0,3818.4
29211.0,4052.32
28355.0,2899.37
27499.0,0.0
26643.0,5771.87
25787.0,4953.7
24931.0,4633.65
24075.0,4410.34
23219.0,4509.92
22363.0,2765.09
21507.0,0.0
20651.0,4012.38
19795.0,3704.59
18939.0,3628.51
18083.0,3642.49
17227.0,4230.95
16371.0,3038.24
15515.0,0.0
14659.0,6523.87
13803.0,5431.39
12947.0,4956.86
12091.0,4681.93
11235.0,4691.29
10379.0,2829.3
9523.0,0.0
8667.0,4381.0
7811.0,3899.66
6955.0,3861.61
6099.0,3816.13
5243.0,3973.52
4387.0,2763.92
3531.0,0.0
2675.0,5892.31
1819.0,5014.9
963.0,4602.58
107.0,4406.22
40340.0,5718.49
39484.0,0.0
38628.0,9219.93
37772.0,7231.21
36916.0,6780.38
36060.0,6464.81
35204.0,6594.88
34348.0,5294.05
33492.0,0.0
32636.0,5981.9
31780.0,5255.72
30924.0,5131.09
30068.0,5252.09
29212.0,5774.18
28356.0,5319.13
27500.0,0.0
26644.0,9090.92
25788.0,7242.77
24932.0,6643.32
24076.0,6418.13
23220.0,6464.53
22364.0,5196.84
21508.0,0.0
20652.0,5567.37
19796.0,4832.74
18940.0,4616.11
18084.0,4857.74
17228.0,5662.13
16372.0,5751.59
15516.0,0.0
14660.0,10491.1
13804.0,8042.23
12948.0,7042.62
12092.0,6637.51
11236.0,6518.48
10380.0,5381.02
9524.0,0.0
8668.0,5758.13
7812.0,5177.25
6956.0,5065.46
6100.0,5130.2
5244.0,5446.23
4388.0,5375.72
3532.0,0.0
2676.0,9004.38
1820.0,7177.63
964.0,6523.74
108.0,6303.03
40341.0,6122.4
39485.0,0.0
38629.0,10782.7
37773.0,8924.44
36917.0,8426.25
36061.0,8309.75
35205.0,8228.43
34349.0,5601.55
33493.0,0.0
32637.0,7460.52
31781.0,7042.26
30925.0,6648.5
30069.0,6677.34
29213.0,7196.05
28357.0,0.0
27501.0,0.0
26645.0,10663.77
25789.0,8815.91
24933.0,7914.03
24077.0,7845.27
23221.0,7752.41
22365.0,5299.31
21509.0,0.0
20653.0,6752.33
19797.0,6080.9
18941.0,5887.54
18085.0,6190.34
17229.0,7126.13
16373.0,5447.5
15517.0,0.0
14661.0,11685.8
13805.0,9522.22
12949.0,8495.35
12093.0,8137.4
11237.0,7980.46
10381.0,5173.05
9525.0,0.0
8669.0,7199.77
7813.0,6605.77
6957.0,6644.21
6101.0,6732.77
5245.0,6903.94
4389.0,5076.9
3533.0,0.0
2677.0,10451.67
1821.0,8378.34
965.0,7780.43
109.0,7573.58
40342.0,6332.43
39486.0,0.0
38630.0,11732.81
37774.0,9389.91
36918.0,8897.89
36062.0,8486.85
35206.0,8261.91
34350.0,0.0
33494.0,0.0
32638.0,7314.11
31782.0,6827.92
30926.0,6496.61
30070.0,6548.26
29214.0,6673.33
28358.0,0.0
27502.0,0.0
26646.0,10996.84
25790.0,9177.43
24934.0,8243.01
24078.0,7701.8
23222.0,7397.98
22366.0,5385.34
21510.0,0.0
20654.0,6443.2
19798.0,5859.34
18942.0,5673.75
18086.0,5823.3
17230.0,6518.44
16374.0,5620.7
15518.0,0.0
14662.0,12295.75
13806.0,9732.65
12950.0,8649.24
12094.0,8067.75
11238.0,7830.85
10382.0,5421.26
9526.0,0.0
8670.0,6894.29
7814.0,6413.59
6958.0,6245.11
6102.0,6316.97
5246.0,6391.88
4390.0,5318.96
3534.0,0.0
2678.0,10777.21
1822.0,8835.04
966.0,8123.78
110.0,7736.03
40343.0,7712.7
39487.0,0.0
38631.0,11463.68
37775.0,9090.1
36919.0,8343.55
36063.0,8177.84
35207.0,8163.53
34351.0,6625.55
33495.0,0.0
32639.0,7309.77
31783.0,6447.55
30927.0,6421.49
30071.0,6670.06
29215.0,7332.92
28359.0,7010.46
27503.0,0.0
26647.0,11138.47
25791.0,8976.18
24935.0,8525.91
24079.0,8310.67
23223.0,8380.61
22367.0,6546.1
21511.0,0.0
20655.0,6852.69
19799.0,6006.44
18943.0,5868.19
18087.0,6309.04
17231.0,7630.39
16375.0,7395.83
15519.0,0.0
14663.0,13505.23
13807.0,9618.93
12951.0,8615.08
12095.0,8316.11
11239.0,8471.33
10383.0,6690.02
9527.0,0.0
8671.0,7254.31
7815.0,6369.18
6959.0,6412.54
6103.0,6651.66
5247.0,7147.92
4391.0,6842.82
3535.0,0.0
2679.0,11400.44
1823.0,8883.08
967.0,8224.3
111.0,8048.43
40344.0,8591.93
39488.0,0.0
38632.0,11264.96
37776.0,8757.99
36920.0,8310.2
36064.0,8220.82
35208.0,8411.79
34352.0,7482.33
33496.0,0.0
32640.0,7385.69
31784.0,6474.35
30928.0,6545.25
30072.0,6748.68
29216.0,7249.56
28360.0,7691.55
27504.0,0.0
26648.0,10928.42
25792.0,8978.74
24936.0,8447.08
24080.0,8219.85
23224.0,8351.84
22368.0,7472.91
21512.0,0.0
20656.0,7101.3
19800.0,6241.89
18944.0,6135.6
18088.0,6515.41
17232.0,7735.21
16376.0,8430.01
15520.0,0.0
14664.0,12390.37
13808.0,9603.79
12952.0,8748.21
12096.0,8421.24
11240.0,8456.03
10384.0,7530.35
9528.0,0.0
8672.0,7479.61
7816.0,6597.77
6960.0,6574.88
6104.0,6838.2
5248.0,7209.45
4392.0,7539.98
3536.0,0.0
2680.0,10761.98
1824.0,8587.39
968.0,8100.55
112.0,7896.48
40345.0,4262.56
39489.0,0.0
38633.0,8764.48
37777.0,6687.82
36921.0,6353.78
36065.0,6083.71
35209.0,6021.92
34353.0,3988.73
33497.0,0.0
32641.0,5570.27
31785.0,4940.4
30929.0,4805.13
30073.0,4783.96
29217.0,5177.42
28361.0,0.0
27505.0,0.0
26649.0,8349.27
25793.0,6557.78
24937.0,5876.5
24081.0,5684.86
23225.0,5757.82
22369.0,4644.77
21513.0,0.0
20657.0,4842.76
19801.0,4251.25
18945.0,4080.93
18089.0,4237.91
17233.0,5168.06
16377.0,4631.42
15521.0,0.0
14665.0,10372.75
13809.0,7472.9
12953.0,6520.38
12097.0,6147.65
11241.0,6115.95
10385.0,4390.87
9529.0,0.0
8673.0,5184.43
7817.0,4527.6
6961.0,4545.95
6105.0,4616.59
5249.0,4929.43
4393.0,4368.97
3537.0,0.0
2681.0,8668.0
1825.0,6696.7
969.0,6009.07
113.0,5887.19
40346.0,8196.28
39490.0,0.0
38634.0,13916.54
37778.0,10709.57
36922.0,10138.3
36066.0,10043.45
35210.0,9835.0
34354.0,7596.71
33498.0,0.0
32642.0,9203.15
31786.0,7947.13
30930.0,7802.85
30074.0,7955.15
29218.0,8361.76
28362.0,7441.43
27506.0,0.0
26650.0,13240.47
25794.0,10717.52
24938.0,9696.72
24082.0,9509.3
23226.0,9300.5
22370.0,7257.81
21514.0,0.0
20658.0,8789.79
19802.0,7691.24
18946.0,7326.25
18090.0,7632.29
17234.0,8263.17
16378.0,8241.81
15522.0,0.0
14666.0,14695.14
13810.0,11418.35
12954.0,10448.1
12098.0,10097.44
11242.0,9635.58
10386.0,7335.16
9530.0,0.0
8674.0,8636.11
7818.0,7755.77
6962.0,7614.41
6106.0,7758.22
5250.0,8008.51
4394.0,7375.64
3538.0,0.0
2682.0,12829.45
1826.0,10439.15
970.0,9315.15
114.0,9251.97
40347.0,3283.9
39491.0,0.0
38635.0,7785.96
37779.0,6313.52
36923.0,5790.37
36067.0,5494.11
35211.0,5418.23
34355.0,3069.55
33499.0,0.0
32643.0,5115.6
31787.0,4693.8
30931.0,4699.16
30075.0,4722.29
29219.0,4861.64
28363.0,3034.62
27507.0,0.0
26651.0,7424.11
25795.0,6058.08
24939.0,5658.04
24083.0,5426.45
23227.0,5434.5
22371.0,2962.72
21515.0,0.0
20659.0,4822.62
19803.0,4379.37
18947.0,4235.87
18091.0,4369.9
17235.0,5133.88
16379.0,3239.39
15523.0,0.0
14667.0,8408.52
13811.0,6767.02
12955.0,6151.29
12099.0,5800.31
11243.0,5688.3
10387.0,3037.48
9531.0,0.0
8675.0,5177.43
7819.0,4563.65
6963.0,4468.77
6107.0,4474.37
5251.0,4736.32
4395.0,3007.79
3539.0,0.0
2683.0,7335.97
1827.0,6026.0
971.0,5569.87
115.0,5319.07
40348.0,3364.57
39492.0,0.0
38636.0,9124.03
37780.0,7362.59
36924.0,6678.11
36068.0,6427.71
35212.0,6394.1
34356.0,3116.0
33500.0,0.0
32644.0,5746.54
31788.0,5301.83
30932.0,5183.22
30076.0,5264.49
29220.0,5574.91
28364.0,3276.29
27508.0,0.0
26652.0,8716.12
25796.0,7283.05
24940.0,6686.81
24084.0,6321.36
23228.0,6158.5
22372.0,2919.26
21516.0,0.0
20660.0,5213.31
19804.0,4903.78
18948.0,4775.43
18092.0,5057.06
17236.0,5773.23
16380.0,3253.78
15524.0,0.0
14668.0,10039.95
13812.0,7783.69
12956.0,6849.38
12100.0,6642.96
11244.0,6479.09
10388.0,2975.32
9532.0,0.0
8676.0,5562.31
7820.0,5090.22
6964.0,4968.53
6108.0,5076.8
5252.0,5267.55
4396.0,2992.33
3540.0,0.0
2684.0,8813.23
1828.0,7132.65
972.0,6389.0
116.0,6183.78
40349.0,8085.25
39493.0,0.0
38637.0,13306.62
37781.0,10412.6
36925.0,9733.21
36069.0,9675.68
35213.0,9525.55
34357.0,7550.21
33501.0,0.0
32645.0,8304.3
31789.0,7505.86
30933.0,7358.7
30077.0,7610.3
29221.0,8160.36
28365.0,7394.44
27509.0,0.0
26653.0,12748.57
25797.0,10406.14
24941.0,9514.45
24085.0,9349.3
23229.0,9243.5
22373.0,6975.37
21517.0,0.0
20661.0,7894.14
19805.0,6975.76
18949.0,6778.12
18093.0,7174.59
17237.0,7988.93
16381.0,7679.23
15525.0,0.0
14669.0,14109.13
13813.0,11061.62
12957.0,10015.81
12101.0,9569.27
11245.0,9440.31
10389.0,7142.75
9533.0,0.0
8677.0,8152.85
7821.0,7215.85
6965.0,7088.86
6109.0,7441.83
5253.0,7939.19
4397.0,7175.93
3541.0,0.0
2685.0,12384.33
1829.0,9822.85
973.0,8933.39
117.0,8726.37
40350.0,7468.12
39494.0,0.0
38638.0,9587.2
37782.0,7251.25
36926.0,6921.03
36070.0,6832.88
35214.0,6901.94
34358.0,6728.17
33502.0,0.0
32646.0,6189.79
31790.0,5538.71
30934.0,5353.32
30078.0,5435.77
29222.0,6084.42
28366.0,5752.99
27510.0,0.0
26654.0,9790.11
25798.0,7716.61
24942.0,7116.51
24086.0,6900.68
23230.0,6994.16
22374.0,6510.92
21518.0,0.0
20662.0,5647.82
19806.0,5050.22
18950.0,4883.7
18094.0,5153.48
17238.0,6043.1
16382.0,6875.15
15526.0,0.0
14670.0,11806.78
13814.0,8180.78
12958.0,7256.21
12102.0,7038.08
11246.0,7095.97
10390.0,6547.45
9534.0,0.0
8678.0,6072.04
7822.0,5404.43
6966.0,5394.35
6110.0,5405.0
5254.0,5747.78
4398.0,6217.15
3542.0,0.0
2686.0,9940.16
1830.0,7830.96
974.0,7041.02
118.0,6884.55
40351.0,7651.73
39495.0,0.0
38639.0,13297.91
37783.0,11127.75
36927.0,10111.4
36071.0,10016.81
35215.0,9825.86
34359.0,6784.66
33503.0,0.0
32647.0,9174.82
31791.0,8319.83
30935.0,8018.89
30079.0,8321.32
29223.0,8433.71
28367.0,7008.93
27511.0,0.0
26655.0,12850.16
25799.0,11006.88
24943.0,10023.41
24087.0,9547.79
23231.0,9534.14
22375.0,6640.02
21519.0,0.0
20663.0,8590.18
19807.0,7857.05
18951.0,7639.97
18095.0,7727.51
17239.0,8622.24
16383.0,7565.07
15527.0,0.0
14671.0,14510.73
13815.0,11821.03
12959.0,10666.73
12103.0,10238.34
11247.0,9931.26
10391.0,6897.81
9535.0,0.0
8679.0,8902.02
7823.0,8209.07
6967.0,8009.43
6111.0,8029.67
5255.0,8170.98
4399.0,7012.87
3543.0,0.0
2687.0,12583.57
1831.0,10711.37
975.0,9537.3
119.0,9371.9
40352.0,9283.05
39496.0,0.0
38640.0,11523.3
37784.0,9662.44
36928.0,9343.06
36072.0,9154.59
35216.0,9008.08
34360.0,9089.56
33504.0,0.0
32648.0,7849.25
31792.0,7188.57
30936.0,7255.43
30080.0,7437.57
29224.0,7879.65
28368.0,8910.01
27512.0,0.0
26656.0,11734.87
25800.0,9897.1
24944.0,9331.23
24088.0,9050.09
23232.0,8859.64
22376.0,8724.1
21520.0,0.0
20664.0,7411.55
19808.0,6589.09
18952.0,6542.78
18096.0,6960.65
17240.0,7797.93
16384.0,9151.58
15528.0,0.0
14672.0,12951.76
13816.0,10167.87
12960.0,9361.8
12104.0,9051.1
11248.0,8895.57
10392.0,8617.15
9536.0,0.0
8680.0,7736.09
7824.0,6959.63
6968.0,6916.34
6112.0,7240.58
5256.0,7536.12
4400.0,8574.12
3544.0,0.0
2688.0,11342.59
1832.0,9368.01
976.0,8751.96
120.0,8634.6
40353.0,7491.4
39497.0,0.0
38641.0,11032.85
37785.0,8793.94
36929.0,7994.37
36073.0,7797.78
35217.0,7762.14
34361.0,6966.84
33505.0,0.0
32649.0,7420.99
31793.0,6531.54
30937.0,6288.03
30081.0,6420.99
29225.0,6940.38
28369.0,5913.55
27513.0,0.0
26657.0,10968.85
25801.0,8815.45
24945.0,8095.88
24089.0,7831.61
23233.0,7763.2
22377.0,6686.66
21521.0,0.0
20665.0,6815.81
19809.0,5971.76
18953.0,5750.41
18097.0,5915.54
17241.0,6889.08
16385.0,6888.51
15529.0,0.0
14673.0,12123.7
13817.0,9419.2
12961.0,8331.81
12105.0,8001.92
11249.0,7881.61
10393.0,6668.13
9537.0,0.0
8681.0,7147.31
7825.0,6259.17
6969.0,6271.88
6113.0,6419.78
5257.0,6635.09
4401.0,6293.21
3545.0,0.0
2689.0,10646.28
1833.0,8406.55
977.0,7820.24
121.0,7564.98
40354.0,5561.55
39498.0,0.0
38642.0,7740.3
37786.0,6181.37
36930.0,5904.95
36074.0,6029.84
35218.0,6087.74
34362.0,5257.73
33506.0,0.0
32650.0,5474.16
31794.0,4826.97
30938.0,4740.27
30082.0,4953.89
29226.0,5390.51
28370.0,5128.63
27514.0,0.0
26658.0,7797.09
25802.0,6307.57
24946.0,5902.1
24090.0,5935.09
23234.0,5999.86
22378.0,5088.96
21522.0,0.0
20666.0,4983.24
19810.0,4365.46
18954.0,4284.23
18098.0,4556.36
17242.0,5421.9
16386.0,5519.32
15530.0,0.0
14674.0,8668.91
13818.0,6887.42
12962.0,6248.98
12106.0,6146.08
11250.0,6215.55
10394.0,5253.06
9538.0,0.0
8682.0,5297.3
7826.0,4661.87
6970.0,4665.92
6114.0,4866.47
5258.0,5287.5
4402.0,5306.27
3546.0,0.0
2690.0,7629.78
1834.0,6161.33
978.0,5807.12
122.0,5807.0
40355.0,6531.64
39499.0,0.0
38643.0,9474.85
37787.0,7783.61
36931.0,7248.14
36075.0,6969.62
35219.0,7081.57
34363.0,6164.54
33507.0,0.0
32651.0,6661.26
31795.0,6101.58
30939.0,6057.34
30083.0,6064.39
29227.0,6523.94
28371.0,6103.51
27515.0,0.0
26659.0,9327.44
25803.0,7902.04
24947.0,7437.8
24091.0,7133.32
23235.0,7139.91
22379.0,5875.61
21523.0,0.0
20667.0,6465.55
19811.0,5934.89
18955.0,5792.56
18099.0,5852.9
17243.0,7007.2
16387.0,6628.22
15531.0,0.0
14675.0,10853.23
13819.0,8612.01
12963.0,7777.55
12107.0,7501.83
11251.0,7510.89
10395.0,5985.03
9539.0,0.0
8683.0,6884.18
7827.0,6320.93
6971.0,6195.8
6115.0,6190.14
5259.0,6397.93
4403.0,6013.92
3547.0,0.0
2691.0,9388.87
1835.0,7834.08
979.0,7190.76
123.0,7122.1
40356.0,7981.28
39500.0,0.0
38644.0,11240.45
37788.0,8624.58
36932.0,8254.26
36076.0,8229.53
35220.0,8242.78
34364.0,7279.75
33508.0,0.0
32652.0,7154.61
31796.0,6525.71
30940.0,6341.31
30084.0,6543.62
29228.0,7146.38
28372.0,6934.38
27516.0,0.0
26660.0,11274.07
25804.0,8961.4
24948.0,8446.24
24092.0,8253.54
23236.0,8265.67
22380.0,6661.1
21524.0,0.0
20668.0,6849.66
19812.0,5948.34
18956.0,5776.94
18100.0,6164.43
17244.0,7321.7
16388.0,7326.58
15532.0,0.0
14676.0,13745.13
13820.0,9550.82
12964.0,8493.57
12108.0,8228.32
11252.0,8262.98
10396.0,6923.08
9540.0,0.0
8684.0,6971.13
7828.0,6276.81
6972.0,6306.09
6116.0,6501.59
5260.0,6942.96
4404.0,6798.04
3548.0,0.0
2692.0,11448.52
1836.0,8845.14
980.0,8109.39
124.0,7886.0
40357.0,4940.74
39501.0,0.0
38645.0,9580.13
37789.0,7730.23
36933.0,6967.72
36077.0,6940.55
35221.0,6839.53
34365.0,4664.04
33509.0,0.0
32653.0,6226.6
31797.0,5822.25
30941.0,5475.71
30085.0,5532.66
29229.0,5690.88
28373.0,3922.89
27517.0,0.0
26661.0,9611.73
25805.0,7967.31
24949.0,7106.43
24093.0,6855.22
23237.0,6715.57
22381.0,4178.3
21525.0,0.0
20669.0,5772.99
19813.0,5311.13
18957.0,5032.72
18101.0,5186.71
17245.0,6026.23
16389.0,4668.93
15533.0,0.0
14677.0,11917.19
13821.0,8800.87
12965.0,7443.96
12109.0,7164.73
11253.0,7069.11
10397.0,4452.16
9541.0,0.0
8685.0,6256.56
7829.0,5765.07
6973.0,5516.2
6117.0,5546.65
5261.0,5655.6
4405.0,4238.5
3549.0,0.0
2693.0,10000.36
1837.0,8101.32
981.0,7057.32
125.0,6856.52
40358.0,3189.31
39502.0,0.0
38646.0,5775.0
37790.0,4731.41
36934.0,4455.33
36078.0,4293.05
35222.0,4434.65
34366.0,2922.45
33510.0,0.0
32654.0,4079.79
31798.0,3694.86
30942.0,3540.14
30086.0,3534.85
29230.0,3686.94
28374.0,0.0
27518.0,0.0
26662.0,5787.33
25806.0,4883.27
24950.0,4396.27
24094.0,4278.43
23238.0,4215.5
22382.0,2932.37
21526.0,0.0
20670.0,3467.38
19814.0,3156.34
18958.0,3073.67
18102.0,3217.64
17246.0,3776.58
16390.0,3080.47
15534.0,0.0
14678.0,6777.4
13822.0,5192.73
12966.0,4570.67
12110.0,4418.3
11254.0,4443.63
10398.0,2930.18
9542.0,0.0
8686.0,3917.08
7830.0,3530.97
6974.0,3478.7
6118.0,3502.45
5262.0,3560.26
4406.0,2782.98
3550.0,0.0
2694.0,6056.45
1838.0,4980.35
982.0,4479.33
126.0,4339.13
40359.0,5017.05
39503.0,0.0
38647.0,7846.47
37791.0,6453.92
36935.0,5968.48
36079.0,5966.37
35223.0,5545.44
34367.0,4586.91
33511.0,0.0
32655.0,4953.68
31799.0,4632.05
30943.0,4665.62
30087.0,4602.36
29231.0,4797.71
28375.0,4707.8
27519.0,0.0
26663.0,7575.04
25807.0,6361.99
24951.0,5930.48
24095.0,5731.7
23239.0,5639.49
22383.0,4447.48
21527.0,0.0
20671.0,4886.76
19815.0,4483.61
18959.0,4295.18
18103.0,4512.32
17247.0,5275.1
16391.0,5236.41
15535.0,0.0
14679.0,9432.72
13823.0,7185.54
12967.0,6284.3
12111.0,6074.51
11255.0,5998.73
10399.0,4677.42
9543.0,0.0
8687.0,5198.7
7831.0,4692.48
6975.0,4593.51
6119.0,4636.07
5263.0,4854.65
4407.0,4723.28
3551.0,0.0
2695.0,7781.06
1839.0,6362.17
983.0,5789.2
127.0,5691.78
40360.0,5469.84
39504.0,0.0
38648.0,11568.32
37792.0,9722.3
36936.0,8703.41
36080.0,8249.35
35224.0,8212.63
34368.0,5022.31
33512.0,0.0
32656.0,7900.8
31800.0,7152.05
30944.0,6728.22
30088.0,6675.01
29232.0,6900.6
28376.0,4864.84
27520.0,0.0
26664.0,11546.79
25808.0,9588.01
24952.0,8641.69
24096.0,8186.17
23240.0,8009.84
22384.0,4791.95
21528.0,0.0
20672.0,7147.46
19816.0,6534.25
18960.0,6219.76
18104.0,6231.68
17248.0,7063.36
16392.0,4978.9
15536.0,0.0
14680.0,12406.21
13824.0,10302.29
12968.0,8955.74
12112.0,8357.78
11256.0,8140.13
10400.0,4749.1
9544.0,0.0
8688.0,7620.08
7832.0,7004.95
6976.0,6770.24
6120.0,6844.95
5264.0,6934.9
4408.0,4701.59
3552.0,0.0
2696.0,11020.36
1840.0,9093.57
984.0,8274.09
128.0,7931.7
40361.0,5019.39
39505.0,0.0
38649.0,8076.3
37793.0,6553.17
36937.0,6114.21
36081.0,6129.34
35225.0,5909.77
34369.0,4648.45
33513.0,0.0
32657.0,5163.29
31801.0,4512.66
30945.0,4460.69
30089.0,4521.86
29233.0,4782.65
28377.0,4689.88
27521.0,0.0
26665.0,7718.56
25809.0,6169.23
24953.0,5769.39
24097.0,5691.37
23241.0,5756.67
22385.0,4504.52
21529.0,0.0
20673.0,4538.62
19817.0,4124.57
18961.0,4039.14
18105.0,4321.63
17249.0,5170.86
16393.0,5105.43
15537.0,0.0
14681.0,8676.12
13825.0,6943.71
12969.0,6217.68
12113.0,6060.68
11257.0,6090.76
10401.0,4799.35
9545.0,0.0
8689.0,4951.56
7833.0,4333.04
6977.0,4327.85
6121.0,4460.27
5265.0,4844.09
4409.0,4749.7
3553.0,0.0
2697.0,7665.57
1841.0,6131.12
985.0,5709.99
129.0,5596.4
40362.0,2944.36
39506.0,0.0
38650.0,5856.4
37794.0,5006.46
36938.0,4523.41
36082.0,4455.05
35226.0,4403.29
34370.0,2846.51
33514.0,0.0
32658.0,3863.77
31802.0,3633.92
30946.0,3662.67
30090.0,3702.49
29234.0,3959.2
28378.0,2768.02
27522.0,0.0
26666.0,5859.23
25810.0,4978.31
24954.0,4557.21
24098.0,4457.39
23242.0,4438.64
22386.0,2647.56
21530.0,0.0
20674.0,3654.85
19818.0,3444.93
18962.0,3408.77
18106.0,3423.93
17250.0,4108.7
16394.0,2899.27
15538.0,0.0
14682.0,7086.47
13826.0,5571.65
12970.0,4917.69
12114.0,4742.14
11258.0,4607.42
10402.0,2718.89
9546.0,0.0
8690.0,3890.15
7834.0,3653.2
6978.0,3621.94
6122.0,3641.44
5266.0,3765.63
4410.0,2669.16
3554.0,0.0
2698.0,6174.57
1842.0,5208.38
986.0,4584.53
130.0,4493.73
40363.0,5755.75
39507.0,0.0
38651.0,10429.06
37795.0,8597.42
36939.0,7888.03
36083.0,7652.1
35227.0,7401.26
34371.0,5262.53
33515.0,0.0
32659.0,7363.56
31803.0,6516.99
30947.0,6387.27
30091.0,6444.83
29235.0,6886.92
28379.0,5334.82
27523.0,0.0
26667.0,10342.1
25811.0,8660.07
24955.0,8065.64
24099.0,7646.68
23243.0,7476.25
22387.0,5068.12
21531.0,0.0
20675.0,6887.65
19819.0,6176.33
18963.0,5994.73
18107.0,6248.82
17251.0,7118.82
16395.0,5440.82
15539.0,0.0
14683.0,11830.28
13827.0,9498.59
12971.0,8656.04
12115.0,8011.52
11259.0,7751.37
10403.0,5022.69
9547.0,0.0
8691.0,7337.51
7835.0,6578.12
6979.0,6473.44
6123.0,6542.77
5267.0,6757.63
4411.0,5014.15
3555.0,0.0
2699.0,10216.45
1843.0,8289.6
987.0,7772.97
131.0,7431.72
40364.0,7479.1
39508.0,0.0
38652.0,9778.9
37796.0,8026.99
36940.0,7492.58
36084.0,6920.14
35228.0,6791.35
34372.0,6889.14
33516.0,0.0
32660.0,6779.99
31804.0,6244.77
30948.0,5869.84
30092.0,5879.02
29236.0,5982.13
28380.0,0.0
27524.0,0.0
26668.0,9504.11
25812.0,8106.54
24956.0,7234.53
24100.0,6780.14
23244.0,6491.1
22388.0,6963.22
21532.0,0.0
20676.0,6036.69
19820.0,5555.92
18964.0,5284.2
18108.0,5325.89
17252.0,5947.49
16396.0,6670.12
15540.0,0.0
14684.0,11527.33
13828.0,8882.62
12972.0,7688.74
12116.0,7163.78
11260.0,6930.33
10404.0,6644.99
9548.0,0.0
8692.0,6675.81
7836.0,6065.28
6980.0,5797.14
6124.0,5727.12
5268.0,5726.11
4412.0,6067.12
3556.0,0.0
2700.0,9621.57
1844.0,7995.22
988.0,7235.38
132.0,6961.45
40365.0,6575.65
39509.0,0.0
38653.0,8621.55
37797.0,7174.34
36941.0,6575.49
36085.0,6458.39
35229.0,6281.05
34373.0,6113.55
33517.0,0.0
32661.0,5795.58
31805.0,5431.45
30949.0,5280.46
30093.0,5322.39
29237.0,5494.91
28381.0,0.0
27525.0,0.0
26669.0,8570.16
25813.0,7115.7
24957.0,6429.37
24101.0,6165.33
23245.0,6031.85
22389.0,5766.24
21533.0,0.0
20677.0,5356.16
19821.0,4995.39
18965.0,4785.88
18109.0,4982.38
17253.0,5531.03
16397.0,5702.87
15541.0,0.0
14685.0,9839.13
13829.0,7816.68
12973.0,6901.15
12117.0,6571.54
11261.0,6343.76
10405.0,5600.11
9549.0,0.0
8693.0,5900.02
7837.0,5448.2
6981.0,5231.09
6125.0,5240.51
5269.0,5385.84
4413.0,5091.03
3557.0,0.0
2701.0,8710.19
1845.0,7267.07
989.0,6582.48
133.0,6380.84
40366.0,6094.24
39510.0,0.0
38654.0,8265.57
37798.0,6742.48
36942.0,6222.91
36086.0,5940.55
35230.0,6134.25
34374.0,5801.18
33518.0,0.0
32662.0,5651.21
31806.0,4909.78
30950.0,4773.49
30094.0,4855.48
29238.0,5290.02
28382.0,5737.62
27526.0,0.0
26670.0,8229.85
25814.0,6780.86
24958.0,6185.45
24102.0,5938.08
23246.0,5830.36
22390.0,5603.12
21534.0,0.0
20678.0,5127.48
19822.0,4445.31
18966.0,4348.47
18110.0,4686.88
17254.0,5742.16
16398.0,6337.56
15542.0,0.0
14686.0,9351.09
13830.0,7474.85
12974.0,6760.95
12118.0,6423.66
11262.0,6297.76
10406.0,5780.98
9550.0,0.0
8694.0,5610.37
7838.0,4828.18
6982.0,4790.67
6126.0,4925.21
5270.0,5314.89
4414.0,5814.45
3558.0,0.0
2702.0,8175.42
1846.0,6688.81
990.0,6189.78
134.0,6101.03
40367.0,2826.2
39511.0,0.0
38655.0,7053.77
37799.0,5799.11
36943.0,5276.75
36087.0,5109.4
35231.0,5132.89
34375.0,2593.85
33519.0,0.0
32663.0,4737.85
31807.0,4249.05
30951.0,4306.54
30095.0,4378.26
29239.0,4479.57
28383.0,2665.07
27527.0,0.0
26671.0,6730.33
25815.0,5566.02
24959.0,5217.78
24103.0,5024.65
23247.0,5064.85
22391.0,2435.12
21535.0,0.0
20679.0,4317.9
19823.0,4054.84
18967.0,3993.89
18111.0,4117.14
17255.0,4775.82
16399.0,2711.09
15543.0,0.0
14687.0,7568.85
13831.0,6231.93
12975.0,5605.71
12119.0,5307.32
11263.0,5198.09
10407.0,2578.71
9551.0,0.0
8695.0,4767.57
7839.0,4279.57
6983.0,4222.07
6127.0,4205.13
5271.0,4355.76
4415.0,2569.71
3559.0,0.0
2703.0,6584.92
1847.0,5602.45
991.0,5099.41
135.0,4981.47
40368.0,6045.09
39512.0,0.0
38656.0,9866.0
37800.0,8211.69
36944.0,7562.52
36088.0,7406.61
35232.0,7248.83
34376.0,5569.72
33520.0,0.0
32664.0,6735.7
31808.0,6197.8
30952.0,6081.81
30096.0,6094.88
29240.0,6176.3
28384.0,5751.55
27528.0,0.0
26672.0,9632.82
25816.0,8141.76
24960.0,7575.58
24104.0,7187.13
23248.0,7019.79
22392.0,5259.75
21536.0,0.0
20680.0,6462.11
19824.0,5943.59
18968.0,5736.9
18112.0,5814.86
17256.0,6728.71
16400.0,5914.49
15544.0,0.0
14688.0,11011.79
13832.0,8806.29
12976.0,7882.25
12120.0,7542.82
11264.0,7334.32
10408.0,5414.66
9552.0,0.0
8696.0,6774.98
7840.0,6283.51
6984.0,6117.18
6128.0,6064.4
5272.0,6240.06
4416.0,5390.2
3560.0,0.0
2704.0,9452.82
1848.0,7763.1
992.0,7181.28
136.0,7028.64
40369.0,7376.75
39513.0,0.0
38657.0,10022.75
37801.0,8166.47
36945.0,7649.49
36089.0,7534.7
35233.0,7538.75
34377.0,6876.46
33521.0,0.0
32665.0,6659.95
31809.0,5911.07
30953.0,5922.49
30097.0,5968.65
29241.0,6309.63
28385.0,6819.98
27529.0,0.0
26673.0,9953.0
25817.0,8179.99
24961.0,7690.68
24105.0,7391.11
23249.0,7323.28
22393.0,6687.27
21537.0,0.0
20681.0,6325.55
19825.0,5472.38
18969.0,5516.8
18113.0,5852.28
17257.0,6853.22
16401.0,7230.98
15545.0,0.0
14689.0,11330.79
13833.0,8999.53
12977.0,8084.14
12121.0,7804.26
11265.0,7688.92
10409.0,6692.3
9553.0,0.0
8697.0,6593.08
7841.0,5845.1
6985.0,5955.72
6129.0,6148.43
5273.0,6419.62
4417.0,6593.34
3561.0,0.0
2705.0,9764.8
1849.0,7952.2
993.0,7453.33
137.0,7340.62
40370.0,3705.27
39514.0,0.0
38658.0,9058.83
37802.0,7402.2
36946.0,6874.52
36090.0,6652.31
35234.0,6398.66
34378.0,3575.89
33522.0,0.0
32666.0,5963.0
31810.0,5565.91
30954.0,5314.3
30098.0,5324.83
29242.0,5681.73
28386.0,3170.88
27530.0,0.0
26674.0,9242.95
25818.0,7690.21
24962.0,7023.46
24106.0,6658.86
23250.0,6437.23
22394.0,3164.86
21538.0,0.0
20682.0,5621.16
19826.0,5215.29
18970.0,4912.64
18114.0,5105.38
17258.0,5703.72
16402.0,3480.76
15546.0,0.0
14690.0,10912.78
13834.0,8304.9
12978.0,7108.54
12122.0,6859.66
11266.0,6631.8
10410.0,3292.8
9554.0,0.0
8698.0,5869.81
7842.0,5475.57
6986.0,5279.87
6130.0,5277.64
5274.0,5466.34
4418.0,3195.04
3562.0,0.0
2706.0,9481.59
1850.0,7843.15
994.0,6885.95
138.0,6581.45
40371.0,5822.12
39515.0,0.0
38659.0,8417.42
37803.0,6325.53
36947.0,6000.66
36091.0,5874.46
35235.0,5905.24
34379.0,5537.5
33523.0,0.0
32667.0,5096.83
31811.0,4545.69
30955.0,4450.29
30099.0,4582.31
29243.0,4970.85
28387.0,5034.85
27531.0,0.0
26675.0,8235.46
25819.0,6514.93
24963.0,5998.31
24107.0,5847.49
23251.0,5940.21
22395.0,5183.99
21539.0,0.0
20683.0,4733.03
19827.0,4242.27
18971.0,4132.63
18115.0,4314.21
17259.0,5188.33
16403.0,5617.93
15547.0,0.0
14691.0,9982.73
13835.0,7294.02
12979.0,6375.74
12123.0,6177.83
11267.0,6111.36
10411.0,5449.98
9555.0,0.0
8699.0,5082.2
7843.0,4525.64
6987.0,4464.39
6131.0,4582.56
5275.0,4970.8
4419.0,5329.42
3563.0,0.0
2707.0,8273.55
1851.0,6469.32
995.0,5963.39
139.0,5848.18
40372.0,3838.48
39516.0,0.0
38660.0,7329.5
37804.0,5989.6
36948.0,5495.14
36092.0,5398.11
35236.0,5232.08
34380.0,3375.27
33524.0,0.0
32668.0,4802.76
31812.0,4411.62
30956.0,4210.42
30100.0,4212.37
29244.0,4330.05
28388.0,0.0
27532.0,0.0
26676.0,7041.95
25820.0,5711.19
24964.0,5158.73
24108.0,5077.43
23252.0,4900.58
22396.0,3601.51
21540.0,0.0
20684.0,4312.1
19828.0,3980.67
18972.0,3846.81
18116.0,3913.99
17260.0,4312.45
16404.0,3322.16
15548.0,0.0
14692.0,7538.77
13836.0,6187.66
12980.0,5509.29
12124.0,5268.53
11268.0,5088.25
10412.0,3301.26
9556.0,0.0
8700.0,4802.8
7844.0,4224.88
6988.0,4123.2
6132.0,4098.07
5276.0,4209.82
4420.0,3029.33
3564.0,0.0
2708.0,6850.0
1852.0,5666.92
996.0,5111.87
140.0,4998.13
40373.0,5328.47
39517.0,0.0
38661.0,8897.97
37805.0,7085.6
36949.0,6516.93
36093.0,6328.06
35237.0,6522.9
34381.0,5069.08
33525.0,0.0
32669.0,5764.97
31813.0,5174.23
30957.0,5134.96
30101.0,5341.35
29245.0,5670.64
28389.0,5117.52
27533.0,0.0
26677.0,8540.1
25821.0,7025.08
24965.0,6459.3
24109.0,6299.59
23253.0,6495.72
22397.0,4923.71
21541.0,0.0
20685.0,5591.74
19829.0,4901.73
18973.0,4711.2
18117.0,4978.62
17261.0,6010.08
16405.0,5608.94
15549.0,0.0
14693.0,9923.65
13837.0,7767.7
12981.0,6983.8
12125.0,6591.95
11269.0,6587.78
10413.0,5199.52
9557.0,0.0
8701.0,5738.33
7845.0,5145.95
6989.0,5013.41
6133.0,5118.74
5277.0,5522.37
4421.0,5300.78
3565.0,0.0
2709.0,8437.24
1853.0,6745.82
997.0,6255.12
141.0,6113.24
40374.0,4100.52
39518.0,0.0
38662.0,5663.88
37806.0,4680.3
36950.0,4376.01
36094.0,4252.5
35238.0,4123.24
34382.0,3904.1
33526.0,0.0
32670.0,3970.12
31814.0,3648.06
30958.0,3470.23
30102.0,3381.64
29246.0,3486.6
28390.0,0.0
27534.0,0.0
26678.0,5795.64
25822.0,4781.98
24966.0,4258.88
24110.0,4163.32
23254.0,4029.02
22398.0,3776.18
21542.0,0.0
20686.0,3454.86
19830.0,3129.61
18974.0,3060.15
18118.0,3100.01
17262.0,3558.14
16406.0,3517.78
15550.0,0.0
14694.0,6423.27
13838.0,5010.33
12982.0,4487.87
12126.0,4263.76
11270.0,4248.74
10414.0,3663.35
9558.0,0.0
8702.0,3891.5
7846.0,3478.72
6990.0,3320.92
6134.0,3286.7
5278.0,3377.71
4422.0,3287.49
3566.0,0.0
2710.0,5822.61
1854.0,4816.28
998.0,4302.8
142.0,4134.13
40375.0,4589.48
39519.0,0.0
38663.0,8704.54
37807.0,7508.05
36951.0,6697.72
36095.0,6414.21
35239.0,6652.11
34383.0,4024.37
33527.0,0.0
32671.0,6121.4
31815.0,5614.03
30959.0,5441.51
30103.0,5566.41
29247.0,5932.55
28391.0,4241.48
27535.0,0.0
26679.0,8699.57
25823.0,7379.48
24967.0,6681.0
24111.0,6411.55
23255.0,6450.02
22399.0,3963.91
21543.0,0.0
20687.0,5842.82
19831.0,5387.17
18975.0,5074.64
18119.0,5225.78
17263.0,5860.58
16407.0,4495.95
15551.0,0.0
14695.0,9607.45
13839.0,7837.68
12983.0,6881.45
12127.0,6647.18
11271.0,6517.01
10415.0,4005.66
9559.0,0.0
8703.0,6147.48
7847.0,5642.93
6991.0,5316.65
6135.0,5399.43
5279.0,5600.25
4423.0,4029.91
3567.0,0.0
2711.0,8586.93
1855.0,7137.76
999.0,6362.63
143.0,6222.2
40376.0,5238.66
39520.0,0.0
38664.0,8954.96
37808.0,6793.58
36952.0,6360.29
36096.0,6274.0
35240.0,6433.73
34384.0,5013.33
33528.0,0.0
32672.0,5464.56
31816.0,4913.59
30960.0,4737.36
30104.0,4783.71
29248.0,5211.12
28392.0,4961.75
27536.0,0.0
26680.0,8505.22
25824.0,6985.68
24968.0,6310.49
24112.0,6145.53
23256.0,6097.65
22400.0,4929.45
21544.0,0.0
20688.0,4922.71
19832.0,4263.7
18976.0,4210.8
18120.0,4439.28
17264.0,5366.7
16408.0,5542.73
15552.0,0.0
14696.0,9517.54
13840.0,7368.35
12984.0,6430.89
12128.0,6217.17
11272.0,6240.41
10416.0,5209.15
9560.0,0.0
8704.0,5196.15
7848.0,4546.79
6992.0,4545.33
6136.0,4638.78
5280.0,4999.0
4424.0,5161.94
3568.0,0.0
2712.0,8347.54
1856.0,6684.83
1000.0,6065.3
144.0,5951.71
40377.0,7783.52
39521.0,0.0
38665.0,11908.74
37809.0,9818.6
36953.0,9041.7
36097.0,8861.59
35241.0,8755.51
34385.0,7231.63
33529.0,0.0
32673.0,7577.8
31817.0,6984.36
30961.0,6821.41
30105.0,7033.57
29249.0,7502.37
28393.0,7084.25
27537.0,0.0
26681.0,11867.65
25825.0,9824.23
24969.0,8948.12
24113.0,8689.02
23257.0,8514.41
22401.0,7042.62
21545.0,0.0
20689.0,7194.52
19833.0,6403.16
18977.0,6187.96
18121.0,6588.02
17265.0,7474.29
16409.0,7621.91
15553.0,0.0
14697.0,12869.58
13841.0,10395.82
12985.0,9392.17
12129.0,8857.44
11273.0,8513.86
10417.0,7225.02
9561.0,0.0
8705.0,7489.54
7849.0,6812.34
6993.0,6700.49
6137.0,6975.16
5281.0,7208.45
4425.0,7071.83
3569.0,0.0
2713.0,11301.0
1857.0,9196.02
1001.0,8531.24
145.0,8338.74
40378.0,7174.2
39522.0,0.0
38666.0,11051.75
37810.0,9272.89
36954.0,8533.84
36098.0,8130.91
35242.0,8019.66
34386.0,6691.69
33530.0,0.0
32674.0,7950.65
31818.0,7119.67
30962.0,6785.11
30106.0,6703.02
29250.0,6833.43
28394.0,0.0
27538.0,0.0
26682.0,11077.85
25826.0,9100.33
24970.0,8127.81
24114.0,7645.89
23258.0,7387.87
22402.0,6972.62
21546.0,0.0
20690.0,7119.22
19834.0,6425.57
18978.0,6072.12
18122.0,6147.09
17266.0,6931.47
16410.0,6824.18
15554.0,0.0
14698.0,12950.53
13842.0,9977.48
12986.0,8760.64
12130.0,8143.9
11274.0,7929.83
10418.0,6543.83
9562.0,0.0
8706.0,7645.1
7850.0,6990.83
6994.0,6753.04
6138.0,6711.8
5282.0,6837.22
4426.0,6226.46
3570.0,0.0
2714.0,11035.3
1858.0,9084.16
1002.0,8300.46
146.0,7919.37
40379.0,8198.94
39523.0,0.0
38667.0,9525.03
37811.0,7827.33
36955.0,7093.61
36099.0,6934.7
35243.0,6876.7
34387.0,7236.8
33531.0,0.0
32675.0,6759.27
31819.0,6130.07
30963.0,5789.46
30107.0,5876.78
29251.0,6082.06
28395.0,0.0
27539.0,0.0
26683.0,9366.81
25827.0,7860.36
24971.0,6977.11
24115.0,6737.23
23259.0,6542.58
22403.0,6884.51
21547.0,0.0
20691.0,6166.78
19835.0,5555.28
18979.0,5303.94
18123.0,5341.66
17267.0,6074.14
16411.0,6872.34
15555.0,0.0
14699.0,10909.82
13843.0,8421.96
12987.0,7360.26
12131.0,7040.3
11275.0,6958.65
10419.0,6746.48
9563.0,0.0
8707.0,6635.19
7851.0,6008.48
6995.0,5860.51
6139.0,5788.67
5283.0,5882.2
4427.0,6193.5
3571.0,0.0
2715.0,9343.11
1859.0,7820.37
1003.0,7080.77
147.0,6851.38
40380.0,15543.75
39524.0,0.0
38668.0,17658.33
37812.0,14430.18
36956.0,13145.85
36100.0,12455.16
35244.0,12953.3
34388.0,15135.23
33532.0,0.0
32676.0,12631.12
31820.0,11167.87
30964.0,10821.47
30108.0,11065.69
29252.0,11898.08
28396.0,0.0
27540.0,0.0
26684.0,17034.43
25828.0,14121.28
24972.0,13139.43
24116.0,12383.47
23260.0,12406.23
22404.0,12793.63
21548.0,0.0
20692.0,11179.58
19836.0,10268.65
18980.0,9970.11
18124.0,10542.11
17268.0,11800.67
16412.0,12938.39
15556.0,0.0
14700.0,20656.02
13844.0,15302.81
12988.0,13943.71
12132.0,12964.04
11276.0,12509.05
10420.0,12969.22
9564.0,0.0
8708.0,11701.64
7852.0,10547.7
6996.0,10378.29
6140.0,10683.19
5284.0,11045.78
4428.0,11995.19
3572.0,0.0
2716.0,17332.47
1860.0,14270.25
1004.0,12719.32
148.0,11999.13
40381.0,4700.45
39525.0,0.0
38669.0,8205.36
37813.0,6657.17
36957.0,6035.21
36101.0,5547.85
35245.0,5266.29
34389.0,4299.7
33533.0,0.0
32677.0,5214.06
31821.0,4872.06
30965.0,4663.37
30109.0,4532.69
29253.0,4631.8
28397.0,4337.8
27541.0,0.0
26685.0,7983.69
25829.0,6561.0
24973.0,5976.0
24117.0,5602.21
23261.0,5451.42
22405.0,4250.14
21549.0,0.0
20693.0,4789.28
19837.0,4404.11
18981.0,4206.24
18125.0,4268.5
17269.0,4750.84
16413.0,4826.26
15557.0,0.0
14701.0,8895.4
13845.0,7180.36
12989.0,6390.7
12133.0,5954.39
11277.0,5807.33
10421.0,4282.02
9565.0,0.0
8709.0,5372.16
7853.0,4870.8
6997.0,4657.01
6141.0,4613.7
5285.0,4538.34
4429.0,4300.79
3573.0,0.0
2717.0,7847.85
1861.0,6322.47
1005.0,5777.57
149.0,5600.26
40382.0,5555.52
39526.0,0.0
38670.0,7653.19
37814.0,5945.75
36958.0,5887.29
36102.0,5865.9
35246.0,5904.53
34390.0,5334.55
33534.0,0.0
32678.0,5022.79
31822.0,4469.32
30966.0,4482.66
30110.0,4634.85
29254.0,5068.06
28398.0,5317.35
27542.0,0.0
26686.0,7453.8
25830.0,6046.09
24974.0,5731.02
24118.0,5704.55
23262.0,5786.82
22406.0,5305.92
21550.0,0.0
20694.0,4614.26
19838.0,4087.69
18982.0,4066.33
18126.0,4326.49
17270.0,5210.45
16414.0,5761.43
15558.0,0.0
14702.0,8538.2
13846.0,6585.8
12990.0,6046.39
12134.0,5993.12
11278.0,6033.53
10422.0,5369.86
9566.0,0.0
8710.0,5115.56
7854.0,4457.85
6998.0,4505.23
6142.0,4738.88
5286.0,5127.43
4430.0,5314.72
3574.0,0.0
2718.0,7409.64
1862.0,6033.84
1006.0,5641.96
150.0,5643.48
40383.0,10119.56
39527.0,0.0
38671.0,14544.0
37815.0,11993.11
36959.0,11031.44
36103.0,10465.88
35247.0,10246.05
34391.0,9298.17
33535.0,0.0
32679.0,9819.54
31823.0,9045.3
30967.0,8781.25
30111.0,8825.11
29255.0,9098.51
28399.0,9710.14
27543.0,0.0
26687.0,13541.43
25831.0,11577.45
24975.0,10925.97
24119.0,10427.02
23263.0,10104.45
22407.0,8940.29
21551.0,0.0
20695.0,9336.23
19839.0,8548.45
18983.0,8329.21
18127.0,8282.71
17271.0,9422.83
16415.0,9962.1
15559.0,0.0
14703.0,16285.68
13847.0,13018.39
12991.0,11769.69
12135.0,10902.01
11279.0,10396.08
10423.0,9177.25
9567.0,0.0
8711.0,9877.04
7855.0,9040.42
6999.0,8729.99
6143.0,8519.9
5287.0,8684.18
4431.0,9123.65
3575.0,0.0
2719.0,13879.13
1863.0,11517.0
1007.0,10512.26
151.0,10088.0
40384.0,5863.1
39528.0,0.0
38672.0,9500.81
37816.0,7552.45
36960.0,7222.03
36104.0,6904.77
35248.0,7151.68
34392.0,5454.84
33536.0,0.0
32680.0,6060.82
31824.0,5561.65
30968.0,5589.28
30112.0,5589.7
29256.0,5851.21
28400.0,5503.44
27544.0,0.0
26688.0,9445.22
25832.0,7594.16
24976.0,7030.4
24120.0,6773.84
23264.0,6874.22
22408.0,5332.85
21552.0,0.0
20696.0,5695.45
19840.0,5049.66
18984.0,5007.36
18128.0,5313.85
17272.0,6420.19
16416.0,5843.3
15560.0,0.0
14704.0,10741.97
13848.0,8374.91
12992.0,7470.08
12136.0,7219.23
11280.0,7135.09
10424.0,5515.74
9568.0,0.0
8712.0,6011.4
7856.0,5346.4
7000.0,5373.13
6144.0,5547.77
5288.0,5892.48
4432.0,5524.34
3576.0,0.0
2720.0,9205.54
1864.0,7413.69
1008.0,6809.91
152.0,6729.6
40385.0,8450.77
39529.0,0.0
38673.0,12264.41
37817.0,9479.12
36961.0,8964.06
36105.0,8756.05
35249.0,8680.62
34393.0,7881.47
33537.0,0.0
32681.0,7545.1
31825.0,7005.68
30969.0,6831.59
30113.0,7083.91
29257.0,7666.6
28401.0,7973.9
27545.0,0.0
26689.0,12211.24
25833.0,9898.13
24977.0,9077.74
24121.0,8768.28
23265.0,8684.27
22409.0,7658.76
21553.0,0.0
20697.0,7391.56
19841.0,6475.77
18985.0,6226.51
18129.0,6709.69
17273.0,7598.76
16417.0,8727.86
15561.0,0.0
14705.0,14435.71
13849.0,10484.72
12993.0,9459.29
12137.0,8985.61
11281.0,8891.25
10425.0,7876.74
9569.0,0.0
8713.0,7611.39
7857.0,6879.61
7001.0,6736.56
6145.0,7015.07
5289.0,7392.87
4433.0,7838.25
3577.0,0.0
2721.0,12342.88
1865.0,9676.34
1009.0,8763.36
153.0,8567.15
40386.0,6041.76
39530.0,0.0
38674.0,9466.59
37818.0,7877.69
36962.0,7265.22
36106.0,7078.01
35250.0,7393.55
34394.0,5592.92
33538.0,0.0
32682.0,6708.22
31826.0,6041.4
30970.0,5970.41
30114.0,6136.21
29258.0,6311.99
28402.0,5566.77
27546.0,0.0
26690.0,9420.12
25834.0,8040.64
24978.0,7512.18
24122.0,7158.96
23266.0,7136.67
22410.0,5204.76
21554.0,0.0
20698.0,6631.95
19842.0,5948.44
18986.0,5792.7
18130.0,5903.16
17274.0,6857.62
16418.0,5772.21
15562.0,0.0
14706.0,10932.81
13850.0,8735.31
12994.0,7830.76
12138.0,7526.57
11282.0,7434.87
10426.0,5354.17
9570.0,0.0
8714.0,7077.68
7858.0,6306.77
7002.0,6185.82
6146.0,6123.78
5290.0,6324.14
4434.0,5268.89
3578.0,0.0
2722.0,9601.97
1866.0,7913.18
1010.0,7294.82
154.0,7064.08
40387.0,6153.62
39531.0,0.0
38675.0,7674.18
37819.0,5911.1
36963.0,5820.96
36107.0,5904.06
35251.0,5957.5
34395.0,5761.78
33539.0,0.0
32683.0,4970.11
31827.0,4540.18
30971.0,4584.82
30115.0,4957.57
29259.0,5458.08
28403.0,5790.03
27547.0,0.0
26691.0,7743.2
25835.0,6246.58
24979.0,5980.12
24123.0,6023.4
23267.0,6115.0
22411.0,5715.34
21555.0,0.0
20699.0,4700.04
19843.0,4330.68
18987.0,4327.82
18131.0,4691.07
17275.0,5743.14
16419.0,6291.21
15563.0,0.0
14707.0,9047.09
13851.0,6882.78
12995.0,6283.92
12139.0,6274.33
11283.0,6311.87
10427.0,5772.05
9571.0,0.0
8715.0,5131.51
7859.0,4556.13
7003.0,4595.08
6147.0,4907.08
5291.0,5351.18
4435.0,5816.14
3579.0,0.0
2723.0,7904.84
1867.0,6379.28
1011.0,5922.46
155.0,5944.64
40388.0,7052.77
39532.0,0.0
38676.0,9159.94
37820.0,7333.98
36964.0,6861.74
36108.0,6820.5
35252.0,6862.21
34396.0,6615.9
33540.0,0.0
32684.0,6062.12
31828.0,5384.7
30972.0,5298.29
30116.0,5413.14
29260.0,5801.04
28404.0,6599.53
27548.0,0.0
26692.0,9130.44
25836.0,7358.53
24980.0,6900.69
24124.0,6807.28
23268.0,6872.95
22412.0,6285.5
21556.0,0.0
20700.0,5766.26
19844.0,5050.28
18988.0,4966.18
18132.0,5096.99
17276.0,6090.9
16420.0,6881.19
15564.0,0.0
14708.0,10411.06
13852.0,7988.92
12996.0,7293.84
12140.0,7127.16
11284.0,7025.73
10428.0,6386.24
9572.0,0.0
8716.0,6081.83
7860.0,5317.17
7004.0,5239.98
6148.0,5343.82
5292.0,5696.99
4436.0,6380.06
3580.0,0.0
2724.0,8912.99
1868.0,7023.34
1012.0,6591.93
156.0,6645.56
40389.0,5078.93
39533.0,0.0
38677.0,8194.41
37821.0,6752.41
36965.0,6280.16
36109.0,5941.28
35253.0,6051.19
34397.0,4735.04
33541.0,0.0
32685.0,5672.87
31829.0,5233.8
30973.0,5049.42
30117.0,4980.38
29261.0,5180.02
28405.0,0.0
27549.0,0.0
26693.0,8076.24
25837.0,6599.25
24981.0,5909.62
24125.0,5702.45
23269.0,5651.07
22413.0,4946.94
21557.0,0.0
20701.0,5129.18
19845.0,4638.68
18989.0,4382.67
18133.0,4505.18
17277.0,5198.41
16421.0,4839.32
15565.0,0.0
14709.0,9262.06
13853.0,7234.99
12997.0,6343.76
12141.0,6043.83
11285.0,6107.75
10429.0,4736.26
9573.0,0.0
8717.0,5656.94
7861.0,5086.61
7005.0,4882.97
6149.0,4879.13
5293.0,5099.99
4437.0,4376.43
3581.0,0.0
2725.0,8013.7
1869.0,6581.56
1013.0,6001.16
157.0,5845.23
40390.0,4824.72
39534.0,0.0
38678.0,10433.79
37822.0,8757.74
36966.0,7948.07
36110.0,7857.14
35254.0,7559.04
34398.0,4364.83
33542.0,0.0
32686.0,6688.04
31830.0,6346.32
30974.0,6130.55
30118.0,6309.37
29262.0,6241.98
28406.0,4539.83
27550.0,0.0
26694.0,10174.96
25838.0,8483.18
24982.0,7925.12
24126.0,7612.8
23270.0,7288.62
22414.0,4309.22
21558.0,0.0
20702.0,6418.63
19846.0,5918.35
18990.0,5719.88
18134.0,5972.35
17278.0,6781.04
16422.0,5005.28
15566.0,0.0
14710.0,13220.67
13854.0,9471.65
12998.0,8230.67
12142.0,7940.51
11286.0,7649.93
10430.0,4471.59
9574.0,0.0
8718.0,6698.69
7862.0,6265.59
7006.0,6149.22
6150.0,6218.45
5294.0,6350.2
4438.0,4557.53
3582.0,0.0
2726.0,10435.66
1870.0,8421.39
1014.0,7724.1
158.0,7442.21
40391.0,9013.04
39535.0,0.0
38679.0,16216.42
37823.0,13215.98
36967.0,12082.55
36111.0,11166.44
35255.0,11122.85
34399.0,7973.21
33543.0,0.0
32687.0,10781.38
31831.0,9704.66
30975.0,9334.18
30119.0,9442.82
29263.0,9395.9
28407.0,8099.73
27551.0,0.0
26695.0,14812.16
25839.0,12572.74
24983.0,11714.16
24127.0,11007.45
23271.0,10823.95
22415.0,7647.37
21559.0,0.0
20703.0,9106.02
19847.0,8707.56
18991.0,8553.8
18135.0,8591.57
17279.0,9413.84
16423.0,8684.03
15567.0,0.0
14711.0,17192.46
13855.0,13980.73
12999.0,12485.62
12143.0,11456.26
11287.0,11061.58
10431.0,7733.89
9575.0,0.0
8719.0,10111.44
7863.0,9498.81
7007.0,9122.19
6151.0,9041.35
5295.0,9141.04
4439.0,7742.01
3583.0,0.0
2727.0,15000.86
1871.0,12461.51
1015.0,11186.63
159.0,10651.92
40392.0,5975.03
39536.0,3772.33
38680.0,10352.1
37824.0,8536.58
36968.0,7897.44
36112.0,8021.74
35256.0,7839.68
34400.0,5178.81
33544.0,3305.26
32688.0,8088.61
31832.0,6977.99
30976.0,6579.27
30120.0,6782.04
29264.0,7037.16
28408.0,5308.14
27552.0,3111.06
26696.0,10784.96
25840.0,9257.08
24984.0,8670.48
24128.0,8326.6
23272.0,8119.47
22416.0,5212.04
21560.0,3101.18
20704.0,7384.84
19848.0,6630.65
18992.0,6410.69
18136.0,6609.09
17280.0,7494.24
16424.0,5706.74
15568.0,3222.93
14712.0,12983.4
13856.0,9866.69
13000.0,8932.79
12144.0,8558.6
11288.0,8522.45
10432.0,5138.66
9576.0,2669.96
8720.0,7533.21
7864.0,7039.11
7008.0,6747.62
6152.0,6945.45
5296.0,7181.52
4440.0,5123.21
3584.0,2648.52
2728.0,10397.16
1872.0,8892.68
1016.0,8332.8
160.0,8124.96
40393.0,2989.47
39537.0,0.0
38681.0,4446.61
37825.0,3832.93
36969.0,3746.86
36113.0,3787.73
35257.0,3591.16
34401.0,2854.68
33545.0,0.0
32689.0,3209.69
31833.0,2936.53
30977.0,2995.63
30121.0,3144.3
29265.0,3111.42
28409.0,2774.24
27553.0,0.0
26697.0,4884.25
25841.0,4119.27
24985.0,3990.07
24129.0,3939.32
23273.0,3696.65
22417.0,2779.55
21561.0,0.0
20705.0,3136.87
19849.0,2862.15
18993.0,3011.13
18137.0,3158.01
17281.0,3449.6
16425.0,3141.0
15569.0,0.0
14713.0,6105.21
13857.0,4833.94
13001.0,4526.51
12145.0,4426.68
11289.0,4127.8
10433.0,2977.81
9577.0,0.0
8721.0,3440.41
7865.0,3306.5
7009.0,3439.75
6153.0,3482.51
5297.0,3359.88
4441.0,3008.82
3585.0,0.0
2729.0,5808.63
1873.0,4698.62
1017.0,4500.51
161.0,4379.09
40394.0,3953.79
39538.0,0.0
38682.0,6398.78
37826.0,5180.73
36970.0,5060.07
36114.0,4810.65
35258.0,5034.67
34402.0,3503.23
33546.0,0.0
32690.0,4672.06
31834.0,4276.59
30978.0,4197.5
30122.0,4051.88
29266.0,4336.01
28410.0,3577.75
27554.0,0.0
26698.0,6160.32
25842.0,5191.12
24986.0,4947.51
24130.0,4805.64
23274.0,4813.8
22418.0,3354.05
21562.0,0.0
20706.0,4296.09
19850.0,3918.78
18994.0,3808.21
18138.0,3799.67
17282.0,4336.33
16426.0,3720.26
15570.0,0.0
14714.0,6844.49
13858.0,5664.12
13002.0,5236.11
12146.0,4929.62
11290.0,4975.31
10434.0,3461.52
9578.0,0.0
8722.0,4683.24
7866.0,4246.73
7010.0,4139.7
6154.0,4110.72
5298.0,4260.43
4442.0,3462.86
3586.0,0.0
2730.0,6192.54
1874.0,5241.84
1018.0,4822.67
162.0,4720.77
40395.0,7873.11
39539.0,0.0
38683.0,12181.55
37827.0,9818.76
36971.0,8959.52
36115.0,8399.43
35259.0,8579.2
34403.0,7172.0
33547.0,0.0
32691.0,7512.93
31835.0,6955.2
30979.0,6896.28
30123.0,7105.63
29267.0,7779.14
28411.0,7659.69
27555.0,0.0
26699.0,11733.07
25843.0,9639.95
24987.0,8906.57
24131.0,8531.56
23275.0,8671.43
22419.0,7185.4
21563.0,0.0
20707.0,7272.96
19851.0,6480.2
18995.0,6351.66
18139.0,6858.18
17283.0,8084.57
16427.0,8327.07
15571.0,0.0
14715.0,14328.98
13859.0,10516.76
13003.0,9443.5
12147.0,8920.46
11291.0,8858.26
10435.0,7334.72
9579.0,0.0
8723.0,7593.84
7867.0,6789.99
7011.0,6708.81
6155.0,7002.57
5299.0,7425.13
4443.0,7460.33
3587.0,0.0
2731.0,11879.89
1875.0,9439.48
1019.0,8569.84
163.0,8382.05
40396.0,9871.46
39540.0,0.0
38684.0,12614.76
37828.0,10234.92
36972.0,9447.67
36116.0,8938.03
35260.0,9463.18
34404.0,8961.34
33548.0,0.0
32692.0,7843.66
31836.0,7167.94
30980.0,7282.5
30124.0,7472.74
29268.0,8119.98
28412.0,9068.8
27556.0,0.0
26700.0,12620.03
25844.0,10278.17
24988.0,9481.51
24132.0,9105.87
23276.0,9535.97
22420.0,8775.64
21564.0,0.0
20708.0,7890.82
19852.0,6974.01
18996.0,6811.99
18140.0,7238.65
17284.0,8448.29
16428.0,9674.58
15572.0,0.0
14716.0,14675.26
13860.0,11321.35
13004.0,10255.22
12148.0,9779.09
11292.0,9734.79
10436.0,8900.06
9580.0,0.0
8724.0,8154.39
7868.0,7290.3
7012.0,7236.43
6156.0,7574.11
5300.0,8016.85
4444.0,8823.74
3588.0,0.0
2732.0,12757.22
1876.0,10426.78
1020.0,9360.59
164.0,9232.28
40397.0,6433.33
39541.0,0.0
38685.0,9626.96
37829.0,7590.63
36973.0,7212.98
36117.0,6970.26
35261.0,6941.86
34405.0,0.0
33549.0,0.0
32693.0,5812.05
31837.0,5166.85
30981.0,4974.18
30125.0,4913.07
29269.0,5172.92
28413.0,0.0
27557.0,0.0
26701.0,9117.92
25845.0,7353.55
24989.0,6540.3
24133.0,6366.04
23277.0,6187.3
22421.0,5520.51
21565.0,0.0
20709.0,5031.55
19853.0,4480.2
18997.0,4279.27
18141.0,4451.45
17285.0,5284.13
16429.0,5695.2
15573.0,0.0
14717.0,10334.17
13861.0,7951.16
13005.0,6916.67
12149.0,6736.62
11293.0,6460.13
10437.0,5319.4
9581.0,0.0
8725.0,5323.08
7869.0,4752.49
7013.0,4598.55
6157.0,4618.06
5301.0,4897.29
4445.0,5142.04
3589.0,0.0
2733.0,9030.6
1877.0,7270.45
1021.0,6503.9
165.0,6328.59
40398.0,5765.47
39542.0,0.0
38686.0,9358.34
37830.0,7727.63
36974.0,7025.6
36118.0,6815.53
35262.0,6825.81
34406.0,5729.0
33550.0,0.0
32694.0,5920.55
31838.0,5404.07
30982.0,5221.33
30126.0,5293.99
29270.0,5638.59
28414.0,5710.71
27558.0,0.0
26702.0,9143.23
25846.0,7590.33
24990.0,6985.15
24134.0,6746.51
23278.0,6746.36
22422.0,5402.87
21566.0,0.0
20710.0,5516.2
19854.0,4992.79
18998.0,4866.15
18142.0,5099.1
17286.0,6281.37
16430.0,6043.26
15574.0,0.0
14718.0,10495.17
13862.0,8275.65
13006.0,7322.68
12150.0,7132.65
11294.0,7006.63
10438.0,5709.61
9582.0,0.0
8726.0,5735.76
7870.0,5204.27
7014.0,5047.53
6158.0,5126.12
5302.0,5635.04
4446.0,5685.13
3590.0,0.0
2734.0,9158.98
1878.0,7509.95
1022.0,6834.79
166.0,6660.65
40399.0,4839.05
39543.0,0.0
38687.0,6946.03
37831.0,5516.64
36975.0,5132.94
36119.0,5043.56
35263.0,5189.61
34407.0,4381.29
33551.0,0.0
32695.0,4593.69
31839.0,4044.75
30983.0,3962.68
30127.0,3928.3
29271.0,4299.71
28415.0,4501.6
27559.0,0.0
26703.0,6732.09
25847.0,5407.26
24991.0,5034.19
24135.0,4961.65
23279.0,5044.14
22423.0,4308.41
21567.0,0.0
20711.0,4128.9
19855.0,3683.06
18999.0,3597.83
18143.0,3837.93
17287.0,4669.08
16431.0,4872.83
15575.0,0.0
14719.0,7547.68
13863.0,6132.08
13007.0,5573.69
12151.0,5288.37
11295.0,5366.94
10439.0,4479.62
9583.0,0.0
8727.0,4561.72
7871.0,3985.28
7015.0,3968.1
6159.0,4027.26
5303.0,4317.73
4447.0,4535.35
3591.0,0.0
2735.0,6531.95
1879.0,5467.93
1023.0,5062.64
167.0,5037.17
40400.0,2155.1
39544.0,0.0
38688.0,7237.06
37832.0,6073.9
36976.0,5517.98
36120.0,5336.25
35264.0,5068.78
34408.0,2027.02
33552.0,0.0
32696.0,4516.34
31840.0,4300.43
30984.0,4122.86
30128.0,4107.1
29272.0,4182.21
28416.0,0.0
27560.0,0.0
26704.0,6810.82
25848.0,5669.57
24992.0,5062.15
24136.0,4984.17
23280.0,4832.21
22424.0,2613.63
21568.0,0.0
20712.0,4137.71
19856.0,3894.36
19000.0,3721.09
18144.0,3767.43
17288.0,4210.5
16432.0,2797.89
15576.0,0.0
14720.0,8034.83
13864.0,6193.44
13008.0,5431.92
12152.0,5231.06
11296.0,4969.61
10440.0,2424.19
9584.0,0.0
8728.0,4680.76
7872.0,4280.07
7016.0,4104.55
6160.0,4071.35
5304.0,4074.39
4448.0,2557.21
3592.0,0.0
2736.0,6891.9
1880.0,5702.68
1024.0,5124.94
168.0,4912.47
40401.0,1913.11
39545.0,0.0
38689.0,4523.54
37833.0,3655.37
36977.0,3431.16
36121.0,3396.3
35265.0,3416.18
34409.0,1590.46
33553.0,0.0
32697.0,3225.79
31841.0,2925.33
30985.0,2850.25
30129.0,3002.5
29273.0,2945.24
28417.0,1765.55
27561.0,0.0
26705.0,4450.2
25849.0,3730.93
24993.0,3488.89
24137.0,3403.63
23281.0,3411.23
22425.0,1612.8
21569.0,0.0
20713.0,3084.75
19857.0,2927.91
19001.0,2738.96
18145.0,2933.97
17289.0,3174.95
16433.0,1751.89
15577.0,0.0
14721.0,5026.29
13865.0,4219.88
13009.0,3810.02
12153.0,3642.95
11297.0,3618.96
10441.0,1493.61
9585.0,0.0
8729.0,3285.6
7873.0,2944.01
7017.0,2802.42
6161.0,2940.81
5305.0,2935.84
4449.0,1497.38
3593.0,0.0
2737.0,4468.77
1881.0,3797.56
1025.0,3447.34
169.0,3348.83
40402.0,3248.23
39546.0,0.0
38690.0,6489.44
37834.0,5506.71
36978.0,4922.03
36122.0,4964.12
35266.0,4773.86
34410.0,2956.29
33554.0,0.0
32698.0,4580.41
31842.0,4160.83
30986.0,4130.42
30130.0,4089.99
29274.0,4520.04
28418.0,3053.89
27562.0,0.0
26706.0,6382.39
25850.0,5457.03
24994.0,4981.6
24138.0,4982.11
23282.0,4865.27
22426.0,2855.04
21570.0,0.0
20714.0,4453.33
19858.0,4106.22
19002.0,3965.21
18146.0,3964.48
17290.0,4539.91
16434.0,3155.16
15578.0,0.0
14722.0,7101.67
13866.0,6005.35
13010.0,5385.33
12154.0,5107.9
11298.0,4931.55
10442.0,2923.45
9586.0,0.0
8730.0,4774.94
7874.0,4247.43
7018.0,4125.3
6162.0,4036.37
5306.0,4172.79
4450.0,2902.58
3594.0,0.0
2738.0,6391.57
1882.0,5477.88
1026.0,4999.79
170.0,4829.69
40403.0,6369.09
39547.0,0.0
38691.0,9024.06
37835.0,7170.0
36979.0,6786.47
36123.0,6528.99
35267.0,6767.91
34411.0,5743.28
33555.0,0.0
32699.0,5874.02
31843.0,5297.24
30987.0,5273.01
30131.0,5475.41
29275.0,6049.82
28419.0,5839.39
27563.0,0.0
26707.0,8835.1
25851.0,7115.27
24995.0,6733.02
24139.0,6595.72
23283.0,6706.39
22427.0,5597.88
21571.0,0.0
20715.0,5762.73
19859.0,5085.55
19003.0,4935.57
18147.0,5128.17
17291.0,5947.86
16435.0,6308.27
15579.0,0.0
14723.0,9764.47
13867.0,7681.8
13011.0,7147.26
12155.0,6857.27
11299.0,6917.0
10443.0,5741.24
9587.0,0.0
8731.0,5905.23
7875.0,5280.48
7019.0,5172.03
6163.0,5288.75
5307.0,5712.15
4451.0,5790.61
3595.0,0.0
2739.0,8637.17
1883.0,6831.95
1027.0,6458.7
171.0,6373.24
40404.0,8033.26
39548.0,0.0
38692.0,11045.14
37836.0,8416.78
36980.0,8019.0
36124.0,7977.46
35268.0,7901.15
34412.0,7736.51
33556.0,0.0
32700.0,7007.59
31844.0,6313.65
30988.0,6257.87
30132.0,6442.53
29276.0,7080.63
28420.0,7535.65
27564.0,0.0
26708.0,10981.66
25852.0,8746.42
24996.0,8204.86
24140.0,7958.62
23284.0,7956.96
22428.0,7630.81
21572.0,0.0
20716.0,6756.42
19860.0,5954.56
19004.0,5783.61
18148.0,6132.52
17292.0,7275.56
16436.0,8360.92
15580.0,0.0
14724.0,13418.34
13868.0,9397.64
13012.0,8470.83
12156.0,8191.49
11300.0,8185.74
10444.0,7691.19
9588.0,0.0
8732.0,7244.38
7876.0,6250.55
7020.0,6457.71
6164.0,6728.75
5308.0,7005.41
4452.0,7523.72
3596.0,0.0
2740.0,10993.92
1884.0,8624.66
1028.0,8028.66
172.0,7938.33
40405.0,5553.52
39549.0,0.0
38693.0,9756.52
37837.0,7941.55
36981.0,7208.61
36125.0,6780.84
35269.0,6694.22
34413.0,5047.72
33557.0,0.0
32701.0,6300.81
31845.0,5870.87
30989.0,5545.52
30133.0,5563.12
29277.0,5633.91
28421.0,4845.6
27565.0,0.0
26709.0,9478.45
25853.0,7943.81
24997.0,7142.8
24141.0,6763.91
23285.0,6535.52
22429.0,4649.87
21573.0,0.0
20717.0,5897.25
19861.0,5471.03
19005.0,5175.43
18149.0,5207.49
17293.0,5841.92
16437.0,5092.53
15581.0,0.0
14725.0,10813.61
13869.0,8702.07
13013.0,7504.82
12157.0,7131.06
11301.0,6763.28
10445.0,4811.19
9589.0,0.0
8733.0,6463.81
7877.0,5930.02
7021.0,5694.76
6165.0,5565.78
5309.0,5530.94
4453.0,4658.84
3597.0,0.0
2741.0,9194.62
1885.0,7705.39
1029.0,6926.49
173.0,6732.89
40406.0,4572.85
39550.0,0.0
38694.0,8347.09
37838.0,6961.29
36982.0,6241.45
36126.0,5948.23
35270.0,5905.27
34414.0,4167.32
33558.0,0.0
32702.0,5560.3
31846.0,5060.66
30990.0,5017.92
30134.0,5165.4
29278.0,5364.86
28422.0,4174.0
27566.0,0.0
26710.0,8091.38
25854.0,6738.43
24998.0,6254.29
24142.0,5979.06
23286.0,5931.97
22430.0,3845.01
21574.0,0.0
20718.0,5292.75
19862.0,4822.66
19006.0,4700.34
18150.0,4913.14
17294.0,5668.38
16438.0,4522.31
15582.0,0.0
14726.0,9308.45
13870.0,7532.87
13014.0,6711.46
12158.0,6382.5
11302.0,6212.4
10446.0,4015.03
9590.0,0.0
8734.0,5745.22
7878.0,5117.57
7022.0,4946.7
6166.0,5029.59
5310.0,5238.25
4454.0,4102.23
3598.0,0.0
2742.0,8007.04
1886.0,6613.21
1030.0,6112.99
174.0,5922.16
40407.0,7394.91
39551.0,0.0
38695.0,11315.06
37839.0,9145.59
36983.0,8596.39
36127.0,8465.71
35271.0,8480.34
34415.0,7438.88
33559.0,0.0
32703.0,7288.14
31847.0,6594.91
30991.0,6586.32
30135.0,6737.82
29279.0,7332.28
28423.0,7305.92
27567.0,0.0
26711.0,10707.49
25855.0,8780.93
24999.0,8412.61
24143.0,8212.4
23287.0,8302.73
22431.0,6968.32
21575.0,0.0
20719.0,6844.39
19863.0,6081.57
19007.0,5956.28
18151.0,6393.54
17295.0,7519.84
16439.0,7584.05
15583.0,0.0
14727.0,12564.52
13871.0,9631.35
13015.0,8761.06
12159.0,8489.26
11303.0,8494.31
10447.0,7123.93
9591.0,0.0
8735.0,7230.53
7879.0,6384.87
7023.0,6430.16
6167.0,6693.79
5311.0,7134.34
4455.0,7115.84
3599.0,0.0
2743.0,10602.72
1887.0,8587.25
1031.0,8186.27
175.0,8069.41
40408.0,9043.25
39552.0,0.0
38696.0,12833.13
37840.0,10618.75
36984.0,10034.83
36128.0,9866.09
35272.0,9822.7
34416.0,8050.6
33560.0,0.0
32704.0,8452.59
31848.0,7476.46
30992.0,7578.11
30136.0,7738.0
29280.0,8169.58
28424.0,7914.23
27568.0,0.0
26712.0,13155.0
25856.0,10835.7
25000.0,10009.57
24144.0,9700.08
23288.0,9629.17
22432.0,7572.54
21576.0,0.0
20720.0,7909.69
19864.0,6968.29
19008.0,6878.99
18152.0,7266.65
17296.0,8324.62
16440.0,8705.74
15584.0,0.0
14728.0,15818.65
13872.0,11424.56
13016.0,10454.5
12160.0,10220.25
11304.0,9974.53
10448.0,7855.86
9592.0,0.0
8736.0,8271.39
7880.0,7417.18
7024.0,7368.35
6168.0,7689.54
5312.0,8125.97
4456.0,8066.14
3600.0,0.0
2744.0,13439.41
1888.0,10763.05
1032.0,9672.55
176.0,9604.67
40409.0,7837.03
39553.0,0.0
38697.0,10319.29
37841.0,8384.9
36985.0,8034.51
36129.0,7905.14
35273.0,7996.07
34417.0,6960.36
33561.0,0.0
32705.0,7069.82
31849.0,6302.36
30993.0,6198.58
30137.0,6339.14
29281.0,6722.76
28425.0,7130.25
27569.0,0.0
26713.0,10245.31
25857.0,8441.19
25001.0,8025.73
24145.0,7836.45
23289.0,7746.51
22433.0,6786.31
21577.0,0.0
20721.0,6654.05
19865.0,5979.65
19009.0,5862.61
18153.0,6144.44
17297.0,7001.27
16441.0,7647.85
15585.0,0.0
14729.0,11779.06
13873.0,9259.27
13017.0,8401.22
12161.0,8122.88
11305.0,8038.02
10449.0,6899.74
9593.0,0.0
8737.0,7046.87
7881.0,6195.58
7025.0,6257.79
6169.0,6400.44
5313.0,6675.06
4457.0,6846.67
3601.0,0.0
2745.0,10062.41
1889.0,8060.38
1033.0,7633.67
177.0,7485.2
40410.0,5267.89
39554.0,0.0
38698.0,7640.75
37842.0,5970.15
36986.0,5999.48
36130.0,5965.55
35274.0,5945.86
34418.0,5320.97
33562.0,0.0
32706.0,5002.18
31850.0,4455.12
30994.0,4361.03
30138.0,4460.38
29282.0,4764.84
28426.0,0.0
27570.0,0.0
26714.0,7380.95
25858.0,5786.29
25002.0,5376.51
24146.0,5306.94
23290.0,5317.29
22434.0,5236.95
21578.0,0.0
20722.0,4349.69
19866.0,3835.55
19010.0,3830.01
18154.0,3995.11
17298.0,4767.15
16442.0,4930.46
15586.0,0.0
14730.0,8408.01
13874.0,6361.7
13018.0,5785.46
12162.0,5637.81
11306.0,5629.68
10450.0,4987.49
9594.0,0.0
8738.0,4681.46
7882.0,4020.26
7026.0,4034.98
6170.0,4115.98
5314.0,4412.48
4458.0,4695.89
3602.0,0.0
2746.0,7436.73
1890.0,5913.57
1034.0,5427.9
178.0,5260.79
40411.0,8590.93
39555.0,0.0
38699.0,14248.23
37843.0,11659.08
36987.0,10681.37
36131.0,10375.96
35275.0,10273.46
34419.0,8328.67
33563.0,0.0
32707.0,9642.81
31851.0,8817.3
30995.0,8230.03
30139.0,8543.53
29283.0,8672.53
28427.0,7609.99
27571.0,0.0
26715.0,13922.6
25859.0,11727.61
25003.0,10690.24
24147.0,10265.91
23291.0,9886.75
22435.0,7548.03
21579.0,0.0
20723.0,8805.34
19867.0,8035.59
19011.0,7764.73
18155.0,7768.52
17299.0,8472.33
16443.0,8068.17
15587.0,0.0
14731.0,15346.62
13875.0,12513.68
13019.0,11233.34
12163.0,10623.57
11307.0,10152.17
10451.0,7445.08
9595.0,0.0
8739.0,9503.18
7883.0,8775.74
7027.0,8300.71
6171.0,8213.59
5315.0,8310.17
4459.0,7310.66
3603.0,0.0
2747.0,13914.95
1891.0,11390.53
1035.0,10161.01
179.0,9720.5
40412.0,8962.6
39556.0,0.0
38700.0,14024.96
37844.0,11124.26
36988.0,10376.4
36132.0,10093.86
35276.0,10227.64
34420.0,8305.43
33564.0,0.0
32708.0,9112.81
31852.0,7939.42
30996.0,7877.44
30140.0,8137.28
29284.0,8336.61
28428.0,8245.26
27572.0,0.0
26716.0,13373.39
25860.0,10995.7
25004.0,10171.56
24148.0,9822.81
23292.0,9923.89
22436.0,7730.53
21580.0,0.0
20724.0,8629.27
19868.0,7597.23
19012.0,7397.28
18156.0,7549.38
17300.0,8821.65
16444.0,8966.69
15588.0,0.0
14732.0,15430.17
13876.0,12082.0
13020.0,11136.34
12164.0,10565.54
11308.0,10227.02
10452.0,7917.88
9596.0,0.0
8740.0,8857.51
7884.0,7881.57
7028.0,7827.61
6172.0,7969.48
5316.0,8337.72
4460.0,8093.63
3604.0,0.0
2748.0,13345.67
1892.0,10888.43
1036.0,9939.76
180.0,9621.51
40413.0,3812.28
39557.0,0.0
38701.0,7704.68
37845.0,6396.84
36989.0,5885.16
36133.0,5605.13
35277.0,5585.59
34421.0,3422.05
33565.0,0.0
32709.0,5176.83
31853.0,4779.19
30997.0,4535.58
30141.0,4593.01
29285.0,4770.99
28429.0,3394.14
27573.0,0.0
26717.0,7755.13
25861.0,6342.77
25005.0,5857.13
24149.0,5584.06
23293.0,5499.26
22437.0,3136.57
21581.0,0.0
20725.0,4622.97
19869.0,4210.68
19013.0,4031.53
18157.0,4157.14
17301.0,4754.86
16445.0,3479.08
15589.0,0.0
14733.0,8935.31
13877.0,6881.26
13021.0,6083.66
12165.0,5756.19
11309.0,5627.83
10453.0,3229.69
9597.0,0.0
8741.0,5048.06
7885.0,4515.73
7029.0,4373.46
6173.0,4375.46
5317.0,4518.31
4461.0,3175.46
3605.0,0.0
2749.0,7842.69
1893.0,6277.12
1037.0,5735.59
181.0,5513.56
40414.0,4967.12
39558.0,0.0
38702.0,9367.36
37846.0,8168.23
36990.0,7634.49
36134.0,7223.9
35278.0,7184.08
34422.0,4724.91
33566.0,0.0
32710.0,6415.57
31854.0,5915.39
30998.0,5805.11
30142.0,5904.57
29286.0,6086.28
28430.0,4763.58
27574.0,0.0
26718.0,9298.32
25862.0,8098.3
25006.0,7542.75
24150.0,7167.58
23294.0,7121.63
22438.0,4504.25
21582.0,0.0
20726.0,5992.84
19870.0,5558.12
19014.0,5333.07
18158.0,5475.53
17302.0,6430.19
16446.0,5058.89
15590.0,0.0
14734.0,10848.41
13878.0,8718.17
13022.0,7693.37
12166.0,7419.88
11310.0,7248.06
10454.0,4755.93
9598.0,0.0
8742.0,6335.35
7886.0,5849.36
7030.0,5781.22
6174.0,5771.21
5318.0,5955.08
4462.0,4738.23
3606.0,0.0
2750.0,9405.81
1894.0,7891.67
1038.0,7196.6
182.0,7062.93
40415.0,5001.52
39559.0,0.0
38703.0,7391.65
37847.0,5695.52
36991.0,5380.14
36135.0,5377.05
35279.0,5362.06
34423.0,4633.09
33567.0,0.0
32711.0,4620.02
31855.0,4147.44
30999.0,4179.21
30143.0,4243.19
29287.0,4503.99
28431.0,4654.47
27575.0,0.0
26719.0,7128.26
25863.0,5801.18
25007.0,5443.29
24151.0,5307.81
23295.0,5401.03
22439.0,4483.62
21583.0,0.0
20727.0,4428.71
19871.0,3910.97
19015.0,3807.68
18159.0,3916.48
17303.0,4735.38
16447.0,5145.69
15591.0,0.0
14735.0,8188.78
13879.0,6414.88
13023.0,5825.3
12167.0,5614.54
11311.0,5614.96
10455.0,4731.19
9599.0,0.0
8743.0,4672.62
7887.0,4070.99
7031.0,4039.9
6175.0,4090.84
5319.0,4376.43
4463.0,4741.32
3607.0,0.0
2751.0,6989.44
1895.0,5698.48
1039.0,5318.34
183.0,5149.76
40416.0,6559.68
39560.0,0.0
38704.0,8921.5
37848.0,7095.23
36992.0,6683.95
36136.0,6506.25
35280.0,6679.47
34424.0,5979.5
33568.0,0.0
32712.0,5948.49
31856.0,5274.7
31000.0,5297.69
30144.0,5367.67
29288.0,5933.64
28432.0,6145.06
27576.0,0.0
26720.0,8769.62
25864.0,7088.78
25008.0,6692.2
24152.0,6442.9
23296.0,6637.67
22440.0,5830.53
21584.0,0.0
20728.0,5741.03
19872.0,5004.26
19016.0,4910.3
18160.0,5026.39
17304.0,6149.77
16448.0,6781.44
15592.0,0.0
14736.0,10105.95
13880.0,7958.39
13024.0,7278.65
12168.0,6844.83
11312.0,6793.84
10456.0,5998.55
9600.0,0.0
8744.0,5929.08
7888.0,5239.82
7032.0,5080.24
6176.0,5147.8
5320.0,5602.57
4464.0,6227.79
3608.0,0.0
2752.0,8694.69
1896.0,6933.54
1040.0,6447.14
184.0,6289.48
40417.0,3392.87
39561.0,0.0
38705.0,6224.21
37849.0,4570.96
36993.0,4373.9
36137.0,4321.08
35281.0,4453.33
34425.0,3124.73
33569.0,0.0
32713.0,3993.9
31857.0,3495.63
31001.0,3355.82
30145.0,3376.4
29289.0,3652.06
28433.0,3016.08
27577.0,0.0
26721.0,5928.33
25865.0,4657.9
25009.0,4265.31
24153.0,4267.36
23297.0,4409.73
22441.0,2835.89
21585.0,0.0
20729.0,3350.85
19873.0,2974.92
19017.0,2885.1
18161.0,3042.84
17305.0,3704.41
16449.0,3124.46
15593.0,0.0
14737.0,6940.73
13881.0,5016.96
13025.0,4496.16
12169.0,4342.72
11313.0,4482.79
10457.0,2954.35
9601.0,0.0
8745.0,3589.85
7889.0,3241.07
7033.0,3129.57
6177.0,3205.48
5321.0,3535.16
4465.0,2965.96
3609.0,0.0
2753.0,6028.67
1897.0,4674.61
1041.0,4186.18
185.0,4123.89
40418.0,5397.67
39562.0,0.0
38706.0,10371.0
37850.0,8855.73
36994.0,8095.02
36138.0,7725.69
35282.0,7473.31
34426.0,4997.3
33570.0,0.0
32714.0,6692.95
31858.0,6288.91
31002.0,5904.09
30146.0,5862.35
29290.0,5885.45
28434.0,4363.52
27578.0,0.0
26722.0,9871.51
25866.0,8490.87
25010.0,7774.17
24154.0,7316.1
23298.0,7008.61
22442.0,4678.28
21586.0,0.0
20730.0,6191.59
19874.0,5661.49
19018.0,5413.67
18162.0,5418.57
17306.0,6198.17
16450.0,4981.59
15594.0,0.0
14738.0,11889.37
13882.0,9362.14
13026.0,8048.46
12170.0,7587.66
11314.0,7304.29
10458.0,4725.81
9602.0,0.0
8746.0,6648.81
7890.0,6165.1
7034.0,5955.75
6178.0,5901.19
5322.0,5765.82
4466.0,4483.8
3610.0,0.0
2754.0,9845.02
1898.0,8281.76
1042.0,7402.5
186.0,7098.27
40419.0,4446.72
39563.0,0.0
38707.0,7892.07
37851.0,5717.27
36995.0,5300.83
36139.0,5216.62
35283.0,5410.45
34427.0,4069.9
33571.0,0.0
32715.0,4872.16
31859.0,4248.93
31003.0,4276.63
30147.0,4264.95
29291.0,4708.73
28435.0,4328.98
27579.0,0.0
26723.0,7562.37
25867.0,5818.18
25011.0,5470.21
24155.0,5370.21
23299.0,5573.27
22443.0,4083.03
21587.0,0.0
20731.0,4352.87
19875.0,3865.44
19019.0,3811.07
18163.0,3942.09
17307.0,4902.26
16451.0,4790.51
15595.0,0.0
14739.0,9298.78
13883.0,6824.62
13027.0,6020.05
12171.0,5769.37
11315.0,5852.76
10459.0,4250.56
9603.0,0.0
8747.0,4636.18
7891.0,4021.44
7035.0,4044.45
6179.0,4080.15
5323.0,4497.23
4467.0,4296.3
3611.0,0.0
2755.0,7817.23
1899.0,6107.08
1043.0,5534.97
187.0,5361.07
40420.0,9915.66
39564.0,0.0
38708.0,13172.59
37852.0,11029.69
36996.0,10321.78
36140.0,9878.14
35284.0,9561.76
34428.0,8781.3
33572.0,0.0
32716.0,9330.47
31860.0,8370.68
31004.0,7999.07
30148.0,8056.52
29292.0,8433.67
28436.0,8446.11
27580.0,0.0
26724.0,12992.75
25868.0,11219.84
25012.0,10327.74
24156.0,9684.56
23300.0,9528.34
22444.0,8104.92
21588.0,0.0
20732.0,8655.26
19876.0,7879.76
19020.0,7641.74
18164.0,7698.5
17308.0,8329.18
16452.0,8944.91
15596.0,0.0
14740.0,14406.15
13884.0,11787.62
13028.0,10840.35
12172.0,10372.45
11316.0,9893.96
10460.0,8250.15
9604.0,0.0
8748.0,9318.44
7892.0,8445.89
7036.0,8089.36
6180.0,8067.58
5324.0,8096.89
4468.0,8147.2
3612.0,0.0
2756.0,12724.91
1900.0,10761.42
1044.0,9617.16
188.0,9428.98
40421.0,6497.51
39565.0,0.0
38709.0,9801.42
37853.0,8007.82
36997.0,7588.73
36141.0,7225.8
35285.0,7266.56
34429.0,5654.73
33573.0,0.0
32717.0,6489.76
31861.0,5910.37
31005.0,5801.52
30149.0,5912.53
29293.0,6342.68
28437.0,5821.21
27581.0,0.0
26725.0,9700.69
25869.0,8013.01
25013.0,7436.17
24157.0,7137.14
23301.0,7101.66
22445.0,5569.56
21589.0,0.0
20733.0,6150.88
19877.0,5453.63
19021.0,5296.59
18165.0,5480.79
17309.0,6665.95
16453.0,6286.44
15597.0,0.0
14741.0,11142.58
13885.0,8708.18
13029.0,7828.48
12173.0,7480.74
11317.0,7459.93
10461.0,5655.27
9605.0,0.0
8749.0,6418.29
7893.0,5757.22
7037.0,5825.64
6181.0,5856.71
5325.0,6194.66
4469.0,5712.12
3613.0,0.0
2757.0,9424.45
1901.0,7664.44
1045.0,7049.11
189.0,6960.51
40422.0,7698.39
39566.0,0.0
38710.0,12490.45
37854.0,9909.55
36998.0,9234.05
36142.0,8701.23
35286.0,8606.84
34430.0,6979.53
33574.0,0.0
32718.0,7422.41
31862.0,6889.22
31006.0,6806.45
30150.0,6943.62
29294.0,7142.15
28438.0,6998.95
27582.0,0.0
26726.0,11989.38
25870.0,9891.43
25014.0,9014.15
24158.0,8538.78
23302.0,8301.63
22446.0,6627.05
21590.0,0.0
20734.0,7264.48
19878.0,6366.81
19022.0,6125.63
18166.0,6582.75
17310.0,7506.23
16454.0,7273.01
15598.0,0.0
14742.0,14335.46
13886.0,10661.1
13030.0,9520.43
12174.0,8874.57
11318.0,8537.16
10462.0,6920.16
9606.0,0.0
8750.0,7424.23
7894.0,6681.07
7038.0,6578.17
6182.0,6700.11
5326.0,6983.17
4470.0,6823.47
3614.0,0.0
2758.0,11989.76
1902.0,9593.92
1046.0,8564.35
190.0,8288.2
40423.0,7548.23
39567.0,0.0
38711.0,11547.66
37855.0,9446.43
36999.0,8571.58
36143.0,8106.31
35287.0,8174.76
34431.0,7123.48
33575.0,0.0
32719.0,7850.39
31863.0,7116.32
31007.0,6811.95
30151.0,6711.63
29295.0,6976.54
28439.0,6935.91
27583.0,0.0
26727.0,11437.8
25871.0,9667.47
25015.0,8909.93
24159.0,8384.9
23303.0,8069.15
22447.0,6900.68
21591.0,0.0
20735.0,7390.47
19879.0,6778.22
19023.0,6469.99
18167.0,6529.75
17311.0,7514.18
16455.0,7651.48
15599.0,0.0
14743.0,14566.35
13887.0,10655.32
13031.0,9425.07
12175.0,8753.58
11319.0,8469.15
10463.0,7091.87
9607.0,0.0
8751.0,7795.47
7895.0,7119.96
7039.0,6862.03
6183.0,6861.97
5327.0,7048.22
4471.0,6844.83
3615.0,0.0
2759.0,11827.03
1903.0,9700.27
1047.0,8633.37
191.0,8340.34
40424.0,5279.89
39568.0,0.0
38712.0,7362.04
37856.0,5965.4
37000.0,5625.44
36144.0,5791.64
35288.0,5944.91
34432.0,4942.54
33576.0,0.0
32720.0,5109.61
31864.0,4616.81
31008.0,4487.24
30152.0,4717.02
29296.0,5122.92
28440.0,4766.51
27584.0,0.0
26728.0,7333.07
25872.0,5996.12
25016.0,5585.96
24160.0,5657.41
23304.0,5844.96
22448.0,4827.22
21592.0,0.0
20736.0,4897.1
19880.0,4282.42
19024.0,4129.65
18168.0,4360.13
17312.0,5245.18
16456.0,5301.49
15600.0,0.0
14744.0,7875.64
13888.0,6377.18
13032.0,5903.67
12176.0,5905.31
11320.0,6071.08
10464.0,5033.32
9608.0,0.0
8752.0,5171.67
7896.0,4396.28
7040.0,4389.56
6184.0,4593.67
5328.0,5093.26
4472.0,4985.08
3616.0,0.0
2760.0,6963.46
1904.0,5712.12
1048.0,5437.89
192.0,5439.96
40425.0,8320.66
39569.0,0.0
38713.0,13464.15
37857.0,10687.63
37001.0,10355.05
36145.0,9675.16
35289.0,9710.48
34433.0,7813.46
33577.0,0.0
32721.0,8357.59
31865.0,7558.15
31009.0,7419.19
30153.0,7610.81
29297.0,7738.03
28441.0,7525.01
27585.0,0.0
26729.0,12526.72
25873.0,10208.44
25017.0,9659.39
24161.0,9273.28
23305.0,9191.44
22449.0,7160.26
21593.0,0.0
20737.0,7557.51
19881.0,6746.51
19025.0,6559.19
18169.0,6981.58
17313.0,8027.0
16457.0,7995.94
15601.0,0.0
14745.0,14311.58
13889.0,10925.46
13033.0,10232.07
12177.0,9667.94
11321.0,9481.43
10465.0,7491.32
9609.0,0.0
8753.0,7798.33
7897.0,6984.26
7041.0,6876.54
6185.0,7221.63
5329.0,7555.72
4473.0,7435.11
3617.0,0.0
2761.0,12552.25
1905.0,10093.06
1049.0,9174.36
193.0,9029.15
40426.0,17488.56
39570.0,0.0
38714.0,23820.39
37858.0,20637.9
37002.0,18759.44
36146.0,18234.19
35290.0,17594.95
34434.0,15739.73
33578.0,0.0
32722.0,18079.28
31866.0,17844.9
31010.0,16313.56
30154.0,16066.11
29298.0,16803.72
28442.0,16810.27
27586.0,0.0
26730.0,22794.93
25874.0,20538.73
25018.0,18381.06
24162.0,17654.22
23306.0,17141.41
22450.0,15880.67
21594.0,0.0
20738.0,16579.47
19882.0,16238.6
19026.0,15247.35
18170.0,15383.05
17314.0,17200.46
16458.0,17875.58
15602.0,0.0
14746.0,25394.04
13890.0,21278.71
13034.0,20690.59
12178.0,19089.63
11322.0,18848.1
10466.0,16887.38
9610.0,0.0
8754.0,17651.33
7898.0,16964.69
7042.0,16615.4
6186.0,15905.32
5330.0,15683.61
4474.0,16510.44
3618.0,0.0
2762.0,22293.23
1906.0,20271.31
1050.0,18520.52
194.0,17812.05
40427.0,8132.1
39571.0,0.0
38715.0,15140.28
37859.0,12145.9
37003.0,11085.22
36147.0,10855.23
35291.0,10545.91
34435.0,7843.47
33579.0,0.0
32723.0,9297.04
31867.0,8369.96
31011.0,8540.12
30155.0,8702.31
29299.0,8958.68
28443.0,7694.8
27587.0,0.0
26731.0,14228.17
25875.0,11554.5
25019.0,10835.16
24163.0,10450.36
23307.0,10241.6
22451.0,7388.09
21595.0,0.0
20739.0,8445.57
19883.0,7358.89
19027.0,7339.12
18171.0,7804.2
17315.0,8956.38
16459.0,8182.39
15603.0,0.0
14747.0,16156.33
13891.0,12442.04
13035.0,11285.72
12179.0,10729.0
11323.0,10269.6
10467.0,7355.84
9611.0,0.0
8755.0,8845.34
7899.0,7869.16
7043.0,7826.79
6187.0,8135.57
5331.0,8479.03
4475.0,7469.68
3619.0,0.0
2763.0,14192.93
1907.0,11442.79
1051.0,10245.32
195.0,9939.41
40428.0,3601.9
39572.0,0.0
38716.0,8944.81
37860.0,7211.6
37004.0,6557.91
36148.0,6067.62
35292.0,6028.48
34436.0,3428.9
33580.0,0.0
32724.0,5451.15
31868.0,5092.04
31012.0,4989.22
30156.0,4965.5
29300.0,5050.69
28444.0,3557.51
27588.0,0.0
26732.0,8115.24
25876.0,6730.38
25020.0,6130.9
24164.0,5782.45
23308.0,5724.76
22452.0,3268.05
21596.0,0.0
20740.0,5083.58
19884.0,4640.36
19028.0,4459.27
18172.0,4558.22
17316.0,5384.8
16460.0,3617.55
15604.0,0.0
14748.0,9761.22
13892.0,7446.99
13036.0,6493.77
12180.0,6200.92
11324.0,6069.43
10468.0,3368.85
9612.0,0.0
8756.0,5312.14
7900.0,4801.06
7044.0,4663.92
6188.0,4720.41
5332.0,4948.27
4476.0,3401.36
3620.0,0.0
2764.0,8140.68
1908.0,6511.11
1052.0,5867.28
196.0,5726.98
40429.0,3247.79
39573.0,0.0
38717.0,4314.08
37861.0,3559.76
37005.0,3404.82
36149.0,3324.56
35293.0,3460.84
34437.0,3322.58
33581.0,0.0
32725.0,2937.65
31869.0,2625.86
31013.0,2518.83
30157.0,2594.52
29301.0,2837.18
28445.0,2971.17
27589.0,0.0
26733.0,4242.69
25877.0,3527.66
25021.0,3346.81
24165.0,3271.6
23309.0,3302.67
22453.0,3189.67
21597.0,0.0
20741.0,2583.59
19885.0,2365.73
19029.0,2293.94
18173.0,2398.84
17317.0,2816.11
16461.0,3146.79
15605.0,0.0
14749.0,5210.74
13893.0,3938.74
13037.0,3585.28
12181.0,3475.8
11325.0,3547.59
10469.0,3119.64
9613.0,0.0
8757.0,2776.31
7901.0,2498.72
7045.0,2321.52
6189.0,2416.72
5333.0,2631.27
4477.0,2915.97
3621.0,0.0
2765.0,4376.46
1909.0,3590.89
1053.0,3313.33
197.0,3264.43
40430.0,6539.05
39574.0,0.0
38718.0,8735.67
37862.0,7198.81
37006.0,6819.72
36150.0,6584.36
35294.0,6710.42
34438.0,6140.68
33582.0,0.0
32726.0,5768.96
31870.0,5148.72
31014.0,5221.24
30158.0,5333.69
29302.0,5695.51
28446.0,6207.07
27590.0,0.0
26734.0,8468.24
25878.0,7020.62
25022.0,6673.08
24166.0,6540.28
23310.0,6657.35
22454.0,6081.81
21598.0,0.0
20742.0,5642.53
19886.0,4936.62
19030.0,4846.56
18174.0,5127.35
17318.0,6226.95
16462.0,6888.13
15606.0,0.0
14750.0,9774.54
13894.0,7564.46
13038.0,7009.61
12182.0,6735.13
11326.0,6799.09
10470.0,6207.06
9614.0,0.0
8758.0,5700.02
7902.0,5101.01
7046.0,5076.3
6190.0,5190.2
5334.0,5650.7
4478.0,6362.34
3622.0,0.0
2766.0,8551.88
1910.0,6897.88
1054.0,6448.53
198.0,6346.49
40431.0,6090.64
39575.0,0.0
38719.0,11618.33
37863.0,9810.36
37007.0,8962.38
36151.0,8381.06
35295.0,8204.62
34439.0,5989.83
33583.0,0.0
32727.0,7314.71
31871.0,6802.52
31015.0,6740.54
30159.0,6741.78
29303.0,7024.66
28447.0,6140.93
27591.0,0.0
26735.0,11323.47
25879.0,9376.31
25023.0,8744.11
24167.0,8236.86
23311.0,8070.72
22455.0,5566.37
21599.0,0.0
20743.0,6991.71
19887.0,6514.07
19031.0,6268.85
18175.0,6551.13
17319.0,7648.98
16463.0,6449.84
15607.0,0.0
14751.0,14482.82
13895.0,10772.32
13039.0,9384.71
12183.0,8701.45
11327.0,8392.06
10471.0,5793.71
9615.0,0.0
8759.0,7451.87
7903.0,6805.65
7047.0,6620.93
6191.0,6699.34
5335.0,6847.06
4479.0,5896.08
3623.0,0.0
2767.0,11693.61
1911.0,9352.6
1055.0,8530.43
199.0,8189.53
40432.0,5031.6
39576.0,0.0
38720.0,8523.72
37864.0,7188.8
37008.0,6575.3
36152.0,6503.58
35296.0,6398.01
34440.0,4398.79
33584.0,0.0
32728.0,5689.88
31872.0,5374.63
31016.0,5153.6
30160.0,5312.55
29304.0,5538.7
28448.0,0.0
27592.0,0.0
26736.0,8475.52
25880.0,7020.19
25024.0,6323.69
24168.0,6172.93
23312.0,6021.05
22456.0,4772.38
21600.0,0.0
20744.0,5312.28
19888.0,4896.93
19032.0,4665.32
18176.0,4993.71
17320.0,5566.09
16464.0,4381.24
15608.0,0.0
14752.0,9975.23
13896.0,7837.03
13040.0,6746.77
12184.0,6559.12
11328.0,6334.57
10472.0,4260.11
9616.0,0.0
8760.0,5757.51
7904.0,5195.13
7048.0,4962.45
6192.0,5100.82
5336.0,5335.05
4480.0,3954.17
3624.0,0.0
2768.0,8864.33
1912.0,7299.77
1056.0,6475.08
200.0,6297.39
40433.0,11086.85
39577.0,16519.84
38721.0,13881.87
37865.0,12627.86
37009.0,12211.86
36153.0,11945.95
35297.0,12243.32
34441.0,9487.99
33585.0,15200.62
32729.0,11877.37
31873.0,11187.78
31017.0,10966.17
30161.0,11162.82
29305.0,11388.28
28449.0,9870.3
27593.0,15368.34
26737.0,13586.45
25881.0,12734.01
25025.0,12503.02
24169.0,12277.13
23313.0,12116.36
22457.0,8826.7
21601.0,14596.6
20745.0,11210.88
19889.0,10551.56
19033.0,10429.97
18177.0,10490.69
17321.0,11260.77
16465.0,9834.06
15609.0,15486.09
14753.0,15367.51
13897.0,13704.37
13041.0,12832.63
12185.0,12230.14
11329.0,12108.59
10473.0,8950.68
9617.0,14845.84
8761.0,11995.13
7905.0,10887.58
7049.0,10758.14
6193.0,10671.93
5337.0,10988.22
4481.0,9120.66
3625.0,15278.67
2769.0,13353.67
1913.0,12038.46
1057.0,11804.06
201.0,11751.23
40434.0,18688.47
39578.0,29171.2
38722.0,21904.12
37866.0,20756.8
37010.0,20084.18
36154.0,19659.14
35298.0,20167.2
34442.0,18290.12
33586.0,28448.78
32730.0,19675.9
31874.0,18808.96
31018.0,18256.16
30162.0,18907.96
29306.0,19387.68
28450.0,18539.02
27594.0,28732.27
26738.0,21694.82
25882.0,21122.72
25026.0,21070.74
24170.0,20827.2
23314.0,19744.78
22458.0,18524.74
21602.0,28816.47
20746.0,18618.48
19890.0,17594.02
19034.0,17430.46
18178.0,18680.25
17322.0,19411.77
16466.0,19501.54
15610.0,29162.18
14754.0,24320.35
13898.0,22314.6
13042.0,22878.77
12186.0,21863.63
11330.0,21522.9
10474.0,19079.37
9618.0,27921.24
8762.0,18878.94
7906.0,17603.48
7050.0,17406.57
6194.0,18144.97
5338.0,18511.67
4482.0,18156.29
3626.0,28643.06
2770.0,21868.55
1914.0,21369.54
1058.0,21718.2
202.0,21244.67
40435.0,5319.81
39579.0,0.0
38723.0,5800.95
37867.0,4816.43
37011.0,4667.67
36155.0,4587.22
35299.0,4654.13
34443.0,4854.65
33587.0,0.0
32731.0,4349.44
31875.0,3939.42
31019.0,3759.2
30163.0,3737.59
29307.0,3986.91
28451.0,0.0
27595.0,0.0
26739.0,5676.12
25883.0,4844.89
25027.0,4545.39
24171.0,4374.01
23315.0,4317.89
22459.0,4360.08
21603.0,0.0
20747.0,3874.47
19891.0,3540.65
19035.0,3430.52
18179.0,3473.06
17323.0,3930.92
16467.0,4505.79
15611.0,0.0
14755.0,6466.27
13899.0,5192.42
13043.0,4707.07
12187.0,4653.03
11331.0,4628.64
10475.0,4511.95
9619.0,0.0
8763.0,4250.15
7907.0,3772.36
7051.0,3754.12
6195.0,3786.04
5339.0,3871.08
4483.0,4109.95
3627.0,0.0
2771.0,5834.97
1915.0,4886.1
1059.0,4563.44
203.0,4484.41
40436.0,2723.37
39580.0,0.0
38724.0,8238.16
37868.0,6533.36
37012.0,5970.76
36156.0,5669.75
35300.0,5682.45
34444.0,2600.19
33588.0,0.0
32732.0,5208.88
31876.0,4768.99
31020.0,4499.13
30164.0,4488.38
29308.0,4606.55
28452.0,2614.25
27596.0,0.0
26740.0,7968.3
25884.0,6313.12
25028.0,5630.23
24172.0,5343.21
23316.0,5344.33
22460.0,2474.37
21604.0,0.0
20748.0,4754.43
19892.0,4262.99
19036.0,4022.16
18180.0,4085.97
17324.0,4768.48
16468.0,2627.55
15612.0,0.0
14756.0,8995.28
13900.0,6831.19
13044.0,5985.39
12188.0,5572.91
11332.0,5540.91
10476.0,2498.29
9620.0,0.0
8764.0,5033.11
7908.0,4499.79
7052.0,4377.94
6196.0,4366.71
5340.0,4525.04
4484.0,2447.1
3628.0,0.0
2772.0,7787.4
1916.0,6206.1
1060.0,5522.93
204.0,5232.08
40437.0,11115.92
39581.0,0.0
38725.0,14311.15
37869.0,11336.05
37013.0,10677.47
36157.0,11107.13
35301.0,10332.71
34445.0,10873.66
33589.0,0.0
32733.0,9689.31
31877.0,8797.34
31021.0,8685.09
30165.0,9175.73
29309.0,8924.58
28453.0,10498.26
27597.0,0.0
26741.0,13924.24
25885.0,11608.45
25029.0,10719.09
24173.0,10610.27
23317.0,10180.49
22461.0,10933.62
21605.0,0.0
20749.0,9108.82
19893.0,8283.24
19037.0,8181.22
18181.0,8578.7
17325.0,9032.93
16469.0,11375.54
15613.0,0.0
14757.0,16033.73
13901.0,12638.94
13045.0,11513.87
12189.0,11096.48
11333.0,10683.86
10477.0,10899.5
9621.0,0.0
8765.0,9817.96
7909.0,8899.51
7053.0,8687.6
6197.0,8863.96
5341.0,9014.28
4485.0,10485.74
3629.0,0.0
2773.0,14299.69
1917.0,11435.89
1061.0,10301.55
205.0,10248.11
40438.0,3481.25
39582.0,0.0
38726.0,6579.13
37870.0,5301.26
37014.0,5035.11
36158.0,4945.87
35302.0,5009.71
34446.0,3062.78
33590.0,0.0
32734.0,4521.0
31878.0,3985.17
31022.0,3943.71
30166.0,3998.12
29310.0,4135.59
28454.0,3009.82
27598.0,0.0
26742.0,6483.69
25886.0,5338.53
25030.0,4939.56
24174.0,4799.69
23318.0,4724.03
22462.0,2832.36
21606.0,0.0
20750.0,4085.96
19894.0,3736.8
19038.0,3693.88
18182.0,3690.01
17326.0,4169.79
16470.0,3084.55
15614.0,0.0
14758.0,7124.68
13902.0,5833.68
13046.0,5238.44
12190.0,4969.97
11334.0,4936.06
10478.0,2847.76
9622.0,0.0
8766.0,4501.84
7910.0,4061.26
7054.0,3971.36
6198.0,3994.79
5342.0,4100.96
4486.0,2852.28
3630.0,0.0
2774.0,6441.98
1918.0,5419.55
1062.0,4896.29
206.0,4699.43
40439.0,4805.44
39583.0,0.0
38727.0,11024.58
37871.0,8804.41
37015.0,8161.06
36159.0,7852.03
35303.0,7876.82
34447.0,4522.63
33591.0,0.0
32735.0,7056.66
31879.0,6530.74
31023.0,6284.98
30167.0,6365.05
29311.0,6627.74
28455.0,4724.75
27599.0,0.0
26743.0,10376.67
25887.0,8517.63
25031.0,8008.85
24175.0,7647.99
23319.0,7416.34
22463.0,4494.57
21607.0,0.0
20751.0,6640.41
19895.0,6075.92
19039.0,5861.98
18183.0,6056.89
17327.0,7070.23
16471.0,5039.76
15615.0,0.0
14759.0,12103.62
13903.0,9474.86
13047.0,8454.96
12191.0,7991.06
11335.0,7720.27
10479.0,4651.45
9623.0,0.0
8767.0,6799.44
7911.0,6294.97
7055.0,6157.37
6199.0,6157.0
5343.0,6334.71
4487.0,4685.47
3631.0,0.0
2775.0,10091.18
1919.0,8179.91
1063.0,7591.97
207.0,7256.95
40440.0,3887.86
39584.0,0.0
38728.0,9292.41
37872.0,7659.42
37016.0,6892.74
36160.0,6665.77
35304.0,6683.29
34448.0,3366.62
33592.0,0.0
32736.0,5918.12
31880.0,5501.17
31024.0,5186.25
30168.0,5340.99
29312.0,5650.98
28456.0,3344.24
27600.0,0.0
26744.0,9414.81
25888.0,7880.02
25032.0,7039.55
24176.0,6661.89
23320.0,6566.97
22464.0,3078.34
21608.0,0.0
20752.0,5481.51
19896.0,5010.54
19040.0,4790.43
18184.0,5078.74
17328.0,5713.81
16472.0,3520.62
15616.0,0.0
14760.0,11067.84
13904.0,8562.37
13048.0,7264.47
12192.0,6916.76
11336.0,6783.71
10480.0,3184.88
9624.0,0.0
8768.0,5690.01
7912.0,5318.68
7056.0,5100.88
6200.0,5219.04
5344.0,5401.62
4488.0,3147.47
3632.0,0.0
2776.0,9616.23
1920.0,7971.19
1064.0,6898.4
208.0,6595.24
40441.0,5998.01
39585.0,0.0
38729.0,10489.6
37873.0,8618.08
37017.0,8154.44
36161.0,7877.68
35305.0,7624.42
34449.0,5612.61
33593.0,0.0
32737.0,7225.43
31881.0,6625.28
31025.0,6497.22
30169.0,6578.66
29313.0,6969.97
28457.0,5532.3
27601.0,0.0
26745.0,10329.82
25889.0,8623.36
25033.0,8165.3
24177.0,7763.94
23321.0,7625.75
22465.0,5265.97
21609.0,0.0
20753.0,6891.96
19897.0,6265.35
19041.0,6055.72
18185.0,6303.13
17329.0,7361.51
16473.0,5773.94
15617.0,0.0
14761.0,11758.64
13905.0,9357.65
13049.0,8456.74
12193.0,8059.83
11337.0,7854.02
10481.0,5333.49
9625.0,0.0
8769.0,7384.2
7913.0,6696.45
7057.0,6535.11
6201.0,6596.0
5345.0,6873.39
4489.0,5300.12
3633.0,0.0
2777.0,10200.93
1921.0,8292.78
1065.0,7763.61
209.0,7524.96
40442.0,5171.14
39586.0,8250.63
38730.0,6309.93
37874.0,5604.81
37018.0,5670.17
36162.0,5723.39
35306.0,6127.66
34450.0,4559.32
33594.0,7948.1
32738.0,5463.63
31882.0,4831.04
31026.0,4890.24
30170.0,5021.08
29314.0,5430.09
28458.0,4536.81
27602.0,7813.92
26746.0,5872.98
25890.0,5534.75
25034.0,5664.15
24178.0,5691.29
23322.0,5984.58
22466.0,4295.95
21610.0,7450.82
20754.0,4944.08
19898.0,4412.21
19042.0,4483.99
18186.0,4681.54
17330.0,5643.47
16474.0,4696.38
15618.0,8231.55
14762.0,7374.38
13906.0,5964.46
13050.0,5704.15
12194.0,5681.73
11338.0,6031.58
10482.0,4362.26
9626.0,8161.32
8770.0,0.0
7914.0,0.0
7058.0,0.0
6202.0,5424.28
5346.0,0.0
4490.0,0.0
3634.0,5232.56
2778.0,5982.65
1922.0,4837.35
1066.0,4376.29
210.0,4595.94
40443.0,7557.36
39587.0,0.0
38731.0,9766.59
37875.0,7950.11
37019.0,7215.45
36163.0,6867.61
35307.0,6827.61
34451.0,6972.45
33595.0,0.0
32739.0,6260.92
31883.0,5668.73
31027.0,5619.38
30171.0,5608.53
29315.0,6020.46
28459.0,0.0
27603.0,0.0
26747.0,9595.71
25891.0,7821.5
25035.0,6877.68
24179.0,6583.85
23323.0,6480.92
22467.0,7203.91
21611.0,0.0
20755.0,5717.88
19899.0,5148.68
19043.0,4966.97
18187.0,5119.17
17331.0,6023.2
16475.0,6872.22
15619.0,0.0
14763.0,11650.36
13907.0,8624.84
13051.0,7463.65
12195.0,7079.3
11339.0,6851.8
10483.0,6794.65
9627.0,0.0
8771.0,6120.26
7915.0,5491.95
7059.0,5430.94
6203.0,5384.79
5347.0,5565.11
4491.0,6259.3
3635.0,0.0
2779.0,9856.75
1923.0,7816.62
1067.0,7005.09
211.0,6710.12
40444.0,5411.13
39588.0,0.0
38732.0,9124.85
37876.0,7227.1
37020.0,6842.84
36164.0,6814.28
35308.0,6868.4
34452.0,5356.35
33596.0,0.0
32740.0,5751.27
31884.0,5189.91
31028.0,5217.58
30172.0,5283.41
29316.0,5829.62
28460.0,0.0
27604.0,0.0
26748.0,8502.89
25892.0,6878.03
25036.0,6356.75
24180.0,6202.69
23324.0,6350.29
22468.0,5575.24
21612.0,0.0
20756.0,5160.16
19900.0,4601.47
19044.0,4549.57
18188.0,4844.61
17332.0,5687.93
16476.0,5558.24
15620.0,0.0
14764.0,9381.8
13908.0,7365.03
13052.0,6665.05
12196.0,6528.98
11340.0,6468.7
10484.0,5434.19
9628.0,0.0
8772.0,5517.18
7916.0,4865.37
7060.0,4941.76
6204.0,5086.11
5348.0,5383.22
4492.0,5367.5
3636.0,0.0
2780.0,8351.95
1924.0,6719.15
1068.0,6262.84
212.0,6199.59
40445.0,5361.01
39589.0,0.0
38733.0,9806.47
37877.0,8085.11
37021.0,7302.21
36165.0,7283.56
35309.0,7341.31
34453.0,4812.88
33597.0,0.0
32741.0,6670.46
31885.0,6137.53
31029.0,5881.63
30173.0,6068.07
29317.0,6149.86
28461.0,4916.94
27605.0,0.0
26749.0,9718.16
25893.0,8097.84
25037.0,7398.69
24181.0,7106.51
23325.0,7140.37
22469.0,4604.35
21613.0,0.0
20757.0,6376.55
19901.0,5858.12
19045.0,5580.9
18189.0,5700.49
17333.0,6413.11
16477.0,5058.2
15621.0,0.0
14765.0,10939.48
13909.0,8659.14
13053.0,7579.73
12197.0,7335.81
11341.0,7266.86
10485.0,4675.61
9629.0,0.0
8773.0,6763.94
7917.0,6245.58
7061.0,6026.41
6205.0,5971.18
5349.0,6080.48
4493.0,4676.88
3637.0,0.0
2781.0,9528.56
1925.0,7778.26
1069.0,7065.75
213.0,6887.42
40446.0,10192.64
39590.0,0.0
38734.0,14183.82
37878.0,11266.01
37022.0,9955.01
36166.0,10066.43
35310.0,10211.06
34454.0,9355.72
33598.0,0.0
32742.0,9250.51
31886.0,8210.9
31030.0,8114.51
30174.0,8505.22
29318.0,9221.69
28462.0,6871.48
27606.0,0.0
26750.0,13905.66
25894.0,11393.41
25038.0,10473.95
24182.0,10048.15
23326.0,9981.48
22470.0,8168.98
21614.0,0.0
20758.0,8638.95
19902.0,7570.48
19046.0,7359.1
18190.0,7652.14
17334.0,8934.34
16478.0,8799.16
15622.0,0.0
14766.0,17595.57
13910.0,11989.22
13054.0,10892.36
12198.0,10411.01
11342.0,10197.28
10486.0,8479.35
9630.0,0.0
8774.0,9077.84
7918.0,7947.7
7062.0,7900.49
6206.0,8045.06
5350.0,8534.34
4494.0,7985.28
3638.0,0.0
2782.0,15070.36
1926.0,11489.86
1070.0,10186.11
214.0,9774.85
40447.0,6727.58
39591.0,0.0
38735.0,9358.14
37879.0,7365.35
37023.0,6959.73
36167.0,6908.9
35311.0,7014.7
34455.0,6080.94
33599.0,0.0
32743.0,5965.99
31887.0,5405.56
31031.0,5460.41
30175.0,5630.77
29319.0,6138.45
28463.0,6175.83
27607.0,0.0
26751.0,9210.85
25895.0,7359.81
25039.0,6959.05
24183.0,6922.17
23327.0,7032.46
22471.0,5944.78
21615.0,0.0
20759.0,5747.62
19903.0,5090.66
19047.0,5012.58
18191.0,5266.94
17335.0,6245.34
16479.0,6859.08
15623.0,0.0
14767.0,11086.08
13911.0,8020.77
13055.0,7160.1
12199.0,7119.25
11343.0,7164.47
10487.0,6094.82
9631.0,0.0
8775.0,6036.0
7919.0,5330.65
7063.0,5401.51
6207.0,5641.14
5351.0,5946.47
4495.0,6278.09
3639.0,0.0
2783.0,9176.45
1927.0,7169.15
1071.0,6765.66
215.0,6771.99
40448.0,6365.8
39592.0,0.0
38736.0,8447.21
37880.0,6668.06
37024.0,6395.83
36168.0,6485.24
35312.0,6500.25
34456.0,5827.45
33600.0,0.0
32744.0,5699.99
31888.0,5069.96
31032.0,5003.19
30176.0,5229.15
29320.0,5691.54
28464.0,6117.17
27608.0,0.0
26752.0,8287.51
25896.0,6779.59
25040.0,6390.26
24184.0,6318.27
23328.0,6388.23
22472.0,5814.92
21616.0,0.0
20760.0,5459.97
19904.0,4750.64
19048.0,4640.3
18192.0,4920.5
17336.0,5761.79
16480.0,6497.73
15624.0,0.0
14768.0,9316.17
13912.0,7419.27
13056.0,6785.0
12200.0,6603.53
11344.0,6538.99
10488.0,5881.65
9632.0,0.0
8776.0,5762.64
7920.0,5083.55
7064.0,4929.0
6208.0,5128.88
5352.0,5508.82
4496.0,6077.7
3640.0,0.0
2784.0,8108.88
1928.0,6549.36
1072.0,6189.82
216.0,6107.73
40449.0,8483.85
39593.0,0.0
38737.0,10374.82
37881.0,8474.41
37025.0,7731.29
36169.0,7864.82
35313.0,7771.39
34457.0,7606.66
33601.0,0.0
32745.0,7400.12
31889.0,6828.49
31033.0,6310.88
30177.0,6566.46
29321.0,6713.64
28465.0,0.0
27609.0,0.0
26753.0,10452.12
25897.0,8627.24
25041.0,7551.14
24185.0,7375.81
23329.0,7002.47
22473.0,7172.25
21617.0,0.0
20761.0,6650.37
19905.0,6037.85
19049.0,5714.47
18193.0,5956.65
17337.0,6712.29
16481.0,7094.84
15625.0,0.0
14769.0,12211.76
13913.0,9362.28
13057.0,8046.12
12201.0,7704.29
11345.0,7591.67
10489.0,6955.07
9633.0,0.0
8777.0,7134.9
7921.0,6542.25
7065.0,6378.36
6209.0,6421.48
5353.0,6572.51
4497.0,6413.63
3641.0,0.0
2785.0,10460.09
1929.0,8584.89
1073.0,7773.28
217.0,7446.43
40450.0,5662.36
39594.0,0.0
38738.0,8203.52
37882.0,6379.64
37026.0,5872.63
36170.0,5729.51
35314.0,5672.59
34458.0,5467.24
33602.0,0.0
32746.0,5082.99
31890.0,4588.44
31034.0,4508.25
30178.0,4547.42
29322.0,4906.83
28466.0,0.0
27610.0,0.0
26754.0,7954.0
25898.0,6243.41
25042.0,5536.68
24186.0,5214.66
23330.0,5247.51
22474.0,5390.12
21618.0,0.0
20762.0,4445.16
19906.0,3917.51
19050.0,3849.53
18194.0,3943.52
17338.0,4750.33
16482.0,5086.42
15626.0,0.0
14770.0,9450.38
13914.0,6894.99
13058.0,6001.59
12202.0,5763.11
11346.0,5663.1
10490.0,5213.8
9634.0,0.0
8778.0,4921.4
7922.0,4199.63
7066.0,4177.01
6210.0,4205.66
5354.0,4442.79
4498.0,4847.46
3642.0,0.0
2786.0,7969.03
1930.0,6244.18
1074.0,5636.29
218.0,5474.74
40451.0,6744.2
39595.0,0.0
38739.0,7760.93
37883.0,6238.74
37027.0,5869.68
36171.0,5698.12
35315.0,5694.08
34459.0,6169.26
33603.0,0.0
32747.0,5385.26
31891.0,4890.5
31035.0,4760.83
30179.0,4768.7
29323.0,4924.88
28467.0,5727.8
27611.0,0.0
26755.0,7799.21
25899.0,6490.02
25043.0,6012.63
24187.0,5781.27
23331.0,5770.61
22475.0,5690.92
21619.0,0.0
20763.0,5126.7
19907.0,4623.84
19051.0,4515.47
18195.0,4613.71
17339.0,5083.37
16483.0,5952.93
15627.0,0.0
14771.0,8734.35
13915.0,7169.29
13059.0,6403.43
12203.0,6059.19
11347.0,6059.26
10491.0,5813.01
9635.0,0.0
8779.0,5760.15
7923.0,5106.26
7067.0,4937.15
6211.0,4932.39
5355.0,5038.6
4499.0,5537.75
3643.0,0.0
2787.0,7867.15
1931.0,6599.94
1075.0,6113.62
219.0,5889.65
40452.0,10018.59
39596.0,0.0
38740.0,11979.32
37884.0,9670.67
37028.0,8826.55
36172.0,8482.9
35316.0,8302.71
34460.0,9256.75
33604.0,0.0
32748.0,7950.0
31892.0,7228.04
31036.0,7030.14
30180.0,7163.5
29324.0,7468.8
28468.0,0.0
27612.0,0.0
26756.0,11705.1
25900.0,9548.04
25044.0,8361.19
24188.0,7976.84
23332.0,7754.98
22476.0,8210.55
21620.0,0.0
20764.0,7314.96
19908.0,6481.08
19052.0,6175.67
18196.0,6514.71
17340.0,7361.05
16484.0,8372.78
15628.0,0.0
14772.0,13657.56
13916.0,10036.76
13060.0,8923.0
12204.0,8382.16
11348.0,8184.02
10492.0,8438.54
9636.0,0.0
8780.0,7776.01
7924.0,6956.62
7068.0,6846.9
6212.0,7101.51
5356.0,7207.84
4500.0,7781.29
3644.0,0.0
2788.0,11745.61
1932.0,9375.43
1076.0,8441.28
220.0,8221.0
40453.0,5225.68
39597.0,0.0
38741.0,8627.52
37885.0,6190.78
37029.0,5935.47
36173.0,5812.77
35317.0,5827.61
34461.0,5064.48
33605.0,0.0
32749.0,4906.92
31893.0,4381.86
31037.0,4250.48
30181.0,4361.64
29325.0,4699.61
28469.0,0.0
27613.0,0.0
26757.0,8091.64
25901.0,6212.18
25045.0,5535.1
24189.0,5329.07
23333.0,5343.48
22477.0,5163.91
21621.0,0.0
20765.0,4225.48
19909.0,3770.7
19053.0,3683.35
18197.0,3762.74
17341.0,4561.69
16485.0,4989.53
15629.0,0.0
14773.0,10024.94
13917.0,7063.52
13061.0,6096.6
12205.0,5831.21
11349.0,5737.12
10493.0,5061.26
9637.0,0.0
8781.0,4715.82
7925.0,4105.36
7069.0,4079.25
6213.0,4079.13
5357.0,4275.3
4501.0,4740.06
3645.0,0.0
2789.0,8230.18
1933.0,6351.59
1077.0,5715.19
221.0,5514.86
40454.0,6175.05
39598.0,0.0
38742.0,8472.39
37886.0,6743.81
37030.0,6313.86
36174.0,6085.81
35318.0,6200.29
34462.0,5949.9
33606.0,0.0
32750.0,5555.64
31894.0,4888.57
31038.0,4845.26
30182.0,4996.21
29326.0,5365.76
28470.0,5469.81
27614.0,0.0
26758.0,8437.1
25902.0,6820.08
25046.0,6346.48
24190.0,6147.57
23334.0,6049.55
22478.0,5515.51
21622.0,0.0
20766.0,5172.43
19910.0,4502.88
19054.0,4409.83
18198.0,4688.72
17342.0,5389.58
16486.0,5940.18
15630.0,0.0
14774.0,9286.78
13918.0,7423.96
13062.0,6622.78
12206.0,6331.04
11350.0,6238.33
10494.0,5786.53
9638.0,0.0
8782.0,5603.16
7926.0,4828.65
7070.0,4808.13
6214.0,4940.73
5358.0,5287.43
4502.0,5615.9
3646.0,0.0
2790.0,8194.13
1934.0,6673.74
1078.0,6196.69
222.0,6027.18
40455.0,4117.19
39599.0,0.0
38743.0,9420.3
37887.0,7765.87
37031.0,6927.58
36175.0,6683.41
35319.0,6770.74
34463.0,3771.91
33607.0,0.0
32751.0,6322.41
31895.0,5731.83
31039.0,5619.34
30183.0,5798.51
29327.0,6230.73
28471.0,3877.5
27615.0,0.0
26759.0,9052.34
25903.0,7582.69
25047.0,6965.03
24191.0,6665.62
23335.0,6628.26
22479.0,3571.33
21623.0,0.0
20767.0,6021.65
19911.0,5491.1
19055.0,5337.95
18199.0,5507.95
17343.0,6344.04
16487.0,4057.2
15631.0,0.0
14775.0,10586.17
13919.0,8436.98
13063.0,7393.09
12207.0,7085.92
11351.0,6950.9
10495.0,3774.15
9639.0,0.0
8783.0,6247.11
7927.0,5872.81
7071.0,5773.78
6215.0,5817.66
5359.0,5959.79
4503.0,3809.8
3647.0,0.0
2791.0,9197.05
1935.0,7615.48
1079.0,6885.82
223.0,6605.4
40456.0,4118.27
39600.0,0.0
38744.0,8722.88
37888.0,7466.64
37032.0,6865.51
36176.0,6541.23
35320.0,6335.41
34464.0,3763.61
33608.0,0.0
32752.0,6081.53
31896.0,5590.0
31040.0,5307.36
30184.0,5387.33
29328.0,5507.15
28472.0,3627.99
27616.0,0.0
26760.0,8833.26
25904.0,7389.85
25048.0,6764.65
24192.0,6407.54
23336.0,6296.69
22480.0,3583.04
21624.0,0.0
20768.0,5683.95
19912.0,5269.93
19056.0,4979.52
18200.0,5034.68
17344.0,5499.92
16488.0,3793.2
15632.0,0.0
14776.0,9742.83
13920.0,7903.85
13064.0,6960.21
12208.0,6621.79
11352.0,6380.08
10496.0,3645.34
9640.0,0.0
8784.0,6102.37
7928.0,5591.31
7072.0,5337.74
6216.0,5299.33
5360.0,5397.53
4504.0,3589.56
3648.0,0.0
2792.0,8689.95
1936.0,7190.55
1080.0,6549.44
224.0,6252.21
40457.0,6162.38
39601.0,0.0
38745.0,9367.98
37889.0,7450.08
37033.0,6928.55
36177.0,6599.16
35321.0,6373.32
34465.0,5808.92
33609.0,0.0
32753.0,6088.5
31897.0,5527.82
31041.0,5236.35
30185.0,5236.13
29329.0,5413.95
28473.0,5770.39
27617.0,0.0
26761.0,9318.26
25905.0,7724.65
25049.0,7023.81
24193.0,6673.26
23337.0,6427.74
22481.0,5702.19
21625.0,0.0
20769.0,5793.65
19913.0,5285.61
19057.0,4962.9
18201.0,5121.4
17345.0,5765.69
16489.0,6489.99
15633.0,0.0
14777.0,11516.73
13921.0,8505.36
13065.0,7346.39
12209.0,6936.49
11353.0,6741.86
10497.0,5782.79
9641.0,0.0
8785.0,6333.06
7929.0,5712.91
7073.0,5403.56
6217.0,5342.94
5361.0,5389.47
4505.0,5704.93
3649.0,0.0
2793.0,9607.27
1937.0,7838.99
1081.0,6954.13
225.0,6652.42
40458.0,4973.89
39602.0,0.0
38746.0,9793.16
37890.0,8252.9
37034.0,7768.71
36178.0,7498.25
35322.0,7384.52
34466.0,4717.28
33610.0,0.0
32754.0,6686.77
31898.0,6128.86
31042.0,5880.15
30186.0,5971.06
29330.0,6277.5
28474.0,4565.09
27618.0,0.0
26762.0,9547.1
25906.0,8217.8
25050.0,7546.36
24194.0,7222.52
23338.0,7071.24
22482.0,4469.11
21626.0,0.0
20770.0,6227.07
19914.0,5594.8
19058.0,5367.73
18202.0,5464.18
17346.0,6167.14
16490.0,4780.81
15634.0,0.0
14778.0,10764.35
13922.0,8499.64
13066.0,7476.18
12210.0,7290.77
11354.0,7194.17
10498.0,4573.6
9642.0,0.0
8786.0,6563.52
7930.0,6013.21
7074.0,5840.34
6218.0,5936.56
5362.0,6017.03
4506.0,4481.71
3650.0,0.0
2794.0,9498.89
1938.0,7946.89
1082.0,7139.34
226.0,7001.52
40459.0,5481.21
39603.0,0.0
38747.0,10531.05
37891.0,8518.66
37035.0,8091.33
36179.0,7594.84
35323.0,7199.78
34467.0,5033.42
33611.0,0.0
32755.0,7199.51
31899.0,6581.7
31043.0,6197.05
30187.0,6197.47
29331.0,6453.18
28475.0,4969.87
27619.0,0.0
26763.0,10372.12
25907.0,8592.72
25051.0,8004.25
24195.0,7513.42
23339.0,7176.73
22483.0,4895.74
21627.0,0.0
20771.0,6697.95
19915.0,6010.78
19059.0,5790.72
18203.0,5784.24
17347.0,6423.94
16491.0,5128.44
15635.0,0.0
14779.0,11760.36
13923.0,9411.71
13067.0,8332.91
12211.0,7754.91
11355.0,7509.58
10499.0,4852.34
9643.0,0.0
8787.0,7123.29
7931.0,6432.06
7075.0,6346.05
6219.0,6285.72
5363.0,6274.85
4507.0,4752.54
3651.0,0.0
2795.0,9985.08
1939.0,8227.93
1083.0,7664.71
227.0,7288.78
40460.0,8879.09
39604.0,0.0
38748.0,12536.61
37892.0,9946.79
37036.0,9021.53
36180.0,8927.06
35324.0,8977.76
34468.0,8379.64
33612.0,0.0
32756.0,7875.7
31900.0,7224.58
31044.0,7030.64
30188.0,7198.32
29332.0,7794.89
28476.0,0.0
27620.0,0.0
26764.0,11920.29
25908.0,9604.06
25052.0,8469.46
24196.0,8358.3
23340.0,8405.62
22484.0,7783.03
21628.0,0.0
20772.0,7262.54
19916.0,6492.26
19060.0,6270.67
18204.0,6521.69
17348.0,7434.44
16492.0,7680.58
15636.0,0.0
14780.0,13226.85
13924.0,10246.32
13068.0,9185.71
12212.0,8754.23
11356.0,8564.52
10500.0,7842.19
9644.0,0.0
8788.0,7640.0
7932.0,6859.32
7076.0,6870.57
6220.0,7172.24
5364.0,7338.79
4508.0,7261.61
3652.0,0.0
2796.0,11692.29
1940.0,9312.3
1084.0,8534.55
228.0,8438.43
40461.0,10219.57
39605.0,6908.89
38749.0,14374.95
37893.0,11454.56
37037.0,10633.38
36181.0,10281.68
35325.0,9906.54
34469.0,9591.44
33613.0,5648.62
32757.0,11740.02
31901.0,9340.64
31045.0,8845.68
30189.0,8751.37
29333.0,8903.32
28477.0,9209.02
27621.0,6042.31
26765.0,13950.51
25909.0,11429.11
25053.0,10585.28
24197.0,10323.79
23341.0,10020.5
22485.0,9450.41
21629.0,5238.31
20773.0,11117.63
19917.0,9275.89
19061.0,8383.19
18205.0,8262.76
17349.0,8900.13
16493.0,9842.81
15637.0,5767.86
14781.0,14367.56
13925.0,11607.99
13069.0,10640.26
12213.0,9970.97
11357.0,9702.48
10501.0,8966.74
9645.0,4643.99
8789.0,9320.58
7933.0,8717.76
7077.0,8174.26
6221.0,8089.65
5365.0,8265.63
4509.0,8626.19
3653.0,4639.8
2797.0,12312.99
1941.0,10167.43
1085.0,9493.07
229.0,9283.99
40462.0,7858.53
39606.0,0.0
38750.0,10573.95
37894.0,9259.59
37038.0,8431.62
36182.0,7993.87
35326.0,7858.63
34470.0,7002.45
33614.0,0.0
32758.0,7316.14
31902.0,6915.06
31046.0,6611.25
30190.0,6658.08
29334.0,6717.23
28478.0,6833.68
27622.0,0.0
26766.0,10908.15
25910.0,9233.88
25054.0,8627.6
24198.0,8251.05
23342.0,7928.37
22486.0,6534.83
21630.0,0.0
20774.0,7065.46
19918.0,6525.61
19062.0,6192.55
18206.0,6478.29
17350.0,7335.69
16494.0,7194.1
15638.0,0.0
14782.0,13746.26
13926.0,10344.91
13070.0,9112.0
12214.0,8613.21
11358.0,8248.87
10502.0,6799.49
9646.0,0.0
8790.0,7591.23
7934.0,6922.81
7078.0,6639.06
6222.0,6742.7
5366.0,6808.66
4510.0,6597.91
3654.0,0.0
2798.0,11190.45
1942.0,9196.51
1086.0,8509.89
230.0,8149.93
40463.0,4685.63
39607.0,0.0
38751.0,7558.55
37895.0,6106.31
37039.0,5726.24
36183.0,5669.39
35327.0,5782.03
34471.0,4108.31
33615.0,0.0
32759.0,5119.64
31903.0,4726.83
31047.0,4644.06
30191.0,4678.83
29335.0,5034.56
28479.0,4179.31
27623.0,0.0
26767.0,7308.07
25911.0,6272.09
25055.0,5741.27
24199.0,5545.96
23343.0,5645.0
22487.0,3972.93
21631.0,0.0
20775.0,4899.85
19919.0,4466.54
19063.0,4260.4
18207.0,4391.3
17351.0,5076.27
16495.0,4615.77
15639.0,0.0
14783.0,8385.86
13927.0,6847.09
13071.0,6180.3
12215.0,5908.82
11359.0,5962.48
10503.0,4024.33
9647.0,0.0
8791.0,5367.25
7935.0,4828.52
7079.0,4664.39
6223.0,4714.13
5367.0,4991.95
4511.0,4116.04
3655.0,0.0
2799.0,7179.47
1943.0,6056.61
1087.0,5662.44
231.0,5462.67
40464.0,4408.27
39608.0,0.0
38752.0,5513.4
37896.0,4308.27
37040.0,4180.04
36184.0,4140.52
35328.0,4298.17
34472.0,4078.01
33616.0,0.0
32760.0,3670.03
31904.0,3295.91
31048.0,3290.9
30192.0,3350.71
29336.0,3601.41
28480.0,3831.17
27624.0,0.0
26768.0,5553.71
25912.0,4497.88
25056.0,4205.63
24200.0,4124.58
23344.0,4305.92
22488.0,3883.24
21632.0,0.0
20776.0,3278.14
19920.0,2928.43
19064.0,2879.24
18208.0,3067.35
17352.0,3805.72
16496.0,4170.87
15640.0,0.0
14784.0,6621.96
13928.0,4891.34
13072.0,4412.82
12216.0,4303.94
11360.0,4466.09
10504.0,4016.78
9648.0,0.0
8792.0,3549.91
7936.0,3160.12
7080.0,3082.65
6224.0,3226.61
5368.0,3555.59
4512.0,3930.39
3656.0,0.0
2800.0,5585.38
1944.0,4478.64
1088.0,4093.24
232.0,4065.97
40465.0,4332.82
39609.0,0.0
38753.0,8595.77
37897.0,7632.56
37041.0,6977.3
36185.0,6636.67
35329.0,6588.5
34473.0,3971.77
33617.0,0.0
32761.0,5808.04
31905.0,5400.48
31049.0,5281.18
30193.0,5445.95
29337.0,5611.84
28481.0,4166.71
27625.0,0.0
26769.0,8742.04
25913.0,7382.76
25057.0,6910.01
24201.0,6608.04
23345.0,6514.72
22489.0,3813.99
21633.0,0.0
20777.0,5616.77
19921.0,5177.21
19065.0,4991.67
18209.0,5292.65
17353.0,5936.45
16497.0,4264.08
15641.0,0.0
14785.0,9851.11
13929.0,8002.48
13073.0,7123.91
12217.0,6918.75
11361.0,6763.19
10505.0,3926.66
9649.0,0.0
8793.0,5751.59
7937.0,5367.07
7081.0,5199.23
6225.0,5376.35
5369.0,5583.09
4513.0,3905.69
3657.0,0.0
2801.0,8926.32
1945.0,7461.63
1089.0,6819.16
233.0,6587.78
40466.0,5308.04
39610.0,0.0
38754.0,9073.23
37898.0,7633.14
37042.0,7028.24
36186.0,6712.2
35330.0,6766.13
34474.0,4564.8
33618.0,0.0
32762.0,6225.4
31906.0,5600.35
31050.0,5438.32
30194.0,5443.87
29338.0,5548.98
28482.0,4489.72
27626.0,0.0
26770.0,9166.39
25914.0,7630.24
25058.0,6880.13
24202.0,6609.72
23346.0,6485.62
22490.0,4128.38
21634.0,0.0
20778.0,5882.87
19922.0,5322.95
19066.0,5068.45
18210.0,5155.23
17354.0,5954.63
16498.0,4694.2
15642.0,0.0
14786.0,10358.88
13930.0,8286.69
13074.0,7214.03
12218.0,6960.43
11362.0,6769.77
10506.0,4396.06
9650.0,0.0
8794.0,6207.48
7938.0,5731.39
7082.0,5542.78
6226.0,5449.97
5370.0,5605.0
4514.0,4370.61
3658.0,0.0
2802.0,9082.22
1946.0,7473.77
1090.0,6761.78
234.0,6479.84
40467.0,7091.78
39611.0,0.0
38755.0,8602.94
37899.0,6821.87
37043.0,6430.48
36187.0,6384.72
35331.0,6342.94
34475.0,6283.64
33619.0,0.0
32763.0,5710.61
31907.0,5024.28
31051.0,4993.56
30195.0,5118.64
29339.0,5591.98
28483.0,6235.52
27627.0,0.0
26771.0,8598.37
25915.0,7002.53
25059.0,6429.67
24203.0,6316.16
23347.0,6338.61
22491.0,5846.97
21635.0,0.0
20779.0,5365.84
19923.0,4664.9
19067.0,4556.73
18211.0,4824.69
17355.0,5732.72
16499.0,6631.18
15643.0,0.0
14787.0,10728.14
13931.0,7959.34
13075.0,6808.11
12219.0,6481.08
11363.0,6377.83
10507.0,6108.04
9651.0,0.0
8795.0,5633.16
7939.0,5053.67
7083.0,4934.34
6227.0,5043.42
5371.0,5403.05
4515.0,6205.39
3659.0,0.0
2803.0,8640.22
1947.0,6950.6
1091.0,6314.01
235.0,6133.42
40468.0,3127.1
39612.0,0.0
38756.0,6860.99
37900.0,5616.92
37044.0,5166.9
36188.0,5078.38
35332.0,5093.58
34476.0,2960.88
33620.0,0.0
32764.0,4592.54
31908.0,4195.3
31052.0,4047.99
30196.0,4080.71
29340.0,4214.49
28484.0,0.0
27628.0,0.0
26772.0,6659.23
25916.0,5438.17
25060.0,4864.69
24204.0,4766.26
23348.0,4738.75
22492.0,3313.73
21636.0,0.0
20780.0,4112.2
19924.0,3681.26
19068.0,3557.22
18212.0,3611.03
17356.0,4152.9
16500.0,3255.61
15644.0,0.0
14788.0,7427.58
13932.0,5869.15
13076.0,5220.69
12220.0,4919.97
11364.0,4902.78
10508.0,3158.3
9652.0,0.0
8796.0,4606.05
7940.0,4038.47
7084.0,3926.34
6228.0,3962.25
5372.0,4058.61
4516.0,2950.74
3660.0,0.0
2804.0,6506.71
1948.0,5470.25
1092.0,4925.45
236.0,4768.97
40469.0,6985.27
39613.0,0.0
38757.0,12133.77
37901.0,10051.36
37045.0,9162.66
36189.0,8642.45
35333.0,8517.95
34477.0,6170.32
33621.0,0.0
32765.0,7772.64
31909.0,7316.68
31053.0,7127.32
30197.0,7260.84
29341.0,7596.24
28485.0,6611.01
27629.0,0.0
26773.0,11949.76
25917.0,10115.92
25061.0,9443.85
24205.0,8897.79
23349.0,8602.87
22493.0,5967.57
21637.0,0.0
20781.0,7485.9
19925.0,6985.21
19069.0,6843.94
18213.0,6985.7
17357.0,7990.05
16501.0,7012.37
15645.0,0.0
14789.0,14994.97
13933.0,11524.09
13077.0,10145.32
12221.0,9490.84
11365.0,9055.88
10509.0,6255.33
9653.0,0.0
8797.0,7920.47
7941.0,7342.88
7085.0,7209.38
6229.0,7281.91
5373.0,7458.32
4517.0,6304.56
3661.0,0.0
2805.0,12358.92
1949.0,10432.55
1093.0,9371.02
237.0,8882.28
40470.0,5149.9
39614.0,0.0
38758.0,9423.42
37902.0,7607.46
37046.0,7163.59
36190.0,7088.99
35334.0,7003.04
34478.0,5010.15
33622.0,0.0
32766.0,5957.99
31910.0,5335.23
31054.0,5355.99
30198.0,5554.26
29342.0,5881.72
28486.0,4847.31
27630.0,0.0
26774.0,9216.02
25918.0,7465.32
25062.0,7053.22
24206.0,6859.5
23350.0,6914.83
22494.0,4734.95
21638.0,0.0
20782.0,5545.86
19926.0,4935.85
19070.0,4923.04
18214.0,5267.59
17358.0,6139.12
16502.0,5169.13
15646.0,0.0
14790.0,10317.71
13934.0,8038.01
13078.0,7257.72
12222.0,7184.17
11366.0,7129.75
10510.0,4969.47
9654.0,0.0
8798.0,5719.01
7942.0,5234.99
7086.0,5205.3
6230.0,5445.47
5374.0,5791.91
4518.0,4911.33
3662.0,0.0
2806.0,9157.63
1950.0,7375.99
1094.0,6831.12
238.0,6767.98
40471.0,8353.17
39615.0,3779.42
38759.0,12408.27
37903.0,10888.09
37047.0,10545.34
36191.0,10214.02
35335.0,10142.21
34479.0,7683.46
33623.0,3350.41
32767.0,9997.95
31911.0,8745.74
31055.0,8347.16
30199.0,8509.39
29343.0,9001.53
28487.0,7652.12
27631.0,3342.32
26775.0,12012.46
25919.0,10747.97
25063.0,10251.3
24207.0,10146.9
23351.0,9962.82
22495.0,7412.72
21639.0,3139.71
20783.0,8827.96
19927.0,8145.08
19071.0,7767.9
18215.0,7879.52
17359.0,8853.33
16503.0,8458.21
15647.0,3607.34
14791.0,13445.51
13935.0,11295.06
13079.0,10732.6
12223.0,10429.72
11367.0,10210.35
10511.0,7543.18
9655.0,3031.18
8799.0,8643.05
7943.0,8243.0
7087.0,8043.1
6231.0,8149.08
5375.0,8388.02
4519.0,7371.38
3663.0,2819.03
2807.0,11279.63
1951.0,10014.44
1095.0,9715.59
239.0,9648.47
40472.0,6116.93
39616.0,0.0
38760.0,9409.01
37904.0,7912.33
37048.0,7338.79
36192.0,6992.67
35336.0,6876.79
34480.0,5709.01
33624.0,0.0
32768.0,6589.11
31912.0,6171.26
31056.0,5884.9
30200.0,5888.59
29344.0,6265.98
28488.0,5495.7
27632.0,0.0
26776.0,9407.51
25920.0,7959.34
25064.0,7402.74
24208.0,7028.49
23352.0,6876.2
22496.0,5248.01
21640.0,0.0
20784.0,6341.78
19928.0,5721.91
19072.0,5567.7
18216.0,5602.67
17360.0,6334.69
16504.0,5758.41
15648.0,0.0
14792.0,10791.64
13936.0,8641.08
13080.0,7628.11
12224.0,7302.5
11368.0,7102.84
10512.0,5386.02
9656.0,0.0
8800.0,6785.34
7944.0,6221.51
7088.0,6021.09
6232.0,5902.51
5376.0,5986.99
4520.0,5289.91
3664.0,0.0
2808.0,9300.78
1952.0,7745.41
1096.0,7047.22
240.0,6863.63
40473.0,4907.77
39617.0,0.0
38761.0,7785.8
37905.0,6205.99
37049.0,5771.54
36193.0,5759.88
35337.0,5864.91
34481.0,4541.89
33625.0,0.0
32769.0,5318.75
31913.0,4689.25
31057.0,4528.81
30201.0,4654.02
29345.0,5032.69
28489.0,4347.56
27633.0,0.0
26777.0,7805.7
25921.0,6233.09
25065.0,5745.1
24209.0,5659.24
23353.0,5822.07
22497.0,4340.79
21641.0,0.0
20785.0,4801.67
19929.0,4261.01
19073.0,4073.5
18217.0,4269.78
17361.0,5072.21
16505.0,4741.9
15649.0,0.0
14793.0,8526.83
13937.0,6774.31
13081.0,6081.21
12225.0,5893.02
11369.0,6014.96
10513.0,4534.67
9657.0,0.0
8801.0,5137.55
7945.0,4453.22
7089.0,4390.25
6233.0,4551.68
5377.0,5011.41
4521.0,4452.21
3665.0,0.0
2809.0,7506.71
1953.0,6084.45
1097.0,5639.76
241.0,5542.05
40474.0,3187.72
39618.0,0.0
38762.0,7127.03
37906.0,5967.27
37050.0,5428.11
36194.0,5410.84
35338.0,5340.09
34482.0,2858.69
33626.0,0.0
32770.0,4626.4
31914.0,4276.83
31058.0,4258.89
30202.0,4363.8
29346.0,4506.33
28490.0,2943.15
27634.0,0.0
26778.0,6898.03
25922.0,5802.61
25066.0,5336.09
24210.0,5270.1
23354.0,5253.2
22498.0,2701.28
21642.0,0.0
20786.0,4238.6
19930.0,3988.49
19074.0,3935.16
18218.0,4107.98
17362.0,4733.63
16506.0,3108.85
15650.0,0.0
14794.0,7665.44
13938.0,6204.35
13082.0,5622.54
12226.0,5431.65
11370.0,5333.55
10514.0,2760.0
9658.0,0.0
8802.0,4668.4
7946.0,4224.72
7090.0,4177.35
6234.0,4192.6
5378.0,4364.06
4522.0,2808.5
3666.0,0.0
2810.0,6807.3
1954.0,5712.23
1098.0,5205.25
242.0,5089.0
40475.0,2746.14
39619.0,0.0
38763.0,6475.06
37907.0,5259.02
37051.0,4960.99
36195.0,5007.56
35339.0,4917.78
34483.0,2423.36
33627.0,0.0
32771.0,4659.37
31915.0,4299.56
31059.0,4108.4
30203.0,4133.32
29347.0,4453.34
28491.0,2414.45
27635.0,0.0
26779.0,6142.19
25923.0,5281.33
25067.0,4917.88
24211.0,4848.58
23355.0,4783.38
22499.0,2273.41
21643.0,0.0
20787.0,4386.93
19931.0,4062.88
19075.0,3855.27
18219.0,3849.86
17363.0,4284.35
16507.0,2483.51
15651.0,0.0
14795.0,6787.02
13939.0,5635.52
13083.0,5069.2
12227.0,4915.2
11371.0,4785.46
10515.0,2281.22
9659.0,0.0
8803.0,4521.48
7947.0,4107.9
7091.0,3991.1
6235.0,3951.5
5379.0,4092.57
4523.0,2290.73
3667.0,0.0
2811.0,5926.4
1955.0,4983.71
1099.0,4551.98
243.0,4509.68
40476.0,8927.59
39620.0,0.0
38764.0,14135.57
37908.0,11075.5
37052.0,10129.51
36196.0,9801.35
35340.0,9734.28
34484.0,8170.33
33628.0,0.0
32772.0,9284.26
31916.0,8042.88
31060.0,7779.24
30204.0,8086.76
29348.0,8592.37
28492.0,8513.01
27636.0,0.0
26780.0,13318.34
25924.0,10940.81
25068.0,10045.53
24212.0,9672.63
23356.0,9663.54
22500.0,7732.36
21644.0,0.0
20788.0,8757.33
19932.0,7659.78
19076.0,7347.02
18220.0,7565.06
17364.0,8698.46
16508.0,8950.28
15652.0,0.0
14796.0,15107.42
13940.0,11941.75
13084.0,10993.07
12228.0,10451.04
11372.0,10116.99
10516.0,7965.68
9660.0,0.0
8804.0,9070.09
7948.0,7994.99
7092.0,7840.19
6236.0,7958.48
5380.0,8386.63
4524.0,8190.81
3668.0,0.0
2812.0,13309.15
1956.0,10905.39
1100.0,9955.01
244.0,9600.49
40477.0,6240.56
39621.0,0.0
38765.0,8059.15
37909.0,6390.67
37053.0,5984.77
36197.0,5951.08
35341.0,6096.16
34485.0,5837.37
33629.0,0.0
32773.0,5124.83
31917.0,4705.17
31061.0,4667.43
30205.0,4775.96
29349.0,5187.9
28493.0,0.0
27637.0,0.0
26781.0,7825.53
25925.0,6179.27
25069.0,5606.31
24213.0,5525.8
23357.0,5668.66
22501.0,5616.2
21645.0,0.0
20789.0,4613.28
19933.0,4045.95
19077.0,3950.1
18221.0,4168.43
17365.0,5139.91
16509.0,5424.12
15653.0,0.0
14797.0,9799.55
13941.0,7064.58
13085.0,6205.5
12229.0,5988.74
11373.0,6083.07
10517.0,5535.5
9661.0,0.0
8805.0,5026.7
7949.0,4406.29
7093.0,4367.68
6237.0,4489.68
5381.0,4857.37
4525.0,5027.7
3669.0,0.0
2813.0,8202.65
1957.0,6461.84
1101.0,5889.75
245.0,5785.78
40478.0,5640.52
39622.0,0.0
38766.0,10000.36
37910.0,8422.15
37054.0,8058.34
36198.0,7814.91
35342.0,7920.32
34486.0,5044.94
33630.0,0.0
32774.0,6986.65
31918.0,6402.38
31062.0,6072.4
30206.0,6328.59
29350.0,6563.42
28494.0,5325.21
27638.0,0.0
26782.0,10156.24
25926.0,8500.98
25070.0,8080.63
24214.0,7751.0
23358.0,7683.91
22502.0,5091.36
21646.0,0.0
20790.0,6546.85
19934.0,5989.33
19078.0,5779.71
18222.0,6080.25
17366.0,7000.91
16510.0,5626.16
15654.0,0.0
14798.0,12624.41
13942.0,9258.08
13086.0,8275.89
12230.0,7947.25
11374.0,7910.49
10518.0,5088.75
9662.0,0.0
8806.0,6825.23
7950.0,6320.86
7094.0,6185.64
6238.0,6286.72
5382.0,6562.58
4526.0,5133.81
3670.0,0.0
2814.0,10281.25
1958.0,8354.14
1102.0,7803.3
246.0,7564.38
40479.0,13407.7
39623.0,0.0
38767.0,20693.83
37911.0,17193.54
37055.0,16406.23
36199.0,15725.72
35343.0,15240.39
34487.0,12645.21
33631.0,0.0
32775.0,17623.98
31919.0,14689.17
31063.0,13939.54
30207.0,12974.34
29351.0,13275.0
28495.0,12453.42
27639.0,0.0
26783.0,20408.92
25927.0,17328.46
25071.0,16493.76
24215.0,15619.68
23359.0,14891.42
22503.0,13033.69
21647.0,0.0
20791.0,15461.52
19935.0,13974.0
19079.0,12979.34
18223.0,12963.41
17367.0,13342.29
16511.0,13810.65
15655.0,0.0
14799.0,22757.67
13943.0,18931.9
13087.0,16799.03
12231.0,16241.45
11375.0,15349.65
10519.0,13337.25
9663.0,0.0
8807.0,15054.47
7951.0,13872.14
7095.0,13118.07
6239.0,12801.05
5383.0,12444.38
4527.0,13029.47
3671.0,0.0
2815.0,19461.62
1959.0,17127.98
1103.0,15591.24
247.0,14669.54
40480.0,8133.82
39624.0,0.0
38768.0,10636.56
37912.0,8459.23
37056.0,8152.84
36200.0,7965.92
35344.0,8216.47
34488.0,7885.33
33632.0,0.0
32776.0,7027.3
31920.0,6362.73
31064.0,6193.06
30208.0,6487.53
29352.0,7019.46
28496.0,7433.47
27640.0,0.0
26784.0,10420.42
25928.0,8626.1
25072.0,8196.48
24216.0,7986.77
23360.0,8000.86
22504.0,7790.67
21648.0,0.0
20792.0,6703.98
19936.0,5888.79
19080.0,5815.88
18224.0,6156.54
17368.0,7261.25
16512.0,8425.74
15656.0,0.0
14800.0,12383.99
13944.0,9243.86
13088.0,8417.1
12232.0,8192.21
11376.0,8246.85
10520.0,7749.19
9664.0,0.0
8808.0,7114.36
7952.0,6249.42
7096.0,6333.05
6240.0,6546.19
5384.0,6964.54
4528.0,7532.0
3672.0,0.0
2816.0,10397.91
1960.0,8414.36
1104.0,7815.03
248.0,7693.66
40481.0,3513.85
39625.0,0.0
38769.0,8322.22
37913.0,7330.01
37057.0,6770.56
36201.0,6982.06
35345.0,6437.71
34489.0,3467.57
33633.0,0.0
32777.0,5745.57
31921.0,5418.15
31065.0,5235.5
30209.0,5615.31
29353.0,5555.66
28497.0,3460.03
27641.0,0.0
26785.0,8115.95
25929.0,7056.57
25073.0,6545.41
24217.0,6528.28
23361.0,6101.82
22505.0,3330.55
21649.0,0.0
20793.0,5424.93
19937.0,5063.05
19081.0,4823.99
18225.0,5184.84
17369.0,5961.09
16513.0,3647.73
15657.0,0.0
14801.0,9399.9
13945.0,7500.75
13089.0,6727.32
12233.0,6691.19
11377.0,6370.51
10521.0,3484.76
9665.0,0.0
8809.0,5663.32
7953.0,5147.07
7097.0,4965.2
6241.0,5105.42
5385.0,5233.09
4529.0,3416.56
3673.0,0.0
2817.0,8064.51
1961.0,6692.2
1105.0,6156.6
249.0,6069.6
40482.0,5939.07
39626.0,0.0
38770.0,7763.38
37914.0,6284.08
37058.0,5912.0
36202.0,5887.12
35346.0,6088.78
34490.0,5806.72
33634.0,0.0
32778.0,5171.74
31922.0,4624.9
31066.0,4635.2
30210.0,4769.43
29354.0,5159.48
28498.0,5604.53
27642.0,0.0
26786.0,7610.28
25930.0,6259.84
25074.0,5854.57
24218.0,5864.26
23362.0,5955.13
22506.0,5549.19
21650.0,0.0
20794.0,4620.64
19938.0,4128.09
19082.0,4090.72
18226.0,4360.7
17370.0,5196.44
16514.0,6005.95
15658.0,0.0
14802.0,8322.33
13946.0,6687.85
13090.0,6029.6
12234.0,5982.4
11378.0,6044.4
10522.0,5717.3
9666.0,0.0
8810.0,5006.09
7954.0,4390.24
7098.0,4469.22
6242.0,4709.48
5386.0,5162.8
4530.0,5569.41
3674.0,0.0
2818.0,7524.43
1962.0,6191.3
1106.0,5718.29
250.0,5764.9
40483.0,2564.23
39627.0,0.0
38771.0,5841.41
37915.0,4974.83
37059.0,4698.85
36203.0,4540.51
35347.0,4399.41
34491.0,2382.49
33635.0,0.0
32779.0,4248.62
31923.0,3874.15
31067.0,3831.39
30211.0,3871.58
29355.0,4120.76
28499.0,2413.14
27643.0,0.0
26787.0,5815.39
25931.0,4978.54
25075.0,4719.01
24219.0,4542.89
23363.0,4539.49
22507.0,2173.21
21651.0,0.0
20795.0,3981.74
19939.0,3668.15
19083.0,3599.29
18227.0,3612.3
17371.0,4203.93
16515.0,2485.69
15659.0,0.0
14803.0,6510.05
13947.0,5398.29
13091.0,5007.65
12235.0,4750.79
11379.0,4617.06
10523.0,2313.15
9667.0,0.0
8811.0,4239.38
7955.0,3831.09
7099.0,3794.68
6243.0,3802.93
5387.0,3933.35
4531.0,2364.37
3675.0,0.0
2819.0,5834.1
1963.0,4978.64
1107.0,4523.14
251.0,4461.28
40484.0,4318.46
39628.0,0.0
38772.0,9483.91
37916.0,7581.17
37060.0,6803.18
36204.0,6719.03
35348.0,6838.23
34492.0,3898.53
33636.0,0.0
32780.0,6085.4
31924.0,5486.91
31068.0,5376.03
30212.0,5586.35
29356.0,6106.4
28500.0,3938.49
27644.0,0.0
26788.0,9194.95
25932.0,7665.55
25076.0,6972.69
24220.0,6639.36
23364.0,6684.53
22508.0,3834.69
21652.0,0.0
20796.0,5754.07
19940.0,5334.53
19084.0,5098.45
18228.0,5343.15
17372.0,6331.88
16516.0,4374.65
15660.0,0.0
14804.0,11537.41
13948.0,8343.28
13092.0,7199.52
12236.0,6922.87
11380.0,6882.9
10524.0,3947.59
9668.0,0.0
8812.0,5978.01
7956.0,5588.34
7100.0,5414.95
6244.0,5504.93
5388.0,5792.25
4532.0,4005.57
3676.0,0.0
2820.0,9522.75
1964.0,7829.9
1108.0,6897.73
252.0,6592.75
40485.0,3984.52
39629.0,0.0
38773.0,5431.52
37917.0,4444.58
37061.0,4120.01
36205.0,4217.72
35349.0,4111.56
34493.0,3608.36
33637.0,0.0
32781.0,3693.77
31925.0,3454.96
31069.0,3292.13
30213.0,3417.37
29357.0,3646.76
28501.0,3677.86
27645.0,0.0
26789.0,5552.96
25933.0,4635.57
25077.0,4318.05
24221.0,4285.51
23365.0,4317.77
22509.0,3680.47
21653.0,0.0
20797.0,3522.74
19941.0,3298.66
19085.0,3191.58
18229.0,3288.55
17373.0,4014.2
16517.0,4093.56
15661.0,0.0
14805.0,6665.06
13949.0,5109.64
13093.0,4523.38
12237.0,4448.86
11381.0,4507.08
10525.0,3692.93
9669.0,0.0
8813.0,3832.91
7957.0,3517.05
7101.0,3391.52
6245.0,3412.05
5389.0,3588.84
4533.0,3634.56
3677.0,0.0
2821.0,5752.21
1965.0,4834.74
1109.0,4421.69
253.0,4301.75
40486.0,3843.12
39630.0,0.0
38774.0,7882.84
37918.0,6712.43
37062.0,6160.62
36206.0,6006.74
35350.0,5670.05
34494.0,3680.34
33638.0,0.0
32782.0,5349.78
31926.0,5018.02
31070.0,4845.75
30214.0,4831.19
29358.0,4827.4
28502.0,3616.75
27646.0,0.0
26790.0,7758.96
25934.0,6540.44
25078.0,5927.22
24222.0,5723.11
23366.0,5526.31
22510.0,3565.9
21654.0,0.0
20798.0,4949.03
19942.0,4510.3
19086.0,4343.37
18230.0,4438.79
17374.0,5174.83
16518.0,3869.45
15662.0,0.0
14806.0,8966.87
13950.0,7060.43
13094.0,6231.34
12238.0,5982.04
11382.0,5860.52
10526.0,3602.98
9670.0,0.0
8814.0,5498.6
7958.0,4935.22
7102.0,4689.95
6246.0,4729.11
5390.0,4845.51
4534.0,3557.81
3678.0,0.0
2822.0,7710.0
1966.0,6237.14
1110.0,5719.75
254.0,5527.34
40487.0,9568.4
39631.0,0.0
38775.0,14273.13
37919.0,11814.0
37063.0,10775.65
36207.0,10757.66
35351.0,10223.0
34495.0,9017.4
33639.0,0.0
32783.0,9805.74
31927.0,9114.7
31071.0,8704.89
30215.0,9023.02
29359.0,8927.51
28503.0,8906.17
27647.0,0.0
26791.0,13790.08
25935.0,11801.33
25079.0,10883.54
24223.0,10646.18
23367.0,10148.69
22511.0,8672.26
21655.0,0.0
20799.0,9279.51
19943.0,8649.8
19087.0,8293.09
18231.0,8443.37
17375.0,9468.79
16519.0,9681.97
15663.0,0.0
14807.0,16244.67
13951.0,12902.71
13095.0,11580.27
12239.0,10921.73
11383.0,10496.38
10527.0,8924.38
9671.0,0.0
8815.0,9948.63
7959.0,9223.91
7103.0,8777.2
6247.0,8656.08
5391.0,8825.89
4535.0,8785.34
3679.0,0.0
2823.0,14241.27
1967.0,11710.81
1111.0,10554.78
255.0,10145.18
40488.0,5042.25
39632.0,0.0
38776.0,6823.26
37920.0,5398.83
37064.0,5290.2
36208.0,5308.9
35352.0,5428.35
34496.0,4535.58
33640.0,0.0
32784.0,4573.18
31928.0,4069.33
31072.0,4157.8
30216.0,4304.7
29360.0,4728.8
28504.0,4649.89
27648.0,0.0
26792.0,6792.93
25936.0,5561.38
25080.0,5331.19
24224.0,5271.9
23368.0,5476.11
22512.0,4512.24
21656.0,0.0
20800.0,4429.7
19944.0,3921.51
19088.0,3838.6
18232.0,4016.85
17376.0,5057.77
16520.0,5321.89
15664.0,0.0
14808.0,8157.1
13952.0,6151.5
13096.0,5548.03
12240.0,5524.46
11384.0,5683.53
10528.0,4832.68
9672.0,0.0
8816.0,4685.66
7960.0,4126.53
7104.0,4107.02
6248.0,4181.75
5392.0,4729.31
4536.0,4686.85
3680.0,0.0
2824.0,6928.09
1968.0,5601.88
1112.0,5201.51
256.0,5161.0
40489.0,9680.73
39633.0,8408.07
38777.0,16042.47
37921.0,15656.82
37065.0,15045.2
36209.0,14644.64
35353.0,14187.0
34497.0,8709.48
33641.0,8143.57
32785.0,13926.83
31929.0,12076.06
31073.0,12040.43
30217.0,12094.96
29361.0,12614.13
28505.0,8871.11
27649.0,7790.26
26793.0,17789.61
25937.0,16377.68
25081.0,15072.69
24225.0,14404.12
23369.0,13694.37
22513.0,8286.89
21657.0,7561.1
20801.0,11689.01
19945.0,11429.28
19089.0,11428.76
18233.0,11638.72
17377.0,12913.07
16521.0,9977.89
15665.0,8739.71
14809.0,22990.64
13953.0,18431.66
13097.0,16293.58
12241.0,14965.96
11385.0,14163.07
10529.0,8881.46
9673.0,7755.89
8817.0,12649.52
7961.0,11821.14
7105.0,11772.71
6249.0,11806.29
5393.0,11870.55
4537.0,8992.97
3681.0,7722.48
2825.0,20600.38
1969.0,17082.66
1113.0,15125.95
257.0,14036.87
40490.0,11279.63
39634.0,0.0
38778.0,18247.24
37922.0,16657.88
37066.0,15465.37
36210.0,14212.85
35354.0,13543.2
34498.0,10527.79
33642.0,0.0
32786.0,13659.0
31930.0,12338.89
31074.0,11860.12
30218.0,11595.21
29362.0,11783.97
28506.0,10209.71
27650.0,0.0
26794.0,18164.89
25938.0,16234.06
25082.0,15146.21
24226.0,14271.61
23370.0,13405.86
22514.0,9927.7
21658.0,0.0
20802.0,11681.84
19946.0,11544.99
19090.0,11314.12
18234.0,11093.33
17378.0,11842.57
16522.0,10931.91
15666.0,0.0
14810.0,19787.13
13954.0,17654.44
13098.0,16529.28
12242.0,14668.28
11386.0,13754.97
10530.0,10286.44
9674.0,0.0
8818.0,13057.58
7962.0,11847.37
7106.0,11384.75
6250.0,11305.41
5394.0,11205.93
4538.0,10357.17
3682.0,0.0
2826.0,18459.86
1970.0,16008.34
1114.0,14797.57
258.0,13614.83
40491.0,6257.51
39635.0,0.0
38779.0,7779.09
37923.0,6218.5
37067.0,5985.02
36211.0,6029.74
35355.0,6215.51
34499.0,6058.41
33643.0,0.0
32787.0,5242.31
31931.0,4660.09
31075.0,4776.02
30219.0,4908.03
29363.0,5406.05
28507.0,5829.17
27651.0,0.0
26795.0,7548.18
25939.0,6237.91
25083.0,5905.29
24227.0,5952.58
23371.0,5972.76
22515.0,5743.33
21659.0,0.0
20803.0,4802.52
19947.0,4270.41
19091.0,4274.32
18235.0,4538.74
17379.0,5361.37
16523.0,6191.07
15667.0,0.0
14811.0,8400.91
13955.0,6571.78
13099.0,6031.55
12243.0,6064.37
11387.0,6181.91
10531.0,5905.75
9675.0,0.0
8819.0,5309.54
7963.0,4638.62
7107.0,4699.89
6251.0,4901.59
5395.0,5367.98
4539.0,5926.5
3683.0,0.0
2827.0,7405.96
1971.0,6121.31
1115.0,5766.66
259.0,5801.91
40492.0,5829.81
39636.0,0.0
38780.0,9625.22
37924.0,7949.14
37068.0,7380.86
36212.0,7093.16
35356.0,6897.96
34500.0,5079.93
33644.0,0.0
32788.0,6234.51
31932.0,5820.61
31076.0,5631.89
30220.0,5708.94
29364.0,5975.47
28508.0,5123.88
27652.0,0.0
26796.0,9687.0
25940.0,8092.37
25084.0,7384.61
24228.0,7058.6
23372.0,6953.7
22516.0,4865.54
21660.0,0.0
20804.0,5881.82
19948.0,5438.61
19092.0,5120.13
18236.0,5377.95
17380.0,6192.95
16524.0,5183.83
15668.0,0.0
14812.0,11587.03
13956.0,8819.97
13100.0,7553.34
12244.0,7284.51
11388.0,7172.41
10532.0,4896.12
9676.0,0.0
8820.0,6321.21
7964.0,5810.2
7108.0,5615.33
6252.0,5656.42
5396.0,5742.93
4540.0,4745.34
3684.0,0.0
2828.0,9839.75
1972.0,7936.82
1116.0,7075.0
260.0,6900.61
40493.0,4406.32
39637.0,0.0
38781.0,7837.99
37925.0,6455.0
37069.0,5989.52
36213.0,5779.82
35357.0,5691.32
34501.0,4090.65
33645.0,0.0
32789.0,5283.29
31933.0,4904.12
31077.0,4665.0
30221.0,4741.91
29365.0,4724.92
28509.0,4092.27
27653.0,0.0
26797.0,7759.78
25941.0,6553.36
25085.0,5957.99
24229.0,5645.67
23373.0,5576.98
22517.0,3916.37
21661.0,0.0
20805.0,4894.42
19949.0,4460.5
19093.0,4253.64
18237.0,4452.05
17381.0,5066.77
16525.0,4479.81
15669.0,0.0
14813.0,9275.24
13957.0,7168.02
13101.0,6252.47
12245.0,5982.1
11389.0,5896.69
10533.0,4001.93
9677.0,0.0
8821.0,5275.2
7965.0,4800.28
7109.0,4658.83
6253.0,4756.22
5397.0,4889.8
4541.0,4072.89
3685.0,0.0
2829.0,7797.49
1973.0,6271.3
1117.0,5767.45
261.0,5619.5
40494.0,5287.69
39638.0,0.0
38782.0,9309.29
37926.0,7540.26
37070.0,6896.9
36214.0,6669.37
35358.0,6866.88
34502.0,4764.99
33646.0,0.0
32790.0,6292.61
31934.0,5707.25
31078.0,5454.69
30222.0,5610.36
29366.0,6109.59
28510.0,4890.19
27654.0,0.0
26798.0,8995.63
25942.0,7465.58
25086.0,6867.62
24230.0,6658.49
23374.0,6660.06
22518.0,4473.84
21662.0,0.0
20806.0,5951.11
19950.0,5402.0
19094.0,5132.9
18238.0,5284.85
17382.0,6015.61
16526.0,5090.58
15670.0,0.0
14814.0,9974.6
13958.0,8047.23
13102.0,7249.89
12246.0,6924.8
11390.0,6823.66
10534.0,4641.6
9678.0,0.0
8822.0,6286.97
7966.0,5842.72
7110.0,5595.89
6254.0,5643.79
5398.0,5840.97
4542.0,4733.0
3686.0,0.0
2830.0,8785.38
1974.0,7164.99
1118.0,6683.96
262.0,6460.73
40495.0,4890.27
39639.0,0.0
38783.0,7710.54
37927.0,6445.37
37071.0,5861.98
36215.0,5534.71
35359.0,5444.54
34503.0,4303.77
33647.0,0.0
32791.0,4984.52
31935.0,4656.13
31079.0,4673.94
30223.0,4689.07
29367.0,4826.18
28511.0,4530.32
27655.0,0.0
26799.0,7406.71
25943.0,6224.53
25087.0,5854.39
24231.0,5632.5
23375.0,5566.97
22519.0,4158.64
21663.0,0.0
20807.0,4941.45
19951.0,4534.72
19095.0,4399.09
18239.0,4462.79
17383.0,5279.4
16527.0,4933.76
15671.0,0.0
14815.0,8633.78
13959.0,7184.7
13103.0,6452.03
12247.0,6043.11
11391.0,5935.38
10535.0,4358.57
9679.0,0.0
8823.0,5375.63
7967.0,4861.12
7111.0,4672.99
6255.0,4723.03
5399.0,4880.47
4543.0,4469.27
3687.0,0.0
2831.0,7584.9
1975.0,6326.22
1119.0,5813.34
263.0,5627.41
40496.0,11997.22
39640.0,0.0
38784.0,15999.04
37928.0,13203.13
37072.0,12298.61
36216.0,12159.1
35360.0,11894.33
34504.0,11432.96
33648.0,0.0
32792.0,10923.11
31936.0,10092.78
31080.0,10034.92
30224.0,10133.78
29368.0,10751.97
28512.0,0.0
27656.0,0.0
26800.0,14950.32
25944.0,12597.39
25088.0,11827.68
24232.0,11626.92
23376.0,11530.5
22520.0,10451.37
21664.0,0.0
20808.0,9941.64
19952.0,9133.46
19096.0,8975.17
18240.0,9269.06
17384.0,10407.83
16528.0,10749.23
15672.0,0.0
14816.0,17942.67
13960.0,13940.36
13104.0,12541.99
12248.0,11935.58
11392.0,11466.03
10536.0,10651.22
9680.0,0.0
8824.0,10469.72
7968.0,9531.89
7112.0,9430.42
6256.0,9685.7
5400.0,9857.42
4544.0,9981.86
3688.0,0.0
2832.0,15982.54
1976.0,13002.25
1120.0,11406.25
264.0,11027.51
40497.0,6177.9
39641.0,0.0
38785.0,10384.6
37929.0,8135.02
37073.0,7741.63
36217.0,7836.34
35361.0,7827.34
34505.0,5829.77
33649.0,0.0
32793.0,6709.88
31937.0,5901.32
31081.0,5899.11
30225.0,6192.39
29369.0,6573.46
28513.0,5852.68
27657.0,0.0
26801.0,10144.92
25945.0,8160.05
25089.0,7795.52
24233.0,7637.13
23377.0,7588.31
22521.0,5533.89
21665.0,0.0
20809.0,6236.19
19953.0,5592.07
19097.0,5586.52
18241.0,5902.85
17385.0,7099.86
16529.0,6243.97
15673.0,0.0
14817.0,12414.03
13961.0,9192.76
13105.0,8170.77
12249.0,7984.63
11393.0,7930.7
10537.0,5620.11
9681.0,0.0
8825.0,6436.18
7969.0,5760.1
7113.0,5885.76
6257.0,6247.53
5401.0,6635.1
4545.0,5639.39
3689.0,0.0
2833.0,10234.62
1977.0,8130.49
1121.0,7628.64
265.0,7463.04
40498.0,8263.55
39642.0,0.0
38786.0,13470.86
37930.0,11190.47
37074.0,10449.28
36218.0,10203.26
35362.0,9775.02
34506.0,7325.2
33650.0,0.0
32794.0,9145.26
31938.0,8181.28
31082.0,7961.4
30226.0,8184.34
29370.0,8020.33
28514.0,7561.81
27658.0,0.0
26802.0,13164.38
25946.0,11314.95
25090.0,10317.54
24234.0,9912.39
23378.0,9381.47
22522.0,7164.77
21666.0,0.0
20810.0,8390.9
19954.0,7582.95
19098.0,7378.61
18242.0,7630.06
17386.0,8654.07
16530.0,8314.61
15674.0,0.0
14818.0,16359.82
13962.0,12264.99
13106.0,10934.27
12250.0,10382.71
11394.0,10103.97
10538.0,7319.54
9682.0,0.0
8826.0,8920.43
7970.0,8091.58
7114.0,7834.61
6258.0,7837.21
5402.0,7873.49
4546.0,7340.63
3690.0,0.0
2834.0,13463.97
1978.0,11357.16
1122.0,10072.46
266.0,9562.29
40499.0,3717.3
39643.0,0.0
38787.0,7199.7
37931.0,5637.28
37075.0,5037.24
36219.0,5033.05
35363.0,4914.2
34507.0,3403.83
33651.0,0.0
32795.0,4233.49
31939.0,3985.14
31083.0,3855.37
30227.0,3875.01
29371.0,3876.14
28515.0,0.0
27659.0,0.0
26803.0,6726.25
25947.0,5533.13
25091.0,4775.22
24235.0,4623.24
23379.0,4549.45
22523.0,3587.83
21667.0,0.0
20811.0,3832.8
19955.0,3560.34
19099.0,3392.0
18243.0,3437.03
17387.0,3876.4
16531.0,3485.03
15675.0,0.0
14819.0,7859.93
13963.0,6046.0
13107.0,5231.06
12251.0,4943.91
11395.0,4877.84
10539.0,3417.55
9683.0,0.0
8827.0,4209.17
7971.0,3823.79
7115.0,3705.56
6259.0,3749.83
5403.0,3743.8
4547.0,3173.42
3691.0,0.0
2835.0,6559.85
1979.0,5523.45
1123.0,4911.12
267.0,4672.49
40500.0,5629.8
39644.0,0.0
38788.0,10115.05
37932.0,8646.33
37076.0,8029.78
36220.0,7724.01
35364.0,7714.15
34508.0,5402.58
33652.0,0.0
32796.0,7140.21
31940.0,6539.41
31084.0,6428.77
30228.0,6452.84
29372.0,6975.02
28516.0,5201.65
27660.0,0.0
26804.0,10046.92
25948.0,8459.45
25092.0,8057.43
24236.0,7625.45
23380.0,7644.31
22524.0,5076.85
21668.0,0.0
20812.0,6717.35
19956.0,6198.18
19100.0,6014.87
18244.0,6174.3
17388.0,7258.14
16532.0,5454.8
15676.0,0.0
14820.0,11222.81
13964.0,8982.65
13108.0,8308.97
12252.0,7866.3
11396.0,7779.1
10540.0,5061.68
9684.0,0.0
8828.0,7163.4
7972.0,6480.13
7116.0,6384.97
6260.0,6390.91
5404.0,6716.33
4548.0,5033.9
3692.0,0.0
2836.0,9703.21
1980.0,8077.52
1124.0,7579.99
268.0,7304.45
40501.0,6217.26
39645.0,0.0
38789.0,7624.16
37933.0,5947.29
37077.0,5738.18
36221.0,5858.85
35365.0,6152.39
34509.0,5896.55
33653.0,0.0
32797.0,5181.55
31941.0,4605.65
31085.0,4556.55
30229.0,4767.0
29373.0,5181.93
28517.0,5707.11
27661.0,0.0
26805.0,7664.48
25949.0,6231.03
25093.0,5910.59
24237.0,5914.21
23381.0,6052.71
22525.0,5903.55
21669.0,0.0
20813.0,4840.79
19957.0,4331.01
19101.0,4222.36
18245.0,4503.97
17389.0,5394.05
16533.0,6400.23
15677.0,0.0
14821.0,9042.47
13965.0,6854.79
13109.0,6192.18
12253.0,6128.73
11397.0,6190.88
10541.0,5822.73
9685.0,0.0
8829.0,5325.84
7973.0,4634.65
7117.0,4638.61
6261.0,4834.9
5405.0,5184.1
4549.0,5826.92
3693.0,0.0
2837.0,7739.45
1981.0,6270.39
1125.0,5897.33
269.0,5903.45
40502.0,9908.25
39646.0,0.0
38790.0,12692.97
37934.0,10769.62
37078.0,10317.44
36222.0,9791.33
35366.0,9233.36
34510.0,9032.34
33654.0,0.0
32798.0,8286.92
31942.0,7868.29
31086.0,7632.49
30230.0,7729.91
29374.0,7907.11
28518.0,0.0
27662.0,0.0
26806.0,12978.91
25950.0,10928.14
25094.0,9806.72
24238.0,9492.82
23382.0,8975.23
22526.0,8484.51
21670.0,0.0
20814.0,7750.1
19958.0,7087.61
19102.0,6880.4
18246.0,7191.35
17390.0,7911.06
16534.0,8400.91
15678.0,0.0
14822.0,14905.31
13966.0,11614.9
13110.0,10563.79
12254.0,10147.28
11398.0,9621.53
10542.0,8219.12
9686.0,0.0
8830.0,8407.07
7974.0,7735.28
7118.0,7575.16
6262.0,7749.23
5406.0,7817.84
4550.0,7559.9
3694.0,0.0
2838.0,13249.86
1982.0,11030.9
1126.0,9898.13
270.0,9682.31
40503.0,7130.9
39647.0,0.0
38791.0,10182.78
37935.0,7860.17
37079.0,7509.55
36223.0,7298.09
35367.0,7247.88
34511.0,6596.15
33655.0,0.0
32799.0,6339.54
31943.0,5752.24
31087.0,5588.76
30231.0,5832.85
29375.0,6410.97
28519.0,6437.9
27663.0,0.0
26807.0,10296.69
25951.0,8170.76
25095.0,7599.13
24239.0,7284.87
23383.0,7321.7
22527.0,6128.17
21671.0,0.0
20815.0,5910.79
19959.0,5229.62
19103.0,5131.56
18247.0,5319.27
17391.0,6170.79
16535.0,6549.61
15679.0,0.0
14823.0,12151.24
13967.0,8885.44
13111.0,7838.6
12255.0,7478.72
11399.0,7437.8
10543.0,6216.03
9687.0,0.0
8831.0,6185.48
7975.0,5562.02
7119.0,5624.16
6263.0,5741.05
5407.0,6015.91
4551.0,6152.77
3695.0,0.0
2839.0,10156.03
1983.0,7995.73
1127.0,7380.91
271.0,7232.94
40504.0,5035.97
39648.0,0.0
38792.0,8769.81
37936.0,7211.16
37080.0,6653.61
36224.0,6429.76
35368.0,6397.36
34512.0,4775.32
33656.0,0.0
32800.0,5673.74
31944.0,5264.34
31088.0,5149.38
30232.0,5343.52
29376.0,5697.28
28520.0,5006.96
27664.0,0.0
26808.0,8497.14
25952.0,7086.44
25096.0,6645.97
24240.0,6372.37
23384.0,6415.14
22528.0,4613.01
21672.0,0.0
20816.0,5465.02
19960.0,5108.61
19104.0,4896.24
18248.0,5220.8
17392.0,6017.14
16536.0,5322.22
15680.0,0.0
14824.0,9867.49
13968.0,7847.69
13112.0,6995.24
12256.0,6687.31
11400.0,6534.55
10544.0,4782.51
9688.0,0.0
8832.0,5791.11
7976.0,5400.6
7120.0,5236.88
6264.0,5313.0
5408.0,5568.43
4552.0,4864.25
3696.0,0.0
2840.0,8667.04
1984.0,7208.21
1128.0,6576.71
272.0,6367.61
40505.0,6686.61
39649.0,0.0
38793.0,9263.3
37937.0,7346.99
37081.0,6939.56
36225.0,6935.37
35369.0,7078.15
34513.0,6297.2
33657.0,0.0
32801.0,5976.57
31945.0,5398.1
31089.0,5312.66
30233.0,5453.41
29377.0,6076.67
28521.0,6313.93
27665.0,0.0
26809.0,9181.46
25953.0,7372.49
25097.0,6956.85
24241.0,6818.48
23385.0,6919.45
22529.0,6117.27
21673.0,0.0
20817.0,5683.79
19961.0,4980.11
19105.0,4900.52
18249.0,5186.28
17393.0,6128.84
16537.0,7083.18
15681.0,0.0
14825.0,11353.64
13969.0,8120.03
13113.0,7233.78
12257.0,7086.76
11401.0,7200.14
10545.0,6276.02
9689.0,0.0
8833.0,5947.21
7977.0,5269.64
7121.0,5254.7
6265.0,5441.67
5409.0,5897.2
4553.0,6442.15
3697.0,0.0
2841.0,9306.64
1985.0,7223.61
1129.0,6744.26
273.0,6757.16
40506.0,5286.32
39650.0,10187.59
38794.0,7625.24
37938.0,6764.55
37082.0,6601.87
36226.0,6504.44
35370.0,6749.4
34514.0,5145.08
33658.0,9577.8
32802.0,6604.74
31946.0,5820.12
31090.0,5763.18
30234.0,5835.37
29378.0,6022.38
28522.0,5124.64
27666.0,9517.97
26810.0,7377.44
25954.0,6697.09
25098.0,6503.19
24242.0,6440.74
23386.0,6674.4
22530.0,5036.59
21674.0,9521.94
20818.0,6297.26
19962.0,5483.74
19106.0,5378.64
18250.0,5573.63
17394.0,6287.81
16538.0,5312.49
15682.0,10594.99
14826.0,8611.09
13970.0,7456.25
13114.0,6756.0
12258.0,6511.08
11402.0,6752.04
10546.0,4973.55
9690.0,9388.82
8834.0,6533.14
7978.0,5802.0
7122.0,5865.31
6266.0,5830.31
5410.0,5912.09
4554.0,5033.32
3698.0,9995.28
2842.0,7589.34
1986.0,6655.4
1130.0,6518.68
274.0,6483.47
40507.0,8095.07
39651.0,0.0
38795.0,11690.07
37939.0,9248.46
37083.0,8172.16
36227.0,8033.16
35371.0,8052.04
34515.0,7309.66
33659.0,0.0
32803.0,7575.08
31947.0,6693.14
31091.0,6654.89
30235.0,6811.85
29379.0,7294.11
28523.0,7703.79
27667.0,0.0
26811.0,11238.97
25955.0,9165.32
25099.0,8541.41
24243.0,8186.15
23387.0,8207.04
22531.0,7210.26
21675.0,0.0
20819.0,7086.73
19963.0,6323.2
19107.0,6178.22
18251.0,6483.84
17395.0,7678.06
16539.0,8127.4
15683.0,0.0
14827.0,12917.5
13971.0,10009.02
13115.0,8996.73
12259.0,8535.14
11403.0,8484.41
10547.0,7270.72
9691.0,0.0
8835.0,7446.89
7979.0,6674.23
7123.0,6584.79
6267.0,6789.52
5411.0,7124.58
4555.0,7406.3
3699.0,0.0
2843.0,11135.99
1987.0,8894.99
1131.0,8264.1
275.0,7991.92
40508.0,7592.36
39652.0,0.0
38796.0,13017.38
37940.0,11009.46
37084.0,9886.66
36228.0,9747.91
35372.0,9773.52
34516.0,6588.06
33660.0,0.0
32804.0,8731.28
31948.0,8066.86
31092.0,7829.66
30236.0,7914.69
29380.0,8241.28
28524.0,6700.26
27668.0,0.0
26812.0,12897.41
25956.0,10919.95
25100.0,9901.44
24244.0,9541.71
23388.0,9379.85
22532.0,6421.22
21676.0,0.0
20820.0,8599.93
19964.0,7889.05
19108.0,7489.05
18252.0,7547.73
17396.0,8434.78
16540.0,7210.56
15684.0,0.0
14828.0,14225.57
13972.0,11565.45
13116.0,10412.58
12260.0,9904.1
11404.0,9637.07
10548.0,6592.05
9692.0,0.0
8836.0,8882.37
7980.0,8183.7
7124.0,7937.85
6268.0,7962.7
5412.0,8108.92
4556.0,6744.04
3700.0,0.0
2844.0,12512.6
1988.0,10424.15
1132.0,9380.1
276.0,9144.16
40509.0,7078.66
39653.0,0.0
38797.0,9117.4
37941.0,7481.3
37085.0,7223.25
36229.0,7103.96
35373.0,7187.12
34517.0,6968.98
33661.0,0.0
32805.0,6036.89
31949.0,5411.55
31093.0,5452.81
30237.0,5616.88
29381.0,6105.66
28525.0,6708.7
27669.0,0.0
26813.0,9067.62
25957.0,7364.45
25101.0,7058.88
24245.0,6960.1
23389.0,7071.87
22533.0,6690.59
21677.0,0.0
20821.0,5690.87
19965.0,5010.12
19109.0,5038.66
18253.0,5259.9
17397.0,6143.57
16541.0,7145.26
15685.0,0.0
14829.0,10307.23
13973.0,7906.98
13117.0,7180.98
12261.0,7141.29
11405.0,7199.78
10549.0,6642.96
9693.0,0.0
8837.0,6159.18
7981.0,5386.26
7125.0,5512.94
6269.0,5666.1
5413.0,5925.21
4557.0,6608.02
3701.0,0.0
2845.0,9068.06
1989.0,7204.24
1133.0,6834.31
277.0,6867.6
40510.0,8803.25
39654.0,0.0
38798.0,14417.08
37942.0,11473.65
37086.0,10540.08
36230.0,10088.87
35374.0,10068.46
34518.0,7778.2
33662.0,0.0
32806.0,9434.17
31950.0,8462.82
31094.0,8366.74
30238.0,8455.42
29382.0,8792.86
28526.0,8088.97
27670.0,0.0
26814.0,13180.74
25958.0,11327.43
25102.0,10322.79
24246.0,9947.98
23390.0,9754.38
22534.0,7446.34
21678.0,0.0
20822.0,9028.55
19966.0,8202.41
19110.0,7920.42
18254.0,8024.29
17398.0,9013.45
16542.0,8709.59
15686.0,0.0
14830.0,15380.76
13974.0,12499.27
13118.0,11262.1
12262.0,10657.36
11406.0,10330.25
10550.0,7741.6
9694.0,0.0
8838.0,9483.51
7982.0,8703.33
7126.0,8357.14
6270.0,8270.22
5414.0,8513.85
4558.0,7785.64
3702.0,0.0
2846.0,13622.06
1990.0,11230.61
1134.0,10188.88
278.0,9814.17
40511.0,7600.68
39655.0,0.0
38799.0,9350.91
37943.0,7357.62
37087.0,6945.83
36231.0,6950.73
35375.0,6967.23
34519.0,7091.52
33663.0,0.0
32807.0,6160.41
31951.0,5505.69
31095.0,5524.52
30239.0,5667.6
29383.0,6193.74
28527.0,7114.54
27671.0,0.0
26815.0,9312.12
25959.0,7549.07
25103.0,7053.57
24247.0,6932.0
23391.0,6989.34
22535.0,7004.8
21679.0,0.0
20823.0,5820.0
19967.0,5169.98
19111.0,5099.94
18255.0,5253.39
17399.0,6095.85
16543.0,7491.93
15687.0,0.0
14831.0,10593.52
13975.0,8017.85
13119.0,7291.37
12263.0,7133.49
11407.0,7166.12
10551.0,7056.11
9695.0,0.0
8839.0,6227.72
7983.0,5533.12
7127.0,5559.27
6271.0,5672.12
5415.0,5992.67
4559.0,7056.1
3703.0,0.0
2847.0,9058.67
1991.0,7186.78
1135.0,6790.31
279.0,6780.05
40512.0,8927.83
39656.0,0.0
38800.0,14010.78
37944.0,11457.13
37088.0,10612.74
36232.0,10141.36
35376.0,9833.8
34520.0,7885.15
33664.0,0.0
32808.0,9401.51
31952.0,8394.97
31096.0,7938.01
30240.0,8016.9
29384.0,8165.48
28528.0,7854.3
27672.0,0.0
26816.0,13244.61
25960.0,11290.32
25104.0,10135.95
24248.0,9659.63
23392.0,9378.58
22536.0,7390.2
21680.0,0.0
20824.0,8986.94
19968.0,7817.16
19112.0,7354.17
18256.0,7523.08
17400.0,8332.56
16544.0,8392.66
15688.0,0.0
14832.0,15437.75
13976.0,12497.37
13120.0,11178.29
12264.0,10496.37
11408.0,9826.45
10552.0,7665.93
9696.0,0.0
8840.0,9263.38
7984.0,8242.14
7128.0,7963.5
6272.0,7968.46
5416.0,8111.09
4560.0,7811.71
3704.0,0.0
2848.0,13087.66
1992.0,11030.95
1136.0,9879.73
280.0,9456.78
40513.0,3878.99
39657.0,0.0
38801.0,7847.41
37945.0,6621.76
37089.0,6122.95
36233.0,5778.38
35377.0,5809.18
34521.0,3324.75
33665.0,0.0
32809.0,5211.77
31953.0,4898.31
31097.0,4778.02
30241.0,4803.25
29385.0,4841.48
28529.0,3459.61
27673.0,0.0
26817.0,7760.37
25961.0,6382.47
25105.0,5944.0
24249.0,5684.12
23393.0,5587.3
22537.0,3264.42
21681.0,0.0
20825.0,4864.29
19969.0,4467.11
19113.0,4276.96
18257.0,4455.54
17401.0,5104.67
16545.0,3704.89
15689.0,0.0
14833.0,8946.91
13977.0,6992.61
13121.0,6111.24
12265.0,5901.17
11409.0,5932.17
10553.0,3287.75
9697.0,0.0
8841.0,5281.75
7985.0,4748.17
7129.0,4627.92
6273.0,4698.12
5417.0,4909.15
4561.0,3297.43
3705.0,0.0
2849.0,7633.74
1993.0,6171.08
1137.0,5614.18
281.0,5435.99
40514.0,5695.79
39658.0,0.0
38802.0,8079.47
37946.0,6607.32
37090.0,6296.89
36234.0,6189.19
35378.0,6370.5
34522.0,0.0
33666.0,0.0
32810.0,5314.26
31954.0,4720.6
31098.0,4557.98
30242.0,4584.27
29386.0,4826.97
28530.0,0.0
27674.0,0.0
26818.0,7640.16
25962.0,6291.47
25106.0,5775.81
24250.0,5383.28
23394.0,5435.36
22538.0,4419.26
21682.0,0.0
20826.0,4539.6
19970.0,4008.41
19114.0,3897.97
18258.0,4065.79
17402.0,4918.25
16546.0,4901.75
15690.0,0.0
14834.0,8407.06
13978.0,6625.04
13122.0,5937.48
12266.0,5759.56
11410.0,5715.9
10554.0,4559.42
9698.0,0.0
8842.0,4864.36
7986.0,4151.59
7130.0,4159.15
6274.0,4213.28
5418.0,4525.08
4562.0,4557.53
3706.0,0.0
2850.0,7518.78
1994.0,6118.19
1138.0,5605.13
282.0,5397.24
40515.0,5179.09
39659.0,0.0
38803.0,7780.03
37947.0,5882.14
37091.0,5680.55
36235.0,5537.93
35379.0,5681.73
34523.0,4903.65
33667.0,0.0
32811.0,5192.17
31955.0,4518.26
31099.0,4475.33
30243.0,4401.1
29387.0,4645.21
28531.0,4909.53
27675.0,0.0
26819.0,7500.09
25963.0,5924.48
25107.0,5510.19
24251.0,5393.41
23395.0,5587.38
22539.0,4779.82
21683.0,0.0
20827.0,4603.9
19971.0,4062.32
19115.0,3994.71
18259.0,4096.6
17403.0,4889.57
16547.0,5389.85
15691.0,0.0
14835.0,8662.93
13979.0,6688.77
13123.0,6013.34
12267.0,5814.62
11411.0,5949.99
10555.0,5001.68
9699.0,0.0
8843.0,4969.15
7987.0,4322.07
7131.0,4293.81
6275.0,4321.7
5419.0,4748.28
4563.0,4948.41
3707.0,0.0
2851.0,7318.34
1995.0,5870.2
1139.0,5476.74
283.0,5323.74
40516.0,9192.57
39660.0,0.0
38804.0,14216.47
37948.0,11473.06
37092.0,10898.95
36236.0,10680.02
35380.0,10612.63
34524.0,8662.85
33668.0,0.0
32812.0,8630.87
31956.0,7910.02
31100.0,8042.3
30244.0,8235.09
29388.0,9031.91
28532.0,8862.51
27676.0,0.0
26820.0,13848.43
25964.0,11703.35
25108.0,10978.36
24252.0,10409.09
23396.0,10348.18
22540.0,8778.72
21684.0,0.0
20828.0,7756.68
19972.0,7058.86
19116.0,7070.56
18260.0,7489.08
17404.0,8791.69
16548.0,9517.73
15692.0,0.0
14836.0,16285.65
13980.0,12037.34
13124.0,11120.31
12268.0,10603.16
11412.0,10437.61
10556.0,8838.65
9700.0,0.0
8844.0,8646.27
7988.0,7549.57
7132.0,7574.76
6276.0,7795.13
5420.0,8181.33
4564.0,8708.12
3708.0,0.0
2852.0,14161.53
1996.0,11306.27
1140.0,10187.69
284.0,9897.9
40517.0,7842.09
39661.0,0.0
38805.0,8966.72
37949.0,7212.92
37093.0,6912.37
36237.0,6823.11
35381.0,6951.15
34525.0,6920.37
33669.0,0.0
32813.0,6016.03
31957.0,5454.04
31101.0,5451.73
30245.0,5548.59
29389.0,5926.88
28533.0,6749.2
27677.0,0.0
26821.0,9255.16
25965.0,7419.32
25109.0,6989.83
24253.0,6850.02
23397.0,7012.47
22541.0,6540.95
21685.0,0.0
20829.0,5879.04
19973.0,5212.06
19117.0,5113.29
18261.0,5246.78
17405.0,6119.45
16549.0,7113.08
15693.0,0.0
14837.0,10301.06
13981.0,7949.08
13125.0,7280.92
12269.0,7162.34
11413.0,7148.68
10557.0,6655.46
9701.0,0.0
8845.0,6240.73
7989.0,5502.29
7133.0,5481.97
6277.0,5547.44
5421.0,5832.63
4565.0,6590.19
3709.0,0.0
2853.0,9043.36
1997.0,7152.39
1141.0,6765.45
285.0,6718.07
40518.0,7192.95
39662.0,0.0
38806.0,10947.39
37950.0,8782.25
37094.0,8195.15
36238.0,8053.84
35382.0,7933.9
34526.0,6662.65
33670.0,0.0
32814.0,6750.49
31958.0,6128.8
31102.0,6213.53
30246.0,6446.0
29390.0,6986.16
28534.0,6746.63
27678.0,0.0
26822.0,10865.05
25966.0,8893.38
25110.0,8443.96
24254.0,8179.71
23398.0,8151.68
22542.0,6510.7
21686.0,0.0
20830.0,6495.24
19974.0,5854.07
19118.0,5911.44
18262.0,6323.26
17406.0,7434.43
16550.0,7135.73
15694.0,0.0
14838.0,13285.15
13982.0,9704.55
13126.0,8775.52
12270.0,8456.48
11414.0,8354.03
10558.0,6583.28
9702.0,0.0
8846.0,6829.35
7990.0,6130.24
7134.0,6310.24
6278.0,6568.76
5422.0,6931.84
4566.0,6607.33
3710.0,0.0
2854.0,10921.23
1998.0,8681.28
1142.0,8160.83
286.0,7990.95
40519.0,6676.39
39663.0,0.0
38807.0,10038.32
37951.0,8000.57
37095.0,7546.15
36239.0,7144.37
35383.0,7018.19
34527.0,6222.48
33671.0,0.0
32815.0,6457.57
31959.0,5665.33
31103.0,5484.05
30247.0,5602.11
29391.0,6058.45
28535.0,6021.28
27679.0,0.0
26823.0,9598.89
25967.0,7698.83
25111.0,7149.72
24255.0,6926.24
23399.0,6871.97
22543.0,5846.35
21687.0,0.0
20831.0,6047.53
19975.0,5208.08
19119.0,5054.02
18263.0,5194.97
17407.0,5957.55
16551.0,6582.89
15695.0,0.0
14839.0,11181.89
13983.0,8198.07
13127.0,7342.03
12271.0,7088.77
11415.0,7015.28
10559.0,6161.45
9703.0,0.0
8847.0,6172.7
7991.0,5516.18
7135.0,5420.83
6279.0,5505.54
5423.0,5694.53
4567.0,6189.14
3711.0,0.0
2855.0,9451.21
1999.0,7482.08
1143.0,6851.34
287.0,6723.51
40520.0,8225.52
39664.0,0.0
38808.0,12860.15
37952.0,10198.44
37096.0,9461.23
36240.0,9213.64
35384.0,9117.69
34528.0,7474.83
33672.0,0.0
32816.0,7924.4
31960.0,7118.91
31104.0,7261.68
30248.0,7469.18
29392.0,8138.82
28536.0,7573.49
27680.0,0.0
26824.0,12437.86
25968.0,9950.97
25112.0,9244.14
24256.0,8945.74
23400.0,9024.16
22544.0,7348.66
21688.0,0.0
20832.0,7617.62
19976.0,6870.77
19120.0,6762.17
18264.0,7072.31
17408.0,8537.49
16552.0,8511.09
15696.0,0.0
14840.0,15022.39
13984.0,11153.63
13128.0,10055.68
12272.0,9639.58
11416.0,9330.03
10560.0,7545.09
9704.0,0.0
8848.0,7786.78
7992.0,7002.25
7136.0,7017.16
6280.0,7315.63
5424.0,7813.97
4568.0,7571.43
3712.0,0.0
2856.0,12438.13
2000.0,9710.94
1144.0,8863.24
288.0,8761.24
40521.0,5565.11
39665.0,0.0
38809.0,6549.38
37953.0,5128.96
37097.0,5087.47
36241.0,5169.91
35385.0,5397.48
34529.0,5044.72
33673.0,0.0
32817.0,4436.44
31961.0,4002.4
31105.0,4023.82
30249.0,4166.02
29393.0,4660.07
28537.0,5071.7
27681.0,0.0
26825.0,6508.6
25969.0,5299.15
25113.0,5118.09
24257.0,5169.51
23401.0,5307.94
22545.0,5037.04
21689.0,0.0
20833.0,4136.59
19977.0,3696.1
19121.0,3654.68
18265.0,3852.63
17409.0,4670.49
16553.0,5589.48
15697.0,0.0
14841.0,7556.72
13985.0,5868.68
13129.0,5362.59
12273.0,5293.77
11417.0,5442.33
10561.0,5123.75
9705.0,0.0
8849.0,4560.44
7993.0,3963.68
7137.0,4052.93
6281.0,4155.22
5425.0,4519.31
4569.0,5125.19
3713.0,0.0
2857.0,6508.93
2001.0,5369.71
1145.0,5084.01
289.0,5104.97
40522.0,6546.94
39666.0,0.0
38810.0,11802.91
37954.0,10023.03
37098.0,9056.01
36242.0,8731.12
35386.0,8693.01
34530.0,6315.69
33674.0,0.0
32818.0,7733.7
31962.0,7437.21
31106.0,7119.87
30250.0,7130.28
29394.0,7174.35
28538.0,6294.63
27682.0,0.0
26826.0,11452.85
25970.0,9948.39
25114.0,9353.38
24258.0,8793.39
23402.0,8458.29
22546.0,5982.9
21690.0,0.0
20834.0,7519.04
19978.0,7086.37
19122.0,6801.95
18266.0,6964.13
17410.0,7877.31
16554.0,6875.47
15698.0,0.0
14842.0,13777.01
13986.0,10938.5
13130.0,9672.55
12274.0,8967.63
11418.0,8689.24
10562.0,6274.32
9706.0,0.0
8850.0,7755.74
7994.0,7143.41
7138.0,6964.83
6282.0,7003.05
5426.0,7129.33
4570.0,6213.62
3714.0,0.0
2858.0,11767.39
2002.0,9859.1
1146.0,8803.91
290.0,8469.15
40523.0,5971.34
39667.0,0.0
38811.0,9314.25
37955.0,7918.65
37099.0,7045.43
36243.0,7083.13
35387.0,6951.79
34531.0,5226.8
33675.0,0.0
32819.0,6537.27
31963.0,6010.01
31107.0,5877.06
30251.0,5941.44
29395.0,6094.36
28539.0,5491.28
27683.0,0.0
26827.0,9039.35
25971.0,7657.73
25115.0,7126.25
24259.0,6949.86
23403.0,6875.03
22547.0,5143.96
21691.0,0.0
20835.0,6562.67
19979.0,5951.3
19123.0,5708.51
18267.0,5793.2
17411.0,6599.58
16555.0,5934.79
15699.0,0.0
14843.0,10610.38
13987.0,8419.89
13131.0,7622.95
12275.0,7319.03
11419.0,7158.19
10563.0,5272.4
9707.0,0.0
8851.0,6732.61
7995.0,6201.34
7139.0,6044.58
6283.0,5999.08
5427.0,6085.66
4571.0,5255.34
3715.0,0.0
2859.0,9092.84
2003.0,7570.9
1147.0,6964.37
291.0,6822.26
40524.0,3521.11
39668.0,0.0
38812.0,5626.49
37956.0,4488.81
37100.0,4246.06
36244.0,4259.69
35388.0,4303.69
34532.0,3114.49
33676.0,0.0
32820.0,3869.41
31964.0,3518.07
31108.0,3276.03
30252.0,3440.34
29396.0,3644.68
28540.0,3149.69
27684.0,0.0
26828.0,5635.07
25972.0,4612.15
25116.0,4258.92
24260.0,4229.16
23404.0,4232.49
22548.0,2920.58
21692.0,0.0
20836.0,3437.4
19980.0,3096.54
19124.0,2983.51
18268.0,3111.45
17412.0,3766.48
16556.0,3199.13
15700.0,0.0
14844.0,6259.3
13988.0,4876.47
13132.0,4466.18
12276.0,4338.77
11420.0,4361.92
10564.0,2969.88
9708.0,0.0
8852.0,3731.72
7996.0,3384.31
7140.0,3284.74
6284.0,3346.06
5428.0,3573.47
4572.0,3045.25
3716.0,0.0
2860.0,5617.41
2004.0,4512.37
1148.0,4085.39
292.0,4080.48
40525.0,12477.64
39669.0,0.0
38813.0,18002.85
37957.0,16156.72
37101.0,15004.77
36245.0,14060.68
35389.0,13664.95
34533.0,11398.35
33677.0,0.0
32821.0,11936.83
31965.0,11688.88
31109.0,11492.82
30253.0,11416.9
29397.0,11963.53
28541.0,11718.28
27685.0,0.0
26829.0,18096.07
25973.0,15879.89
25117.0,14769.87
24261.0,13843.77
23405.0,13400.08
22549.0,11115.98
21693.0,0.0
20837.0,11527.47
19981.0,11302.24
19125.0,11180.92
18269.0,11224.82
17413.0,12537.93
16557.0,12949.08
15701.0,0.0
14845.0,22347.51
13989.0,17987.04
13133.0,16184.24
12277.0,14671.14
11421.0,13934.62
10565.0,11716.44
9709.0,0.0
8853.0,12311.32
7997.0,11238.95
7141.0,11186.68
6285.0,11205.08
5429.0,11414.34
4573.0,11466.81
3717.0,0.0
2861.0,19052.42
2005.0,16704.66
1149.0,15072.35
293.0,13915.63
40526.0,18212.03
39670.0,0.0
38814.0,20991.14
37958.0,19531.12
37102.0,17995.46
36246.0,17791.96
35390.0,17379.3
34534.0,16310.28
33678.0,0.0
32822.0,17110.45
31966.0,15814.77
31110.0,14829.73
30254.0,15463.71
29398.0,16333.37
28542.0,16144.12
27686.0,0.0
26830.0,21374.22
25974.0,20208.83
25118.0,18667.44
24262.0,17743.7
23406.0,16775.65
22550.0,15411.87
21694.0,0.0
20838.0,15616.21
19982.0,14776.67
19126.0,14303.08
18270.0,14462.04
17414.0,16016.18
16558.0,16827.71
15702.0,0.0
14846.0,24224.91
13990.0,21250.81
13134.0,20777.03
12278.0,19169.25
11422.0,18252.0
10566.0,16527.93
9710.0,0.0
8854.0,17100.46
7998.0,16510.63
7142.0,15648.6
6286.0,15194.07
5430.0,15339.38
4574.0,16083.95
3718.0,0.0
2862.0,21175.94
2006.0,20217.86
1150.0,18230.26
294.0,17798.63
40527.0,7667.11
39671.0,0.0
38815.0,10811.6
37959.0,8239.08
37103.0,7836.26
36247.0,7430.75
35391.0,7476.49
34535.0,7321.75
33679.0,0.0
32823.0,6905.59
31967.0,6091.57
31111.0,5885.59
30255.0,6061.68
29399.0,6691.87
28543.0,0.0
27687.0,0.0
26831.0,10316.16
25975.0,8281.2
25119.0,7377.24
24263.0,7011.71
23407.0,7008.45
22551.0,6779.52
21695.0,0.0
20839.0,6140.54
19983.0,5290.53
19127.0,5238.1
18271.0,5252.09
17415.0,6264.08
16559.0,6856.57
15703.0,0.0
14847.0,11893.53
13991.0,9125.98
13135.0,7993.8
12279.0,7536.48
11423.0,7517.23
10567.0,6881.36
9711.0,0.0
8855.0,6395.46
7999.0,5773.08
7143.0,5789.51
6287.0,5874.81
5431.0,6122.0
4575.0,6403.93
3719.0,0.0
2863.0,9927.25
2007.0,7910.48
1151.0,7259.35
295.0,7150.73
40528.0,6373.65
39672.0,0.0
38816.0,10093.56
37960.0,7962.35
37104.0,7463.98
36248.0,7214.71
35392.0,7161.49
34536.0,6094.77
33680.0,0.0
32824.0,6423.35
31968.0,5720.15
31112.0,5662.92
30256.0,5781.07
29400.0,6299.7
28544.0,6019.09
27688.0,0.0
26832.0,9742.89
25976.0,7795.89
25120.0,7263.48
24264.0,7043.73
23408.0,7141.27
22552.0,5822.63
21696.0,0.0
20840.0,6179.98
19984.0,5380.1
19128.0,5264.43
18272.0,5397.99
17416.0,6724.94
16560.0,6726.2
15704.0,0.0
14848.0,12758.32
13992.0,8769.23
13136.0,7689.46
12280.0,7527.77
11424.0,7546.79
10568.0,6068.26
9712.0,0.0
8856.0,6191.31
8000.0,5627.52
7144.0,5642.32
6288.0,5682.6
5432.0,6242.25
4576.0,6126.31
3720.0,0.0
2864.0,9989.05
2008.0,7736.8
1152.0,7055.92
296.0,6987.72
40529.0,7808.95
39673.0,0.0
38817.0,14853.22
37961.0,12257.32
37105.0,10884.41
36249.0,10314.69
35393.0,10064.71
34537.0,6917.59
33681.0,0.0
32825.0,9364.97
31969.0,8619.86
31113.0,8255.38
30257.0,8168.94
29401.0,8401.88
28545.0,7148.86
27689.0,0.0
26833.0,13924.97
25977.0,11483.25
25121.0,10495.53
24265.0,9968.59
23409.0,9721.22
22553.0,6840.77
21697.0,0.0
20841.0,8712.72
19985.0,7875.49
19129.0,7616.95
18273.0,7664.35
17417.0,8938.83
16561.0,8141.81
15705.0,0.0
14849.0,17885.95
13993.0,12754.31
13137.0,11352.24
12281.0,10739.13
11425.0,10246.56
10569.0,7297.18
9713.0,0.0
8857.0,9068.98
8001.0,8345.43
7145.0,8082.37
6289.0,8035.11
5433.0,8243.91
4577.0,7423.22
3721.0,0.0
2865.0,14893.39
2009.0,11916.72
1153.0,10559.64
297.0,9826.3
40530.0,8366.68
39674.0,0.0
38818.0,13657.7
37962.0,11025.89
37106.0,10177.31
36250.0,9732.94
35394.0,9447.42
34538.0,7381.48
33682.0,0.0
32826.0,9145.43
31970.0,8307.16
31114.0,8068.69
30258.0,8199.32
29402.0,8519.11
28546.0,7710.28
27690.0,0.0
26834.0,13051.88
25978.0,11038.56
25122.0,10165.06
24266.0,9696.82
23410.0,9481.09
22554.0,7271.97
21698.0,0.0
20842.0,8691.05
19986.0,7865.68
19130.0,7684.12
18274.0,7778.06
17418.0,8720.6
16562.0,8357.17
15706.0,0.0
14850.0,14693.42
13994.0,11879.93
13138.0,10942.93
12282.0,10286.56
11426.0,9842.28
10570.0,7380.25
9714.0,0.0
8858.0,9413.63
8002.0,8457.82
7146.0,8131.16
6290.0,8108.88
5434.0,8283.13
4578.0,7512.23
3722.0,0.0
2866.0,13109.77
2010.0,10985.07
1154.0,9946.23
298.0,9494.71
40531.0,8205.67
39675.0,0.0
38819.0,15036.88
37963.0,12623.65
37107.0,11906.9
36251.0,11322.39
35395.0,11098.16
34539.0,7907.57
33683.0,0.0
32827.0,10237.33
31971.0,9620.25
31115.0,9409.72
30259.0,9658.14
29403.0,9546.97
28547.0,7556.08
27691.0,0.0
26835.0,14429.32
25979.0,12386.16
25123.0,11481.5
24267.0,11110.94
23411.0,10804.39
22555.0,7642.85
21699.0,0.0
20843.0,9602.5
19987.0,9004.21
19131.0,9051.15
18275.0,9131.86
17419.0,10166.32
16563.0,8267.42
15707.0,0.0
14851.0,16204.41
13995.0,13471.74
13139.0,12233.54
12283.0,11485.55
11427.0,10976.24
10571.0,7529.92
9715.0,0.0
8859.0,10262.36
8003.0,9545.35
7147.0,9156.05
6291.0,9174.13
5435.0,9335.95
4579.0,7279.12
3723.0,0.0
2867.0,14464.75
2011.0,12056.3
1155.0,10979.23
299.0,10585.97
40532.0,2745.6
39676.0,0.0
38820.0,7781.0
37964.0,6451.6
37108.0,5699.26
36252.0,5699.34
35396.0,5673.37
34540.0,2286.51
33684.0,0.0
32828.0,4779.07
31972.0,4464.41
31116.0,4382.75
30260.0,4382.38
29404.0,4500.54
28548.0,2412.21
27692.0,0.0
26836.0,7258.84
25980.0,6082.45
25124.0,5492.89
24268.0,5321.0
23412.0,5291.38
22556.0,2244.46
21700.0,0.0
20844.0,4343.38
19988.0,4025.64
19132.0,3975.3
18276.0,4169.07
17420.0,4969.12
16564.0,2517.17
15708.0,0.0
14852.0,8411.78
13996.0,6558.42
13140.0,5838.67
12284.0,5565.19
11428.0,5389.89
10572.0,2310.16
9716.0,0.0
8860.0,4775.35
8004.0,4269.3
7148.0,4200.78
6292.0,4193.15
5436.0,4320.11
4580.0,2361.4
3724.0,0.0
2868.0,7137.37
2012.0,5930.73
1156.0,5373.52
300.0,5125.04
40533.0,4649.21
39677.0,0.0
38821.0,9440.8
37965.0,7659.83
37109.0,6824.28
36253.0,6575.3
35397.0,6479.92
34541.0,4049.55
33685.0,0.0
32829.0,6448.52
31973.0,5696.63
31117.0,5600.59
30261.0,5828.77
29405.0,6015.01
28549.0,4112.82
27693.0,0.0
26837.0,9021.16
25981.0,7487.6
25125.0,6910.37
24269.0,6654.2
23413.0,6530.97
22557.0,3952.0
21701.0,0.0
20845.0,6041.57
19989.0,5429.99
19133.0,5284.41
18277.0,5439.06
17421.0,6193.21
16565.0,4657.75
15709.0,0.0
14853.0,10436.76
13997.0,8367.33
13141.0,7354.91
12285.0,6964.33
11429.0,6722.14
10573.0,4153.11
9717.0,0.0
8861.0,6316.21
8005.0,5877.04
7149.0,5764.94
6293.0,5797.57
5437.0,5800.47
4581.0,4126.81
3725.0,0.0
2869.0,9067.29
2013.0,7491.34
1157.0,6841.76
301.0,6527.06
40534.0,5664.59
39678.0,0.0
38822.0,8466.9
37966.0,6628.9
37110.0,6195.49
36254.0,6133.04
35398.0,6258.67
34542.0,5266.52
33686.0,0.0
32830.0,5478.92
31974.0,4929.23
31118.0,4934.14
30262.0,5203.78
29406.0,5497.19
28550.0,5351.24
27694.0,0.0
26838.0,8008.56
25982.0,6611.75
25126.0,6179.69
24270.0,6007.87
23414.0,6219.53
22558.0,5258.24
21702.0,0.0
20846.0,5271.98
19990.0,4651.28
19134.0,4596.5
18278.0,4893.71
17422.0,5886.39
16566.0,5910.07
15710.0,0.0
14854.0,9141.77
13998.0,7332.54
13142.0,6587.1
12286.0,6374.98
11430.0,6329.01
10574.0,5412.69
9718.0,0.0
8862.0,5566.11
8006.0,4840.83
7150.0,4829.53
6294.0,4968.59
5438.0,5371.43
4582.0,5484.8
3726.0,0.0
2870.0,7831.65
2014.0,6346.45
1158.0,6025.94
302.0,5900.21
40535.0,9256.14
39679.0,0.0
38823.0,12630.69
37967.0,10187.92
37111.0,9416.83
36255.0,9098.19
35399.0,9073.21
34543.0,8644.7
33687.0,0.0
32831.0,7995.83
31975.0,7174.62
31119.0,7211.78
30263.0,7315.56
29407.0,8096.79
28551.0,8294.44
27695.0,0.0
26839.0,12768.95
25983.0,10449.19
25127.0,9493.21
24271.0,9019.57
23415.0,9025.1
22559.0,7963.29
21703.0,0.0
20847.0,7680.95
19991.0,6688.42
19135.0,6527.05
18279.0,6887.27
17423.0,7789.52
16567.0,8463.68
15711.0,0.0
14855.0,13791.93
13999.0,11057.37
13143.0,9849.21
12287.0,9349.3
11431.0,9206.15
10575.0,8010.22
9719.0,0.0
8863.0,7926.53
8007.0,7044.3
7151.0,6946.79
6295.0,7246.42
5439.0,7641.37
4583.0,7984.97
3727.0,0.0
2871.0,12472.28
2015.0,9869.93
1159.0,8961.43
303.0,8703.97
40536.0,2921.46
39680.0,0.0
38824.0,5304.43
37968.0,4252.39
37112.0,3904.58
36256.0,3961.98
35400.0,3996.86
34544.0,2545.92
33688.0,0.0
32832.0,3675.05
31976.0,3330.97
31120.0,3280.21
30264.0,3255.06
29408.0,3533.48
28552.0,2540.88
27696.0,0.0
26840.0,5323.81
25984.0,4402.22
25128.0,4083.29
24272.0,4016.44
23416.0,4099.82
22560.0,2423.59
21704.0,0.0
20848.0,3623.61
19992.0,3332.79
19136.0,3153.28
18280.0,3121.3
17424.0,3822.41
16568.0,2749.2
15712.0,0.0
14856.0,6196.66
14000.0,4889.57
13144.0,4489.0
12288.0,4261.63
11432.0,4261.23
10576.0,2493.75
9720.0,0.0
8864.0,3816.24
8008.0,3428.1
7152.0,3320.77
6296.0,3326.58
5440.0,3542.82
4584.0,2459.55
3728.0,0.0
2872.0,5481.89
2016.0,4526.89
1160.0,4139.08
304.0,4052.08
40537.0,3814.59
39681.0,0.0
38825.0,8622.06
37969.0,7233.87
37113.0,6654.15
36257.0,6229.58
35401.0,6052.41
34545.0,3536.2
33689.0,0.0
32833.0,5499.14
31977.0,5188.24
31121.0,5031.79
30265.0,5018.45
29409.0,5228.21
28553.0,3741.83
27697.0,0.0
26841.0,8022.2
25985.0,6722.8
25129.0,6194.72
24273.0,5864.59
23417.0,5732.95
22561.0,3361.28
21705.0,0.0
20849.0,5011.1
19993.0,4701.41
19137.0,4482.41
18281.0,4630.03
17425.0,5569.14
16569.0,3848.06
15713.0,0.0
14857.0,9283.73
14001.0,7362.93
13145.0,6464.03
12289.0,6204.9
11433.0,6090.25
10577.0,3507.42
9721.0,0.0
8865.0,5293.02
8009.0,4828.99
7153.0,4679.47
6297.0,4775.38
5441.0,5024.12
4585.0,3597.71
3729.0,0.0
2873.0,7878.09
2017.0,6363.98
1161.0,5830.93
305.0,5668.8
40538.0,5283.3
39682.0,0.0
38826.0,8039.37
37970.0,6483.52
37114.0,6031.53
36258.0,6065.49
35402.0,5999.98
34546.0,5065.75
33690.0,0.0
32834.0,5273.53
31978.0,4705.16
31122.0,4625.3
30266.0,4624.36
29410.0,5054.31
28554.0,5084.14
27698.0,0.0
26842.0,7979.22
25986.0,6461.77
25130.0,6002.24
24274.0,5794.2
23418.0,5759.92
22562.0,5089.18
21706.0,0.0
20850.0,4702.21
19994.0,4263.0
19138.0,4190.43
18282.0,4359.5
17426.0,5292.18
16570.0,5712.48
15714.0,0.0
14858.0,9899.52
14002.0,7263.96
13146.0,6340.35
12290.0,6197.32
11434.0,6122.67
10578.0,5280.22
9722.0,0.0
8866.0,5075.84
8010.0,4577.39
7154.0,4495.8
6298.0,4584.31
5442.0,5022.84
4586.0,5275.98
3730.0,0.0
2874.0,8080.42
2018.0,6409.88
1162.0,5871.51
306.0,5799.96
40539.0,5599.07
39683.0,0.0
38827.0,8445.72
37971.0,7129.01
37115.0,6511.79
36259.0,6354.56
35403.0,6115.69
34547.0,5375.16
33691.0,0.0
32835.0,5684.21
31979.0,5263.42
31123.0,5039.01
30267.0,5162.12
29411.0,5340.99
28555.0,0.0
27699.0,0.0
26843.0,8365.79
25987.0,6945.39
25131.0,6182.64
24275.0,6004.28
23419.0,5779.41
22563.0,5512.87
21707.0,0.0
20851.0,5305.18
19995.0,4835.89
19139.0,4579.43
18283.0,4784.25
17427.0,5290.07
16571.0,5343.06
15715.0,0.0
14859.0,9865.28
14003.0,7746.33
13147.0,6735.67
12291.0,6425.62
11435.0,6282.31
10579.0,5234.33
9723.0,0.0
8867.0,5754.91
8011.0,5180.35
7155.0,4955.19
6299.0,5042.8
5443.0,5179.32
4587.0,4734.98
3731.0,0.0
2875.0,8496.54
2019.0,7050.99
1163.0,6378.06
307.0,6248.96
40540.0,5311.58
39684.0,0.0
38828.0,10574.31
37972.0,8895.51
37116.0,7985.58
36260.0,7652.05
35404.0,7494.54
34548.0,4734.62
33692.0,0.0
32836.0,7098.14
31980.0,6451.55
31124.0,6310.92
30268.0,6352.13
29412.0,6768.61
28556.0,4811.95
27700.0,0.0
26844.0,10266.66
25988.0,8559.32
25132.0,7986.9
24276.0,7576.19
23420.0,7381.06
22564.0,4509.35
21708.0,0.0
20852.0,6757.47
19996.0,6274.6
19140.0,6022.56
18284.0,6162.89
17428.0,7062.41
16572.0,4954.89
15716.0,0.0
14860.0,11891.2
14004.0,9550.43
13148.0,8605.66
12292.0,8037.82
11436.0,7733.73
10580.0,4623.66
9724.0,0.0
8868.0,7021.99
8012.0,6554.06
7156.0,6444.62
6300.0,6422.12
5444.0,6617.68
4588.0,4571.98
3732.0,0.0
2876.0,10132.23
2020.0,8299.21
1164.0,7713.7
308.0,7389.7
40541.0,3410.36
39685.0,0.0
38829.0,7871.27
37973.0,6322.75
37117.0,5959.78
36261.0,5699.51
35405.0,5524.81
34549.0,3145.95
33693.0,0.0
32837.0,4882.02
31981.0,4659.11
31125.0,4524.0
30269.0,4548.47
29413.0,4599.21
28557.0,3105.05
27701.0,0.0
26845.0,7631.35
25989.0,6322.13
25133.0,5711.27
24277.0,5429.89
23421.0,5313.15
22565.0,3028.23
21709.0,0.0
20853.0,4614.05
19997.0,4278.7
19141.0,4086.36
18285.0,4206.34
17429.0,4792.22
16573.0,3309.25
15717.0,0.0
14861.0,9148.09
14005.0,6879.94
13149.0,6065.03
12293.0,5701.21
11437.0,5575.32
10581.0,3127.33
9725.0,0.0
8869.0,5001.84
8013.0,4528.52
7157.0,4435.82
6301.0,4427.93
5445.0,4469.72
4589.0,3067.63
3733.0,0.0
2877.0,7667.16
2021.0,6110.67
1165.0,5503.3
309.0,5262.07
40542.0,2996.48
39686.0,0.0
38830.0,6842.44
37974.0,5312.54
37118.0,4735.58
36262.0,4646.85
35406.0,4575.08
34550.0,2669.12
33694.0,0.0
32838.0,4204.13
31982.0,3906.99
31126.0,3798.65
30270.0,3827.69
29414.0,4031.58
28558.0,2862.09
27702.0,0.0
26846.0,6797.71
25990.0,5513.68
25134.0,5007.23
24278.0,4798.62
23422.0,4760.25
22566.0,2629.4
21710.0,0.0
20854.0,3914.91
19998.0,3735.71
19142.0,3631.74
18286.0,3660.71
17430.0,4217.18
16574.0,2924.54
15718.0,0.0
14862.0,8226.2
14006.0,6129.81
13150.0,5322.49
12294.0,5027.67
11438.0,5045.08
10582.0,2687.99
9726.0,0.0
8870.0,4247.7
8014.0,3927.47
7158.0,3863.53
6302.0,3884.43
5446.0,3991.32
4590.0,2723.66
3734.0,0.0
2878.0,6938.27
2022.0,5759.57
1166.0,5132.08
310.0,4863.86
40543.0,8047.5
39687.0,0.0
38831.0,10631.39
37975.0,8238.95
37119.0,7931.94
36263.0,7804.67
35407.0,7888.68
34551.0,7932.75
33695.0,0.0
32839.0,6838.92
31983.0,6204.13
31127.0,6013.2
30271.0,6242.67
29415.0,6822.17
28559.0,7463.04
27703.0,0.0
26847.0,10152.05
25991.0,8397.93
25135.0,7980.8
24279.0,7798.28
23423.0,7802.29
22567.0,7543.96
21711.0,0.0
20855.0,6501.67
19999.0,5685.51
19143.0,5682.74
18287.0,6021.77
17431.0,6977.64
16575.0,8151.28
15719.0,0.0
14863.0,12154.8
14007.0,9101.94
13151.0,8213.41
12295.0,8009.99
11439.0,7959.0
10583.0,7542.29
9727.0,0.0
8871.0,6899.2
8015.0,6113.46
7159.0,6203.26
6303.0,6347.63
5447.0,6736.67
4591.0,7386.62
3735.0,0.0
2879.0,10114.88
2023.0,8203.04
1167.0,7800.92
311.0,7654.52
40544.0,4321.63
39688.0,0.0
38832.0,6356.49
37976.0,5252.95
37120.0,4853.79
36264.0,4956.66
35408.0,4961.62
34552.0,4158.19
33696.0,0.0
32840.0,4304.38
31984.0,3991.46
31128.0,3794.34
30272.0,3821.59
29416.0,4016.42
28560.0,0.0
27704.0,0.0
26848.0,6147.01
25992.0,5211.44
25136.0,4702.27
24280.0,4586.82
23424.0,4558.69
22568.0,3870.3
21712.0,0.0
20856.0,3808.49
20000.0,3518.94
19144.0,3438.92
18288.0,3462.29
17432.0,3995.29
16576.0,3497.91
15720.0,0.0
14864.0,6704.56
14008.0,5503.56
13152.0,4954.02
12296.0,4832.21
11440.0,4790.84
10584.0,3569.49
9728.0,0.0
8872.0,4137.26
8016.0,3726.8
7160.0,3728.59
6304.0,3782.75
5448.0,3866.24
4592.0,3181.72
3736.0,0.0
2880.0,6183.1
2024.0,5264.86
1168.0,4743.35
312.0,4644.63
40545.0,5191.76
39689.0,0.0
38833.0,7818.02
37977.0,6099.26
37121.0,5773.52
36265.0,5741.76
35409.0,5758.46
34553.0,4826.28
33697.0,0.0
32841.0,4883.04
31985.0,4362.77
31129.0,4239.77
30273.0,4362.26
29417.0,4628.65
28561.0,4598.99
27705.0,0.0
26849.0,7623.67
25993.0,6087.01
25137.0,5679.79
24281.0,5491.31
23425.0,5595.28
22569.0,4651.76
21713.0,0.0
20857.0,4500.78
20001.0,3910.07
19145.0,3880.47
18289.0,4039.27
17433.0,4865.04
16577.0,5168.31
15721.0,0.0
14865.0,8391.76
14009.0,6569.9
13153.0,5889.31
12297.0,5771.39
11441.0,5729.4
10585.0,4869.78
9729.0,0.0
8873.0,4930.89
8017.0,4208.65
7161.0,4152.66
6305.0,4217.56
5449.0,4506.2
4593.0,4696.88
3737.0,0.0
2881.0,7488.15
2025.0,6079.08
1169.0,5545.3
313.0,5395.89
40546.0,5849.19
39690.0,0.0
38834.0,9025.22
37978.0,7257.57
37122.0,6795.45
36266.0,6838.09
35410.0,6542.64
34554.0,5247.0
33698.0,0.0
32842.0,5833.99
31986.0,5171.67
31130.0,5161.89
30274.0,5261.78
29418.0,5625.59
28562.0,5326.46
27706.0,0.0
26850.0,8993.24
25994.0,7214.38
25138.0,6647.25
24282.0,6549.86
23426.0,6442.1
22570.0,5077.26
21714.0,0.0
20858.0,5522.95
20002.0,4834.81
19146.0,4663.58
18290.0,4921.75
17434.0,5653.34
16578.0,5659.83
15722.0,0.0
14866.0,11116.09
14010.0,8027.09
13154.0,7074.57
12298.0,6807.52
11442.0,6539.75
10586.0,5357.71
9730.0,0.0
8874.0,5588.29
8018.0,5070.76
7162.0,5008.88
6306.0,5054.86
5450.0,5350.57
4594.0,5370.11
3738.0,0.0
2882.0,8982.71
2026.0,7155.86
1170.0,6523.7
314.0,6335.64
40547.0,4969.07
39691.0,0.0
38835.0,9310.23
37979.0,7444.96
37123.0,6983.73
36267.0,6461.95
35411.0,6315.03
34555.0,4503.3
33699.0,0.0
32843.0,5523.2
31987.0,5142.64
31131.0,5130.16
30275.0,5169.29
29419.0,5563.06
28563.0,4945.35
27707.0,0.0
26851.0,8830.19
25995.0,7348.25
25139.0,6858.75
24283.0,6400.08
23427.0,6494.1
22571.0,4446.84
21715.0,0.0
20859.0,5166.29
20003.0,4721.33
19147.0,4585.33
18291.0,4858.23
17435.0,5914.51
16579.0,5422.18
15723.0,0.0
14867.0,11089.04
14011.0,8247.48
13155.0,7214.67
12299.0,6734.35
11443.0,6514.98
10587.0,4843.13
9731.0,0.0
8875.0,5297.09
8019.0,4847.9
7163.0,4870.42
6307.0,4906.84
5451.0,5234.95
4595.0,4872.09
3739.0,0.0
2883.0,9030.94
2027.0,7337.17
1171.0,6779.05
315.0,6326.37
40548.0,10542.39
39692.0,0.0
38836.0,14727.71
37980.0,11114.36
37124.0,10491.36
36268.0,10243.53
35412.0,10481.57
34556.0,9656.83
33700.0,0.0
32844.0,9452.04
31988.0,8413.41
31132.0,8287.76
30276.0,8486.06
29420.0,8909.12
28564.0,9285.98
27708.0,0.0
26852.0,14125.28
25996.0,11386.89
25140.0,10421.77
24284.0,10193.34
23428.0,10294.53
22572.0,9386.85
21716.0,0.0
20860.0,8842.67
20004.0,7931.39
19148.0,7651.73
18292.0,7762.38
17436.0,8763.35
16580.0,9613.03
15724.0,0.0
14868.0,15844.53
14012.0,11905.67
13156.0,10970.05
12300.0,10574.99
11444.0,10379.78
10588.0,9259.14
9732.0,0.0
8876.0,9224.28
8020.0,8170.94
7164.0,8063.18
6308.0,8182.2
5452.0,8613.19
4596.0,9218.48
3740.0,0.0
2884.0,13968.65
2028.0,10880.83
1172.0,9973.51
316.0,9792.24
40549.0,12027.09
39693.0,0.0
38837.0,13790.5
37981.0,11085.91
37125.0,10431.9
36269.0,10229.19
35413.0,10310.95
34557.0,10900.17
33701.0,0.0
32845.0,8843.85
31989.0,7980.75
31133.0,8091.88
30277.0,8340.96
29421.0,8834.41
28565.0,0.0
27709.0,0.0
26853.0,13317.35
25997.0,10943.8
25141.0,9944.67
24285.0,9617.03
23429.0,9684.04
22573.0,9350.74
21717.0,0.0
20861.0,8044.23
20005.0,7099.39
19149.0,6890.68
18293.0,7312.17
17437.0,8588.03
16581.0,9707.93
15725.0,0.0
14869.0,15989.61
14013.0,11654.79
13157.0,10636.94
12301.0,10309.65
11445.0,10028.99
10589.0,9572.29
9733.0,0.0
8877.0,8519.52
8021.0,7605.9
7165.0,7506.78
6309.0,7849.37
5453.0,8225.99
4597.0,9047.26
3741.0,0.0
2885.0,13913.27
2029.0,10931.32
1173.0,9765.45
317.0,9622.33
40550.0,5433.63
39694.0,0.0
38838.0,10145.15
37982.0,8506.02
37126.0,7949.97
36270.0,7848.34
35414.0,7589.94
34558.0,4823.25
33702.0,0.0
32846.0,7155.51
31990.0,6566.03
31134.0,6166.51
30278.0,6242.99
29422.0,6394.94
28566.0,0.0
27710.0,0.0
26854.0,9771.75
25998.0,8191.22
25142.0,7450.59
24286.0,7223.36
23430.0,6944.28
22574.0,5228.63
21718.0,0.0
20862.0,6634.47
20006.0,5956.98
19150.0,5669.05
18294.0,5753.48
17438.0,6430.04
16582.0,5568.92
15726.0,0.0
14870.0,11471.1
14014.0,9247.64
13158.0,8128.94
12302.0,7739.6
11446.0,7479.81
10590.0,5053.87
9734.0,0.0
8878.0,7110.11
8022.0,6448.5
7166.0,6306.42
6310.0,6289.86
5454.0,6282.88
4598.0,5018.55
3742.0,0.0
2886.0,9846.32
2030.0,7975.93
1174.0,7318.71
318.0,7158.77
40551.0,8141.79
39695.0,0.0
38839.0,9145.68
37983.0,7256.16
37127.0,6927.23
36271.0,6790.04
35415.0,7065.88
34559.0,7341.39
33703.0,0.0
32847.0,6101.88
31991.0,5503.21
31135.0,5580.16
30279.0,5776.02
29423.0,6394.06
28567.0,7136.8
27711.0,0.0
26855.0,9239.39
25999.0,7488.91
25143.0,7059.5
24287.0,6966.16
23431.0,7128.34
22575.0,6944.25
21719.0,0.0
20863.0,5882.79
20007.0,5185.77
19151.0,5116.26
18295.0,5342.13
17439.0,6267.93
16583.0,7359.44
15727.0,0.0
14871.0,11117.21
14015.0,7942.92
13159.0,7191.73
12303.0,7104.69
11447.0,7242.64
10591.0,7055.46
9735.0,0.0
8879.0,6212.36
8023.0,5520.8
7167.0,5577.27
6311.0,5752.25
5455.0,6149.16
4599.0,7028.67
3743.0,0.0
2887.0,9189.24
2031.0,7367.67
1175.0,6908.51
319.0,6887.39
40552.0,6658.51
39696.0,0.0
38840.0,8839.67
37984.0,7181.68
37128.0,6859.63
36272.0,6755.91
35416.0,6849.22
34560.0,6424.36
33704.0,0.0
32848.0,6005.09
31992.0,5310.06
31136.0,5285.77
30280.0,5388.23
29424.0,5850.48
28568.0,6255.44
27712.0,0.0
26856.0,9086.41
26000.0,7276.76
25144.0,6825.73
24288.0,6702.27
23432.0,6799.32
22576.0,6413.66
21720.0,0.0
20864.0,5700.52
20008.0,5020.08
19152.0,4914.81
18296.0,5126.35
17440.0,6065.66
16584.0,7023.53
15728.0,0.0
14872.0,10292.97
14016.0,7964.96
13160.0,7279.31
12304.0,7055.77
11448.0,7018.21
10592.0,6459.24
9736.0,0.0
8880.0,6063.84
8024.0,5346.53
7168.0,5314.62
6312.0,5408.39
5456.0,5780.82
4600.0,6467.37
3744.0,0.0
2888.0,9000.35
2032.0,7093.23
1176.0,6698.02
320.0,6571.74
40553.0,10410.19
39697.0,0.0
38841.0,15526.86
37985.0,13188.26
37129.0,11989.72
36273.0,11580.55
35417.0,11322.08
34561.0,9756.66
33705.0,0.0
32849.0,10757.25
31993.0,9828.26
31137.0,9664.93
30281.0,9770.47
29425.0,10095.61
28569.0,10012.85
27713.0,0.0
26857.0,14635.95
26001.0,12606.24
25145.0,11838.5
24289.0,11457.06
23433.0,11106.56
22577.0,9762.8
21721.0,0.0
20865.0,10177.08
20009.0,9473.77
19153.0,9241.98
18297.0,9532.03
17441.0,10613.97
16585.0,10917.43
15729.0,0.0
14873.0,17018.41
14017.0,13987.57
13161.0,12600.06
12305.0,11787.9
11449.0,11250.18
10593.0,9918.72
9737.0,0.0
8881.0,10730.65
8025.0,9760.19
7169.0,9450.12
6313.0,9567.01
5457.0,9734.04
4601.0,10022.4
3745.0,0.0
2889.0,14627.38
2033.0,12364.59
1177.0,11133.97
321.0,10860.7
40554.0,4602.68
39698.0,0.0
38842.0,8995.07
37986.0,7546.41
37130.0,6900.37
36274.0,6718.52
35418.0,6620.08
34562.0,4379.07
33706.0,0.0
32850.0,6012.94
31994.0,5636.48
31138.0,5466.59
30282.0,5510.33
29426.0,5790.31
28570.0,4459.25
27714.0,0.0
26858.0,8815.59
26002.0,7326.71
25146.0,6786.2
24290.0,6510.56
23434.0,6449.4
22578.0,4106.77
21722.0,0.0
20866.0,5935.68
20010.0,5383.98
19154.0,5160.32
18298.0,5353.33
17442.0,6242.55
16586.0,4877.94
15730.0,0.0
14874.0,10854.2
14018.0,8372.09
13162.0,7262.05
12306.0,6825.53
11450.0,6640.95
10594.0,4313.62
9738.0,0.0
8882.0,5988.88
8026.0,5642.44
7170.0,5381.01
6314.0,5436.13
5458.0,5621.0
4602.0,4359.9
3746.0,0.0
2890.0,8805.8
2034.0,7200.93
1178.0,6662.37
322.0,6376.56
40555.0,2836.59
39699.0,0.0
38843.0,7504.73
37987.0,6109.12
37131.0,5592.27
36275.0,5421.27
35419.0,5611.36
34563.0,2565.89
33707.0,0.0
32851.0,4724.51
31995.0,4371.86
31139.0,4281.87
30283.0,4377.29
29427.0,4635.4
28571.0,2697.66
27715.0,0.0
26859.0,7156.33
26003.0,5952.18
25147.0,5428.97
24291.0,5307.81
23435.0,5378.02
22579.0,2362.03
21723.0,0.0
20867.0,4330.26
20011.0,4011.21
19155.0,3974.95
18299.0,4140.61
17443.0,4989.11
16587.0,2706.79
15731.0,0.0
14875.0,8128.82
14019.0,6425.02
13163.0,5770.88
12307.0,5527.92
11451.0,5479.34
10595.0,2521.26
9739.0,0.0
8883.0,4653.7
8027.0,4231.53
7171.0,4200.04
6315.0,4208.95
5459.0,4433.31
4603.0,2507.9
3747.0,0.0
2891.0,7188.09
2035.0,5960.52
1179.0,5388.11
323.0,5202.46
40556.0,5625.15
39700.0,0.0
38844.0,7929.19
37988.0,6156.86
37132.0,5815.54
36276.0,5573.51
35420.0,5509.49
34564.0,5356.56
33708.0,0.0
32852.0,4878.21
31996.0,4377.2
31140.0,4294.85
30284.0,4447.18
29428.0,4794.98
28572.0,0.0
27716.0,0.0
26860.0,7506.37
26004.0,6011.02
25148.0,5439.01
24292.0,5214.61
23436.0,5187.84
22580.0,5362.17
21724.0,0.0
20868.0,4291.38
20012.0,3843.43
19156.0,3725.3
18300.0,3897.51
17444.0,4688.37
16588.0,5149.58
15732.0,0.0
14876.0,9218.8
14020.0,6699.44
13164.0,5902.0
12308.0,5681.52
11452.0,5582.44
10596.0,5188.94
9740.0,0.0
8884.0,4658.43
8028.0,4152.21
7172.0,4058.92
6316.0,4066.15
5460.0,4362.24
4604.0,4889.2
3748.0,0.0
2892.0,7798.01
2036.0,6064.24
1180.0,5477.37
324.0,5265.21
40557.0,12278.94
39701.0,0.0
38845.0,15262.26
37989.0,12224.47
37133.0,11557.89
36277.0,11487.35
35421.0,11189.87
34565.0,11548.77
33709.0,0.0
32853.0,9976.4
31997.0,8858.67
31141.0,8707.37
30285.0,8912.67
29429.0,9719.31
28573.0,11521.68
27717.0,0.0
26861.0,14423.08
26005.0,12089.12
25149.0,11502.17
24293.0,11231.33
23437.0,11258.95
22581.0,12024.72
21725.0,0.0
20869.0,9479.16
20013.0,8320.59
19157.0,8010.15
18301.0,8493.98
17445.0,9945.01
16589.0,12881.12
15733.0,0.0
14877.0,18118.13
14021.0,13479.5
13165.0,11961.91
12309.0,11359.94
11453.0,11092.23
10597.0,11727.32
9741.0,0.0
8885.0,9654.26
8029.0,8703.27
7173.0,8483.39
6317.0,8646.27
5461.0,9269.09
4605.0,11204.06
3749.0,0.0
2893.0,14753.84
2037.0,11918.25
1181.0,11000.38
325.0,10719.49
40558.0,4268.78
39702.0,0.0
38846.0,5603.53
37990.0,4679.74
37134.0,4498.05
36278.0,4427.56
35422.0,4496.48
34566.0,3852.7
33710.0,0.0
32854.0,4217.41
31998.0,3825.62
31142.0,3691.83
30286.0,3678.17
29430.0,3995.03
28574.0,3784.56
27718.0,0.0
26862.0,5607.04
26006.0,4812.51
25150.0,4526.47
24294.0,4392.39
23438.0,4492.91
22582.0,3534.21
21726.0,0.0
20870.0,4025.41
20014.0,3663.43
19158.0,3499.53
18302.0,3485.06
17446.0,3990.0
16590.0,3977.19
15734.0,0.0
14878.0,6277.08
14022.0,5185.54
13166.0,4776.63
12310.0,4589.97
11454.0,4661.7
10598.0,3715.21
9742.0,0.0
8886.0,4335.23
8030.0,3914.14
7174.0,3777.81
6318.0,3795.85
5462.0,3930.77
4606.0,3690.39
3750.0,0.0
2894.0,5667.53
2038.0,4752.99
1182.0,4428.6
326.0,4378.04
40559.0,6840.36
39703.0,0.0
38847.0,9228.76
37991.0,7590.06
37135.0,7164.33
36279.0,6932.79
35423.0,7208.12
34567.0,6244.89
33711.0,0.0
32855.0,5923.18
31999.0,5393.52
31143.0,5448.97
30287.0,5668.92
29431.0,5924.07
28575.0,6441.01
27719.0,0.0
26863.0,9226.41
26007.0,7520.82
25151.0,7150.99
24295.0,6955.5
23439.0,7169.92
22583.0,5915.79
21727.0,0.0
20871.0,5853.62
20015.0,5196.59
19159.0,5081.41
18303.0,5318.22
17447.0,6408.8
16591.0,7086.68
15735.0,0.0
14879.0,11953.5
14023.0,8563.02
13167.0,7619.57
12311.0,7342.69
11455.0,7412.15
10599.0,6257.56
9743.0,0.0
8887.0,6140.55
8031.0,5460.64
7175.0,5506.28
6319.0,5579.64
5463.0,5919.59
4607.0,6334.51
3751.0,0.0
2895.0,9696.18
2039.0,7623.82
1183.0,6991.61
327.0,6896.32
40560.0,2056.71
39704.0,0.0
38848.0,4193.37
37992.0,3500.64
37136.0,3333.83
36280.0,3234.96
35424.0,3340.26
34568.0,1903.06
33712.0,0.0
32856.0,3257.19
32000.0,2865.06
31144.0,2867.78
30288.0,2840.45
29432.0,3058.82
28576.0,2012.54
27720.0,0.0
26864.0,4109.35
26008.0,3478.79
25152.0,3312.24
24296.0,3231.91
23440.0,3258.49
22584.0,1810.68
21728.0,0.0
20872.0,2955.93
20016.0,2722.62
19160.0,2620.23
18304.0,2633.48
17448.0,3219.9
16592.0,2165.05
15736.0,0.0
14880.0,4659.19
14024.0,3759.71
13168.0,3514.52
12312.0,3386.56
11456.0,3354.88
10600.0,1977.99
9744.0,0.0
8888.0,3086.74
8032.0,2786.62
7176.0,2727.08
6320.0,2813.3
5464.0,2909.52
4608.0,2008.94
3752.0,0.0
2896.0,4014.22
2040.0,3371.58
1184.0,3145.9
328.0,3145.28
40561.0,3785.25
39705.0,0.0
38849.0,6649.51
37993.0,5728.85
37137.0,5379.52
36281.0,4970.46
35425.0,4824.27
34569.0,3549.69
33713.0,0.0
32857.0,4453.96
32001.0,4187.85
31145.0,4177.5
30289.0,4174.17
29433.0,4340.16
28577.0,3477.24
27721.0,0.0
26865.0,6418.88
26009.0,5496.3
25153.0,5227.82
24297.0,4894.75
23441.0,4901.0
22585.0,3439.57
21729.0,0.0
20873.0,4147.02
20017.0,3958.54
19161.0,3880.3
18305.0,3929.55
17449.0,4511.48
16593.0,3760.84
15737.0,0.0
14881.0,7366.31
14025.0,6173.49
13169.0,5615.37
12313.0,5155.73
11457.0,5011.88
10601.0,3534.79
9745.0,0.0
8889.0,4536.08
8033.0,4157.06
7177.0,4082.47
6321.0,4045.58
5465.0,4166.89
4609.0,3471.86
3753.0,0.0
2897.0,6504.29
2041.0,5590.28
1185.0,5116.11
329.0,4833.46
40562.0,7088.52
39706.0,0.0
38850.0,11230.04
37994.0,8962.88
37138.0,8234.94
36282.0,8724.89
35426.0,7904.1
34570.0,6417.74
33714.0,0.0
32858.0,7858.46
32002.0,7111.33
31146.0,6617.06
30290.0,6918.55
29434.0,6885.87
28578.0,5498.79
27722.0,0.0
26866.0,11464.37
26010.0,9602.05
25154.0,8878.08
24298.0,8705.15
23442.0,8075.87
22586.0,6075.36
21730.0,0.0
20874.0,7315.49
20018.0,6764.81
19162.0,6274.86
18306.0,6579.93
17450.0,7341.03
16594.0,6669.84
15738.0,0.0
14882.0,14427.99
14026.0,10384.8
13170.0,9245.98
12314.0,8831.01
11458.0,8432.5
10602.0,6230.54
9746.0,0.0
8890.0,7637.0
8034.0,7073.03
7178.0,6718.51
6322.0,6902.21
5466.0,6985.6
4610.0,5931.15
3754.0,0.0
2898.0,11917.67
2042.0,9597.95
1186.0,8643.76
330.0,8386.91
40563.0,7320.5
39707.0,0.0
38851.0,9643.39
37995.0,7745.85
37139.0,7216.21
36283.0,6985.59
35427.0,6858.28
34571.0,6540.67
33715.0,0.0
32859.0,6312.37
32003.0,5638.04
31147.0,5599.24
30291.0,5700.03
29435.0,6084.32
28579.0,0.0
27723.0,0.0
26867.0,9540.47
26011.0,7549.43
25155.0,6722.4
24299.0,6559.21
23443.0,6561.16
22587.0,6496.57
21731.0,0.0
20875.0,5585.53
20019.0,5024.93
19163.0,4941.79
18307.0,5141.95
17451.0,6011.5
16595.0,6701.62
15739.0,0.0
14883.0,10614.1
14027.0,8160.47
13171.0,7296.55
12315.0,7057.57
11459.0,6917.98
10603.0,6509.73
9747.0,0.0
8891.0,5942.1
8035.0,5338.62
7179.0,5431.99
6323.0,5512.08
5467.0,5773.03
4611.0,6240.78
3755.0,0.0
2899.0,9271.74
2043.0,7408.4
1187.0,6788.22
331.0,6689.91
40564.0,5704.3
39708.0,0.0
38852.0,7632.53
37996.0,5888.54
37140.0,5666.58
36284.0,5682.86
35428.0,5887.21
34572.0,5250.09
33716.0,0.0
32860.0,5084.38
32004.0,4508.31
31148.0,4491.46
30292.0,4670.0
29436.0,4987.54
28580.0,0.0
27724.0,0.0
26868.0,7356.28
26012.0,5697.57
25156.0,5270.58
24300.0,5326.96
23444.0,5489.71
22588.0,5241.52
21732.0,0.0
20876.0,4452.53
20020.0,3896.84
19164.0,3861.95
18308.0,4085.23
17452.0,4956.84
16596.0,5041.0
15740.0,0.0
14884.0,8644.48
14028.0,6508.17
13172.0,5743.31
12316.0,5663.89
11460.0,5768.41
10604.0,5093.76
9748.0,0.0
8892.0,4856.65
8036.0,4229.74
7180.0,4269.45
6324.0,4393.72
5468.0,4782.67
4612.0,4825.12
3756.0,0.0
2900.0,7347.58
2044.0,5804.16
1188.0,5355.9
332.0,5307.42
40565.0,9973.36
39709.0,0.0
38853.0,13009.42
37997.0,10108.02
37141.0,9827.49
36285.0,9711.57
35429.0,9609.63
34573.0,9364.05
33717.0,0.0
32861.0,8785.42
32005.0,7716.29
31149.0,7725.13
30293.0,7918.88
29437.0,8366.54
28581.0,0.0
27725.0,0.0
26869.0,12518.62
26013.0,10099.74
25157.0,9256.68
24301.0,9002.38
23445.0,9092.47
22589.0,8499.44
21733.0,0.0
20877.0,7937.33
20021.0,7015.34
19165.0,6831.49
18309.0,7107.56
17453.0,8104.05
16597.0,8865.89
15741.0,0.0
14885.0,13882.84
14029.0,10828.66
13173.0,10053.33
12317.0,9634.95
11461.0,9396.8
10605.0,8664.24
9749.0,0.0
8893.0,8309.75
8037.0,7444.04
7181.0,7440.83
6325.0,7698.76
5469.0,8014.32
4613.0,8187.13
3757.0,0.0
2901.0,12567.4
2045.0,10003.1
1189.0,9133.19
333.0,9020.31
40566.0,9310.09
39710.0,0.0
38854.0,13276.56
37998.0,10592.97
37142.0,9822.41
36286.0,9861.42
35430.0,9794.21
34574.0,8407.03
33718.0,0.0
32862.0,8990.58
32006.0,7669.22
31150.0,7823.45
30294.0,8180.28
29438.0,8737.49
28582.0,8546.97
27726.0,0.0
26870.0,12717.39
26014.0,10468.07
25158.0,9752.98
24302.0,9608.76
23446.0,9693.6
22590.0,7891.84
21734.0,0.0
20878.0,8288.47
20022.0,7318.09
19166.0,7239.81
18310.0,7568.76
17454.0,8879.44
16598.0,9305.66
15742.0,0.0
14886.0,14420.35
14030.0,11425.76
13174.0,10470.4
12318.0,10097.88
11462.0,9897.48
10606.0,8284.72
9750.0,0.0
8894.0,8599.53
8038.0,7683.5
7182.0,7596.46
6326.0,7864.52
5470.0,8383.17
4614.0,8547.01
3758.0,0.0
2902.0,12316.69
2046.0,10173.29
1190.0,9334.31
334.0,9244.61
40567.0,8722.45
39711.0,0.0
38855.0,16220.45
37999.0,14198.58
37143.0,13406.87
36287.0,12662.89
35431.0,12207.79
34575.0,7905.98
33719.0,0.0
32863.0,11806.87
32007.0,10644.71
31151.0,10547.11
30295.0,10679.28
29439.0,10706.6
28583.0,7987.69
27727.0,0.0
26871.0,15921.17
26015.0,13878.3
25159.0,12937.69
24303.0,12275.54
23447.0,11918.98
22591.0,7743.04
21735.0,0.0
20879.0,10906.61
20023.0,10086.87
19167.0,9858.26
18311.0,10334.97
17455.0,11224.55
16599.0,8931.77
15743.0,0.0
14887.0,17839.3
14031.0,15187.82
13175.0,13709.58
12319.0,12624.79
11463.0,12132.56
10607.0,7956.6
9751.0,0.0
8895.0,11531.89
8039.0,10482.27
7183.0,10053.82
6327.0,10058.11
5471.0,10075.66
4615.0,7719.03
3759.0,0.0
2903.0,15689.3
2047.0,13295.95
1191.0,12256.85
335.0,11434.76
40568.0,5099.79
39712.0,2226.51
38856.0,9093.58
38000.0,7631.8
37144.0,7057.91
36288.0,7049.62
35432.0,7124.56
34576.0,4340.73
33720.0,2062.87
32864.0,6848.38
32008.0,6192.3
31152.0,5870.41
30296.0,5911.79
29440.0,6237.22
28584.0,4548.49
27728.0,2083.72
26872.0,8222.08
26016.0,7360.84
25160.0,7052.39
24304.0,7032.9
23448.0,6955.09
22592.0,4323.55
21736.0,2107.28
20880.0,6577.56
20024.0,5949.55
19168.0,5696.38
18312.0,5831.0
17456.0,6358.66
16600.0,4711.97
15744.0,2224.38
14888.0,8709.44
14032.0,7612.22
13176.0,7186.63
12320.0,7159.47
11464.0,7090.57
10608.0,4251.64
9752.0,1889.06
8896.0,6511.32
8040.0,6051.3
7184.0,5937.44
6328.0,5957.69
5472.0,5960.07
4616.0,4265.09
3760.0,2000.72
2904.0,7447.73
2048.0,6882.79
1192.0,6695.23
336.0,6762.72
40569.0,11302.04
39713.0,0.0
38857.0,14172.38
38001.0,11237.78
37145.0,10509.54
36289.0,10419.63
35433.0,10581.32
34577.0,10735.77
33721.0,0.0
32865.0,9726.37
32009.0,8878.88
31153.0,8437.09
30297.0,8761.78
29441.0,9068.68
28585.0,0.0
27729.0,0.0
26873.0,13692.82
26017.0,11368.66
25161.0,10304.99
24305.0,10077.79
23449.0,9804.41
22593.0,8925.8
21737.0,0.0
20881.0,8923.33
20025.0,7983.37
19169.0,7495.68
18313.0,7686.92
17457.0,8681.81
16601.0,9071.37
15745.0,0.0
14889.0,15718.75
14033.0,12092.19
13177.0,10882.71
12321.0,10454.21
11465.0,10307.84
10609.0,9162.51
9753.0,0.0
8897.0,9717.45
8041.0,8831.45
7185.0,8499.01
6329.0,8531.15
5473.0,8892.31
4617.0,8683.37
3761.0,0.0
2905.0,13963.24
2049.0,11356.44
1193.0,10192.27
337.0,9983.57
40570.0,1936.93
39714.0,0.0
38858.0,4034.99
38002.0,3470.21
37146.0,3284.33
36290.0,3127.39
35434.0,3080.03
34578.0,1702.14
33722.0,0.0
32866.0,2692.24
32010.0,2660.18
31154.0,2733.99
30298.0,2720.7
29442.0,2752.2
28586.0,1831.07
27730.0,0.0
26874.0,4256.5
26018.0,3555.07
25162.0,3257.03
24306.0,3110.1
23450.0,3118.43
22594.0,1578.83
21738.0,0.0
20882.0,2662.84
20026.0,2566.02
19170.0,2530.11
18314.0,2641.62
17458.0,2757.17
16602.0,1935.66
15746.0,0.0
14890.0,4836.0
14034.0,3876.95
13178.0,3505.77
12322.0,3344.55
11466.0,3275.05
10610.0,1544.04
9754.0,0.0
8898.0,2847.57
8042.0,2607.51
7186.0,2588.75
6330.0,2656.04
5474.0,2649.02
4618.0,1737.31
3762.0,0.0
2906.0,4248.14
2050.0,3492.33
1194.0,3182.31
338.0,3109.88
40571.0,3964.95
39715.0,0.0
38859.0,7556.0
38003.0,6394.13
37147.0,6072.48
36291.0,5815.8
35435.0,6024.56
34579.0,3563.94
33723.0,0.0
32867.0,4817.38
32011.0,4401.93
31155.0,4351.49
30299.0,4449.78
29443.0,4833.52
28587.0,3685.96
27731.0,0.0
26875.0,7354.41
26019.0,6067.44
25163.0,5683.66
24307.0,5502.56
23451.0,5669.25
22595.0,3428.16
21739.0,0.0
20883.0,4351.41
20027.0,3890.4
19171.0,3865.75
18315.0,4002.76
17459.0,4966.71
16603.0,3910.18
15747.0,0.0
14891.0,8304.48
14035.0,6514.11
13179.0,5919.12
12323.0,5660.74
11467.0,5733.26
10611.0,3647.88
9755.0,0.0
8899.0,4703.88
8043.0,4133.29
7187.0,4122.69
6331.0,4190.23
5475.0,4597.1
4619.0,3793.35
3763.0,0.0
2907.0,7307.93
2051.0,5982.15
1195.0,5479.07
339.0,5272.28
40572.0,6411.05
39716.0,0.0
38860.0,8567.97
38004.0,7051.99
37148.0,6546.91
36292.0,6338.92
35436.0,6596.59
34580.0,5923.8
33724.0,0.0
32868.0,5702.02
32012.0,5089.48
31156.0,5200.28
30300.0,5393.36
29444.0,5782.09
28588.0,6161.5
27732.0,0.0
26876.0,8526.63
26020.0,7072.52
25164.0,6632.36
24308.0,6497.75
23452.0,6609.51
22596.0,5748.7
21740.0,0.0
20884.0,5418.57
20028.0,4785.43
19172.0,4747.8
18316.0,5105.12
17460.0,6163.23
16604.0,6711.84
15748.0,0.0
14892.0,9818.09
14036.0,7897.15
13180.0,7213.55
12324.0,6866.32
11468.0,6776.63
10612.0,6006.89
9756.0,0.0
8900.0,5793.98
8044.0,5187.62
7188.0,5121.81
6332.0,5277.65
5476.0,5668.53
4620.0,6289.51
3764.0,0.0
2908.0,8663.54
2052.0,7012.02
1196.0,6532.61
340.0,6397.41
40573.0,5275.66
39717.0,0.0
38861.0,6696.74
38005.0,5408.31
37149.0,5215.86
36293.0,5021.72
35437.0,5266.49
34581.0,4968.2
33725.0,0.0
32869.0,4326.74
32013.0,3952.25
31157.0,3816.72
30301.0,3829.66
29445.0,4172.66
28589.0,4926.4
27733.0,0.0
26877.0,6718.24
26021.0,5640.05
25165.0,5214.52
24309.0,5141.26
23453.0,5188.19
22597.0,4871.67
21741.0,0.0
20885.0,3832.62
20029.0,3488.94
19173.0,3448.56
18317.0,3553.96
17461.0,4323.66
16605.0,5264.15
15749.0,0.0
14893.0,7544.63
14037.0,6123.72
13181.0,5481.64
12325.0,5237.3
11469.0,5308.88
10613.0,4949.67
9757.0,0.0
8901.0,4198.7
8045.0,3804.35
7189.0,3740.88
6333.0,3831.06
5477.0,4054.93
4621.0,4960.39
3765.0,0.0
2909.0,6720.83
2053.0,5585.26
1197.0,5185.44
341.0,5087.28
40574.0,9334.32
39718.0,0.0
38862.0,11877.78
38006.0,10096.06
37150.0,9292.05
36294.0,8913.49
35438.0,8886.68
34582.0,9203.07
33726.0,0.0
32870.0,8238.19
32014.0,7446.55
31158.0,7593.15
30302.0,7685.55
29446.0,7874.91
28590.0,9325.11
27734.0,0.0
26878.0,12083.13
26022.0,10146.8
25166.0,9503.55
24310.0,9053.19
23454.0,9051.13
22598.0,8918.47
21742.0,0.0
20886.0,7911.83
20030.0,7285.45
19174.0,7185.01
18318.0,7286.59
17462.0,8334.65
16606.0,9817.85
15750.0,0.0
14894.0,13280.3
14038.0,11233.4
13182.0,10288.96
12326.0,9730.65
11470.0,9130.81
10614.0,9055.33
9758.0,0.0
8902.0,8667.07
8046.0,7881.18
7190.0,7705.71
6334.0,7742.85
5478.0,7692.68
4622.0,9223.29
3766.0,0.0
2910.0,12089.4
2054.0,10191.88
1198.0,9363.29
342.0,9144.63
40575.0,2612.68
39719.0,0.0
38863.0,6815.21
38007.0,5728.21
37151.0,5243.05
36295.0,5199.94
35439.0,5141.36
34583.0,2349.33
33727.0,0.0
32871.0,4311.29
32015.0,3973.65
31159.0,3972.31
30303.0,4052.61
29447.0,4264.97
28591.0,2346.35
27735.0,0.0
26879.0,6494.98
26023.0,5427.47
25167.0,5083.12
24311.0,4915.86
23455.0,4893.0
22599.0,2153.61
21743.0,0.0
20887.0,3947.14
20031.0,3744.96
19175.0,3726.06
18319.0,3825.51
17463.0,4453.55
16607.0,2483.58
15751.0,0.0
14895.0,7564.56
14039.0,6080.48
13183.0,5400.69
12327.0,5152.39
11471.0,5023.41
10615.0,2317.41
9759.0,0.0
8903.0,4329.18
8047.0,3948.6
7191.0,3882.17
6335.0,3881.25
5479.0,4024.44
4623.0,2347.19
3767.0,0.0
2911.0,6479.61
2055.0,5469.21
1199.0,5010.94
343.0,4768.82
40576.0,5361.4
39720.0,0.0
38864.0,7429.27
38008.0,6023.32
37152.0,5506.03
36296.0,5386.8
35440.0,5398.22
34584.0,4945.59
33728.0,0.0
32872.0,5163.22
32016.0,4583.18
31160.0,4348.66
30304.0,4366.3
29448.0,4613.0
28592.0,4818.81
27736.0,0.0
26880.0,7175.56
26024.0,5951.24
25168.0,5485.36
24312.0,5302.26
23456.0,5346.72
22600.0,4730.83
21744.0,0.0
20888.0,5079.71
20032.0,4420.85
19176.0,4161.94
18320.0,4224.02
17464.0,4795.99
16608.0,5257.36
15752.0,0.0
14896.0,8233.12
14040.0,6656.19
13184.0,5987.57
12328.0,5778.51
11472.0,5732.06
10616.0,4774.57
9760.0,0.0
8904.0,5484.46
8048.0,4774.24
7192.0,4531.17
6336.0,4482.86
5480.0,4589.29
4624.0,4683.96
3768.0,0.0
2912.0,7169.55
2056.0,5970.76
1200.0,5501.21
344.0,5337.76
40577.0,5771.75
39721.0,0.0
38865.0,11842.79
38009.0,9532.52
37153.0,8712.98
36297.0,8324.79
35441.0,8104.75
34585.0,5134.13
33729.0,0.0
32873.0,7802.94
32017.0,7150.21
31161.0,6992.42
30305.0,7041.51
29449.0,7487.41
28593.0,5200.97
27737.0,0.0
26881.0,11395.57
26025.0,9369.64
25169.0,8701.35
24313.0,8273.63
23457.0,8235.75
22601.0,4948.58
21745.0,0.0
20889.0,7492.88
20033.0,7010.15
19177.0,6669.16
18321.0,6753.68
17465.0,7755.19
16609.0,5447.84
15753.0,0.0
14897.0,13058.05
14041.0,10250.76
13185.0,9249.69
12329.0,8587.12
11473.0,8421.64
10617.0,5032.2
9761.0,0.0
8905.0,7787.07
8049.0,7202.16
7193.0,7001.29
6337.0,7043.72
5481.0,7161.98
4625.0,5044.04
3769.0,0.0
2913.0,11154.35
2057.0,9075.42
1201.0,8471.61
345.0,8059.91
40578.0,8785.27
39722.0,0.0
38866.0,15982.98
38010.0,13469.49
37154.0,12719.15
36298.0,11769.26
35442.0,11204.11
34586.0,7879.19
33730.0,0.0
32874.0,10611.2
32018.0,9836.27
31162.0,9508.44
30306.0,9310.64
29450.0,9387.81
28594.0,7673.18
27738.0,0.0
26882.0,14897.55
26026.0,13107.6
25170.0,12095.03
24314.0,11467.21
23458.0,10821.26
22602.0,7433.66
21746.0,0.0
20890.0,9689.36
20034.0,9270.32
19178.0,8962.15
18322.0,8978.05
17466.0,9888.78
16610.0,8268.73
15754.0,0.0
14898.0,19013.66
14042.0,14623.94
13186.0,12819.86
12330.0,11926.73
11474.0,11270.16
10618.0,7579.57
9762.0,0.0
8906.0,10092.79
8050.0,9502.99
7194.0,9155.37
6338.0,9237.35
5482.0,9393.62
4626.0,7499.12
3770.0,0.0
2914.0,15977.26
2058.0,13575.61
1202.0,11850.17
346.0,11185.04
40579.0,11581.51
39723.0,0.0
38867.0,13225.38
38011.0,11075.03
37155.0,10470.26
36299.0,10893.15
35443.0,9878.41
34587.0,10326.08
33731.0,0.0
32875.0,9144.5
32019.0,8144.28
31163.0,8158.16
30307.0,8868.47
29451.0,8541.25
28595.0,10236.13
27739.0,0.0
26883.0,13306.29
26027.0,11082.05
25171.0,10412.11
24315.0,10454.97
23459.0,9904.9
22603.0,10230.55
21747.0,0.0
20891.0,8750.6
20035.0,7707.58
19179.0,7443.82
18323.0,7994.99
17467.0,8303.48
16611.0,10876.69
15755.0,0.0
14899.0,15724.74
14043.0,11834.5
13187.0,10910.06
12331.0,10719.84
11475.0,10109.57
10619.0,10142.08
9763.0,0.0
8907.0,9327.87
8051.0,8085.85
7195.0,8070.44
6339.0,8411.56
5483.0,8010.2
4627.0,9767.87
3771.0,0.0
2915.0,13577.95
2059.0,10691.13
1203.0,9801.3
347.0,9843.76
40580.0,5309.38
39724.0,0.0
38868.0,8018.37
38012.0,6628.19
37156.0,6041.99
36300.0,5701.13
35444.0,5763.52
34588.0,4989.93
33732.0,0.0
32876.0,5359.62
32020.0,4966.93
31164.0,4687.13
30308.0,4770.42
29452.0,5079.89
28596.0,4711.84
27740.0,0.0
26884.0,8205.41
26028.0,6833.3
25172.0,6270.23
24316.0,5901.79
23460.0,5908.73
22604.0,4787.26
21748.0,0.0
20892.0,5076.2
20036.0,4593.15
19180.0,4393.17
18324.0,4522.94
17468.0,5212.17
16612.0,5017.72
15756.0,0.0
14900.0,10174.31
14044.0,7631.28
13188.0,6502.73
12332.0,6193.59
11476.0,6147.73
10620.0,4740.75
9764.0,0.0
8908.0,5492.05
8052.0,4998.85
7196.0,4870.8
6340.0,4947.26
5484.0,5113.91
4628.0,4726.87
3772.0,0.0
2916.0,8704.04
2060.0,7119.46
1204.0,6284.08
348.0,6050.67
40581.0,3117.86
39725.0,0.0
38869.0,7234.73
38013.0,6012.24
37157.0,5533.04
36301.0,5457.58
35445.0,5565.61
34589.0,2823.56
33733.0,0.0
32877.0,4617.38
32021.0,4342.87
31165.0,4137.73
30309.0,4192.97
29453.0,4381.39
28597.0,2772.31
27741.0,0.0
26885.0,6803.49
26029.0,5788.6
25173.0,5298.68
24317.0,5213.7
23461.0,5204.42
22605.0,2636.35
21749.0,0.0
20893.0,4207.38
20037.0,3935.47
19181.0,3857.55
18325.0,3978.27
17469.0,4561.94
16613.0,2876.2
15757.0,0.0
14901.0,7720.16
14045.0,6211.36
13189.0,5571.54
12333.0,5340.14
11477.0,5312.69
10621.0,2715.7
9765.0,0.0
8909.0,4593.03
8053.0,4166.75
7197.0,4071.17
6341.0,4066.24
5485.0,4237.78
4629.0,2693.13
3773.0,0.0
2917.0,6777.16
2061.0,5678.92
1205.0,5132.98
349.0,4995.88
40582.0,10383.64
39726.0,7839.15
38870.0,16313.28
38014.0,14675.67
37158.0,13819.48
36302.0,12847.34
35446.0,11908.02
34590.0,9717.92
33734.0,7151.22
32878.0,13954.46
32022.0,11911.17
31166.0,11492.39
30310.0,10953.2
29454.0,10709.9
28598.0,9513.82
27742.0,7007.35
26886.0,16643.32
26030.0,14233.1
25174.0,13184.52
24318.0,12265.71
23462.0,11489.87
22606.0,9089.32
21750.0,6716.39
20894.0,12314.06
20038.0,11146.5
19182.0,10680.78
18326.0,10434.41
17470.0,10966.38
16614.0,9787.99
15758.0,7158.47
14902.0,16783.18
14046.0,14227.31
13190.0,12798.8
12334.0,11575.96
11478.0,11099.77
10622.0,8712.99
9766.0,5958.8
8910.0,10747.53
8054.0,10345.73
7198.0,10065.46
6342.0,9762.09
5486.0,9797.88
4630.0,8660.75
3774.0,5832.91
2918.0,13916.47
2062.0,11813.5
1206.0,10810.6
350.0,10311.15
40583.0,9573.15
39727.0,0.0
38871.0,11188.21
38015.0,9156.01
37159.0,8784.11
36303.0,8561.29
35447.0,8448.81
34591.0,8916.15
33735.0,0.0
32879.0,7671.59
32023.0,6901.98
31167.0,6824.83
30311.0,6940.14
29455.0,7300.76
28599.0,9199.12
27743.0,0.0
26887.0,11094.46
26031.0,9303.57
25175.0,8783.9
24319.0,8463.44
23463.0,8422.21
22607.0,8704.1
21751.0,0.0
20895.0,7455.68
20039.0,6648.27
19183.0,6412.89
18327.0,6700.28
17471.0,7546.78
16615.0,9558.22
15759.0,0.0
14903.0,12651.19
14047.0,9993.99
13191.0,9052.5
12335.0,8632.87
11479.0,8656.32
10623.0,8811.47
9767.0,0.0
8911.0,7875.69
8055.0,6973.45
7199.0,6952.05
6343.0,7113.29
5487.0,7420.66
4631.0,8967.97
3775.0,0.0
2919.0,11203.9
2063.0,9064.83
1207.0,8465.28
351.0,8256.49
40584.0,4253.99
39728.0,0.0
38872.0,7938.21
38016.0,6685.0
37160.0,6133.39
36304.0,6006.36
35448.0,5594.99
34592.0,3930.22
33736.0,0.0
32880.0,5177.18
32024.0,4868.88
31168.0,4754.0
30312.0,4693.48
29456.0,4764.29
28600.0,4074.62
27744.0,0.0
26888.0,7433.48
26032.0,6265.99
25176.0,5908.33
24320.0,5667.15
23464.0,5510.32
22608.0,3709.64
21752.0,0.0
20896.0,4913.31
20040.0,4452.07
19184.0,4242.96
18328.0,4450.87
17472.0,5174.88
16616.0,4271.9
15760.0,0.0
14904.0,8581.78
14048.0,7094.24
13192.0,6241.85
12336.0,5957.19
11480.0,5819.7
10624.0,3888.89
9768.0,0.0
8912.0,5250.45
8056.0,4680.42
7200.0,4586.63
6344.0,4555.0
5488.0,4744.09
4632.0,3908.42
3776.0,0.0
2920.0,7307.44
2064.0,6123.74
1208.0,5625.2
352.0,5389.72
40585.0,5992.69
39729.0,0.0
38873.0,7808.06
38017.0,6186.0
37161.0,5782.77
36305.0,5886.28
35449.0,6148.33
34593.0,5531.93
33737.0,0.0
32881.0,5405.52
32025.0,4785.53
31169.0,4663.52
30313.0,4813.38
29457.0,5357.75
28601.0,0.0
27745.0,0.0
26889.0,7530.6
26033.0,5925.18
25177.0,5367.51
24321.0,5401.19
23465.0,5699.05
22609.0,5344.26
21753.0,0.0
20897.0,4609.71
20041.0,4078.21
19185.0,4042.57
18329.0,4274.31
17473.0,5204.69
16617.0,5233.77
15761.0,0.0
14905.0,8760.33
14049.0,6605.71
13193.0,5926.99
12337.0,5877.17
11481.0,5998.02
10625.0,5307.93
9769.0,0.0
8913.0,5047.59
8057.0,4417.13
7201.0,4450.77
6345.0,4647.28
5489.0,5090.66
4633.0,5045.02
3777.0,0.0
2921.0,7601.51
2065.0,5997.05
1209.0,5528.65
353.0,5605.02
40586.0,10285.61
39730.0,0.0
38874.0,10796.56
38018.0,8979.36
37162.0,8025.56
36306.0,7632.84
35450.0,7511.94
34594.0,9422.6
33738.0,0.0
32882.0,7732.91
32026.0,6819.52
31170.0,6638.15
30314.0,6652.14
29458.0,7109.64
28602.0,9044.73
27746.0,0.0
26890.0,10952.89
26034.0,9147.84
25178.0,8482.27
24322.0,8037.07
23466.0,7854.26
22610.0,8800.95
21754.0,0.0
20898.0,7089.43
20042.0,6272.05
19186.0,6065.83
18330.0,6265.76
17474.0,7231.37
16618.0,9326.07
15762.0,0.0
14906.0,12488.9
14050.0,9811.22
13194.0,8863.42
12338.0,8206.85
11482.0,8086.6
10626.0,8952.53
9770.0,0.0
8914.0,7500.75
8058.0,6704.55
7202.0,6613.67
6346.0,6778.57
5490.0,7085.86
4634.0,8810.08
3778.0,0.0
2922.0,10844.1
2066.0,8874.07
1210.0,8219.92
354.0,8020.26
40587.0,5554.53
39731.0,0.0
38875.0,13863.41
38019.0,11758.23
37163.0,10812.36
36307.0,10293.67
35451.0,9942.7
34595.0,5611.61
33739.0,0.0
32883.0,9093.43
32027.0,8041.1
31171.0,7703.59
30315.0,7711.78
29459.0,7693.78
28603.0,5372.6
27747.0,0.0
26891.0,12724.08
26035.0,11099.21
25179.0,9977.73
24323.0,9411.45
23467.0,9048.65
22611.0,5145.76
21755.0,0.0
20899.0,8148.87
20043.0,7410.51
19187.0,7012.15
18331.0,7189.42
17475.0,8093.4
16619.0,5497.36
15763.0,0.0
14907.0,15197.45
14051.0,12129.23
13195.0,10784.59
12339.0,10272.16
11483.0,9623.92
10627.0,5304.32
9771.0,0.0
8915.0,8406.62
8059.0,7714.14
7203.0,7464.38
6347.0,7587.23
5491.0,7610.51
4635.0,5118.23
3779.0,0.0
2923.0,12720.96
2067.0,10950.65
1211.0,9711.11
355.0,9296.61
40588.0,5306.67
39732.0,0.0
38876.0,7010.94
38020.0,5469.87
37164.0,5284.27
36308.0,5176.97
35452.0,5289.27
34596.0,4952.64
33740.0,0.0
32884.0,4498.3
32028.0,4098.03
31172.0,4000.93
30316.0,4051.53
29460.0,4436.87
28604.0,4887.38
27748.0,0.0
26892.0,6805.37
26036.0,5549.44
25180.0,5228.49
24324.0,5203.6
23468.0,5300.98
22612.0,4789.1
21756.0,0.0
20900.0,4123.26
20044.0,3707.28
19188.0,3664.99
18332.0,3763.72
17476.0,4551.3
16620.0,5517.37
15764.0,0.0
14908.0,8139.68
14052.0,6082.38
13196.0,5433.25
12340.0,5319.27
11484.0,5412.07
10628.0,5071.94
9772.0,0.0
8916.0,4572.44
8060.0,3966.94
7204.0,3982.43
6348.0,4005.02
5492.0,4264.72
4636.0,4996.57
3780.0,0.0
2924.0,6828.28
2068.0,5489.9
1212.0,5108.37
356.0,5030.12
40589.0,3650.17
39733.0,0.0
38877.0,7582.67
38021.0,6318.52
37165.0,5778.43
36309.0,5591.05
35453.0,5454.78
34597.0,3191.38
33741.0,0.0
32885.0,5124.46
32029.0,4641.08
31173.0,4664.58
30317.0,4794.64
29461.0,4991.53
28605.0,3427.8
27749.0,0.0
26893.0,7323.1
26037.0,6172.88
25181.0,5756.42
24325.0,5533.16
23469.0,5530.53
22613.0,3155.86
21757.0,0.0
20901.0,4803.21
20045.0,4420.66
19189.0,4263.96
18333.0,4411.36
17477.0,5185.83
16621.0,3666.21
15765.0,0.0
14909.0,8413.86
14053.0,6938.71
13197.0,6214.86
12341.0,5919.37
11485.0,5855.02
10629.0,3258.02
9773.0,0.0
8917.0,5352.45
8061.0,4739.99
7205.0,4609.99
6349.0,4609.29
5493.0,4883.31
4637.0,3300.82
3781.0,0.0
2925.0,7350.66
2069.0,6126.74
1213.0,5643.15
357.0,5422.11
40590.0,8609.85
39734.0,0.0
38878.0,11704.42
38022.0,9391.49
37166.0,8738.31
36310.0,8631.99
35454.0,8581.63
34598.0,7958.8
33742.0,0.0
32886.0,7671.9
32030.0,6977.71
31174.0,6848.46
30318.0,7124.58
29462.0,7633.96
28606.0,7649.58
27750.0,0.0
26894.0,11872.66
26038.0,9799.54
25182.0,8917.05
24326.0,8549.04
23470.0,8598.75
22614.0,7640.18
21758.0,0.0
20902.0,7297.84
20046.0,6429.19
19190.0,6229.38
18334.0,6723.23
17478.0,7574.09
16622.0,8194.62
15766.0,0.0
14910.0,12913.76
14054.0,10120.92
13198.0,9146.25
12342.0,8685.59
11486.0,8639.84
10630.0,7725.52
9774.0,0.0
8918.0,7589.01
8062.0,6852.12
7206.0,6762.21
6350.0,7073.54
5494.0,7435.13
4638.0,7683.44
3782.0,0.0
2926.0,11295.46
2070.0,9117.07
1214.0,8483.47
358.0,8334.77
40591.0,3925.5
39735.0,0.0
38879.0,9370.35
38023.0,7901.47
37167.0,7449.89
36311.0,7297.21
35455.0,7329.04
34599.0,3652.88
33743.0,0.0
32887.0,6582.24
32031.0,6163.75
31175.0,6278.08
30319.0,6289.77
29463.0,6690.65
28607.0,3834.08
27751.0,0.0
26895.0,9278.45
26039.0,7887.61
25183.0,7444.51
24327.0,7028.02
23471.0,7003.54
22615.0,3515.23
21759.0,0.0
20903.0,6280.63
20047.0,5722.82
19191.0,5550.75
18335.0,5825.04
17479.0,6950.59
16623.0,4028.74
15767.0,0.0
14911.0,10839.92
14055.0,8645.02
13199.0,7679.59
12343.0,7330.08
11487.0,7249.84
10631.0,3738.06
9775.0,0.0
8919.0,6575.43
8063.0,6108.35
7207.0,6014.48
6351.0,5937.46
5495.0,6110.64
4639.0,3824.08
3783.0,0.0
2927.0,9238.23
2071.0,7678.29
1215.0,6968.79
359.0,6805.35
40592.0,12231.07
39736.0,0.0
38880.0,17236.18
38024.0,15418.21
37168.0,14331.67
36312.0,13949.65
35456.0,13328.18
34600.0,10973.81
33744.0,0.0
32888.0,12210.51
32032.0,11539.43
31176.0,11160.58
30320.0,11619.25
29464.0,11705.79
28608.0,11601.78
27752.0,0.0
26896.0,16692.24
26040.0,14789.51
25184.0,13617.18
24328.0,13380.47
23472.0,12875.2
22616.0,11014.09
21760.0,0.0
20904.0,11392.99
20048.0,10943.57
19192.0,10746.66
18336.0,10814.02
17480.0,11981.03
16624.0,12362.7
15768.0,0.0
14912.0,18425.19
14056.0,15787.77
13200.0,14163.66
12344.0,13597.5
11488.0,12750.94
10632.0,11096.83
9776.0,0.0
8920.0,12251.12
8064.0,11295.13
7208.0,10928.95
6352.0,10883.87
5496.0,10944.56
4640.0,11242.24
3784.0,0.0
2928.0,16505.96
2072.0,14212.85
1216.0,12788.25
360.0,12446.12
40593.0,7913.85
39737.0,0.0
38881.0,9886.15
38025.0,7819.8
37169.0,7309.64
36313.0,7220.63
35457.0,6976.19
34601.0,7400.64
33745.0,0.0
32889.0,6498.73
32033.0,5793.25
31177.0,5785.48
30321.0,5902.05
29465.0,6097.52
28609.0,7286.52
27753.0,0.0
26897.0,9635.88
26041.0,7815.8
25185.0,7248.46
24329.0,7065.18
23473.0,7009.67
22617.0,7240.35
21761.0,0.0
20905.0,6333.88
20049.0,5486.84
19193.0,5448.11
18337.0,5587.43
17481.0,6291.55
16625.0,7709.4
15769.0,0.0
14913.0,10795.46
14057.0,8312.7
13201.0,7597.07
12345.0,7398.65
11489.0,7387.06
10633.0,7223.51
9777.0,0.0
8921.0,6511.06
8065.0,5737.85
7209.0,5808.43
6353.0,5843.12
5497.0,6102.06
4641.0,7132.4
3785.0,0.0
2929.0,9080.16
2073.0,7381.44
1217.0,6895.81
361.0,6869.99
40594.0,11217.51
39738.0,0.0
38882.0,16292.86
38026.0,13631.4
37170.0,12335.79
36314.0,11636.45
35458.0,11428.92
34602.0,10279.15
33746.0,0.0
32890.0,11200.46
32034.0,10406.77
31178.0,10247.74
30322.0,10374.48
29466.0,10194.15
28610.0,10798.35
27754.0,0.0
26898.0,14763.65
26042.0,13034.06
25186.0,12303.64
24330.0,11892.68
23474.0,11684.18
22618.0,10445.56
21762.0,0.0
20906.0,10566.78
20050.0,9848.14
19194.0,9788.48
18338.0,10069.36
17482.0,11526.46
16626.0,11976.46
15770.0,0.0
14914.0,17787.32
14058.0,14692.08
13202.0,13308.5
12346.0,12342.84
11490.0,11846.87
10634.0,10745.69
9778.0,0.0
8922.0,11089.04
8066.0,10296.16
7210.0,9794.35
6354.0,9821.83
5498.0,10174.59
4642.0,10757.13
3786.0,0.0
2930.0,15729.97
2074.0,13302.88
1218.0,11956.1
362.0,11406.01
40595.0,7288.99
39739.0,0.0
38883.0,9949.66
38027.0,7929.52
37171.0,7511.36
36315.0,7703.52
35459.0,7547.25
34603.0,7016.37
33747.0,0.0
32891.0,6361.13
32035.0,5721.15
31179.0,5722.15
30323.0,5917.16
29467.0,6358.72
28611.0,0.0
27755.0,0.0
26899.0,9413.01
26043.0,7730.23
25187.0,7048.88
24331.0,7143.94
23475.0,7028.47
22619.0,6358.6
21763.0,0.0
20907.0,5647.99
20051.0,5034.93
19195.0,4955.89
18339.0,5252.01
17483.0,6094.57
16627.0,6602.96
15771.0,0.0
14915.0,10668.09
14059.0,8112.98
13203.0,7329.92
12347.0,7302.61
11491.0,7260.37
10635.0,6719.89
9779.0,0.0
8923.0,5961.98
8067.0,5343.37
7211.0,5479.64
6355.0,5581.71
5499.0,5893.87
4643.0,6278.49
3787.0,0.0
2931.0,9254.14
2075.0,7459.43
1219.0,6968.7
363.0,6933.56
40596.0,4937.55
39740.0,0.0
38884.0,7258.51
38028.0,6006.76
37172.0,5685.43
36316.0,5629.31
35460.0,5820.19
34604.0,4466.05
33748.0,0.0
32892.0,4965.63
32036.0,4445.15
31180.0,4240.92
30324.0,4348.93
29468.0,4622.95
28612.0,4505.38
27756.0,0.0
26900.0,7093.39
26044.0,5684.63
25188.0,5352.88
24332.0,5332.5
23476.0,5421.42
22620.0,4364.03
21764.0,0.0
20908.0,4698.97
20052.0,4114.26
19196.0,3949.87
18340.0,4116.48
17484.0,5115.11
16628.0,5060.18
15772.0,0.0
14916.0,7886.56
14060.0,6316.52
13204.0,5762.69
12348.0,5640.0
11492.0,5690.76
10636.0,4598.4
9780.0,0.0
8924.0,4923.95
8068.0,4235.67
7212.0,4173.64
6356.0,4244.23
5500.0,4712.91
4644.0,4632.75
3788.0,0.0
2932.0,6846.34
2076.0,5590.02
1220.0,5252.04
364.0,5167.99
40597.0,2254.82
39741.0,0.0
38885.0,4605.93
38029.0,3859.52
37173.0,3466.69
36317.0,3525.8
35461.0,3435.28
34605.0,1890.63
33749.0,0.0
32893.0,3243.31
32037.0,2955.07
31181.0,2853.29
30325.0,3021.27
29469.0,2938.39
28613.0,2106.24
27757.0,0.0
26901.0,4509.93
26045.0,3821.13
25189.0,3594.86
24333.0,3502.04
23477.0,3436.78
22621.0,1807.64
21765.0,0.0
20909.0,2869.87
20053.0,2784.49
19197.0,2659.49
18341.0,2848.06
17485.0,3187.83
16629.0,2207.38
15773.0,0.0
14917.0,5357.38
14061.0,4350.2
13205.0,3880.63
12349.0,3730.58
11493.0,3610.64
10637.0,1983.77
9781.0,0.0
8925.0,3147.64
8069.0,2807.46
7213.0,2721.29
6357.0,2849.62
5501.0,2837.72
4645.0,2000.49
3789.0,0.0
2933.0,4738.71
2077.0,3906.33
1221.0,3534.01
365.0,3438.67
40598.0,5572.79
39742.0,0.0
38886.0,8475.71
38030.0,7132.87
37174.0,6516.74
36318.0,6070.8
35462.0,5972.68
34606.0,5386.81
33750.0,0.0
32894.0,5666.15
32038.0,5338.42
31182.0,5275.14
30326.0,5199.49
29470.0,5499.88
28614.0,5471.73
27758.0,0.0
26902.0,8347.4
26046.0,7143.19
25190.0,6655.93
24334.0,6203.35
23478.0,6215.79
22622.0,5265.92
21766.0,0.0
20910.0,5468.48
20054.0,5150.85
19198.0,5015.83
18342.0,5065.64
17486.0,5698.26
16630.0,5855.08
15774.0,0.0
14918.0,9612.34
14062.0,7925.88
13206.0,7124.49
12350.0,6625.45
11494.0,6329.93
10638.0,5342.86
9782.0,0.0
8926.0,5864.99
8070.0,5467.89
7214.0,5263.47
6358.0,5227.71
5502.0,5302.61
4646.0,5278.04
3790.0,0.0
2934.0,8489.8
2078.0,7130.93
1222.0,6577.66
366.0,6273.7
40599.0,6489.36
39743.0,0.0
38887.0,9223.56
38031.0,7276.16
37175.0,6807.16
36319.0,6726.5
35463.0,6762.99
34607.0,6062.31
33751.0,0.0
32895.0,5707.22
32039.0,5070.14
31183.0,5006.56
30327.0,5111.92
29471.0,5548.67
28615.0,0.0
27759.0,0.0
26903.0,8971.38
26047.0,7141.57
25191.0,6432.74
24335.0,6263.97
23479.0,6324.7
22623.0,6154.94
21767.0,0.0
20911.0,5203.38
20055.0,4530.25
19199.0,4407.57
18343.0,4589.12
17487.0,5508.03
16631.0,6149.97
15775.0,0.0
14919.0,11079.58
14063.0,7954.54
13207.0,7006.74
12351.0,6661.8
11495.0,6566.81
10639.0,6045.49
9783.0,0.0
8927.0,5462.89
8071.0,4930.11
7215.0,4878.4
6359.0,4889.63
5503.0,5188.03
4647.0,5547.33
3791.0,0.0
2935.0,9183.44
2079.0,7349.98
1223.0,6616.61
367.0,6371.5
40600.0,5364.27
39744.0,0.0
38888.0,8186.33
38032.0,6572.03
37176.0,6232.96
36320.0,6325.26
35464.0,6350.72
34608.0,5160.48
33752.0,0.0
32896.0,5411.78
32040.0,4895.26
31184.0,4816.45
30328.0,5005.55
29472.0,5307.85
28616.0,5017.53
27760.0,0.0
26904.0,7912.18
26048.0,6456.0
25192.0,6093.84
24336.0,6085.53
23480.0,6088.48
22624.0,4845.82
21768.0,0.0
20912.0,4883.9
20056.0,4358.58
19200.0,4244.17
18344.0,4607.05
17488.0,5469.68
16632.0,5349.62
15776.0,0.0
14920.0,9068.48
14064.0,6923.34
13208.0,6181.63
12352.0,6076.79
11496.0,6125.24
10640.0,5141.18
9784.0,0.0
8928.0,5258.85
8072.0,4614.28
7216.0,4580.6
6360.0,4803.87
5504.0,5225.25
4648.0,5231.93
3792.0,0.0
2936.0,7772.73
2080.0,6212.34
1224.0,5790.45
368.0,5783.89
40601.0,9666.96
39745.0,0.0
38889.0,10720.26
38033.0,8395.91
37177.0,8149.92
36321.0,8071.42
35465.0,8564.01
34609.0,8787.68
33753.0,0.0
32897.0,7587.59
32041.0,6867.84
31185.0,6703.64
30329.0,6878.46
29473.0,7376.11
28617.0,9026.88
27761.0,0.0
26905.0,10823.92
26049.0,9143.29
25193.0,8659.89
24337.0,8376.32
23481.0,8431.68
22625.0,8805.55
21769.0,0.0
20913.0,7569.34
20057.0,6801.13
19201.0,6596.74
18345.0,6771.41
17489.0,7676.4
16633.0,9460.14
15777.0,0.0
14921.0,12371.93
14065.0,9736.82
13209.0,8913.28
12353.0,8531.08
11497.0,8645.85
10641.0,8626.35
9785.0,0.0
8929.0,8041.1
8073.0,7258.62
7217.0,6937.92
6361.0,7051.33
5505.0,7376.52
4649.0,8671.41
3793.0,0.0
2937.0,11062.17
2081.0,9125.58
1225.0,8464.83
369.0,8216.28
40602.0,6023.93
39746.0,0.0
38890.0,8042.75
38034.0,6248.19
37178.0,5869.82
36322.0,5848.18
35466.0,5981.11
34610.0,5967.83
33754.0,0.0
32898.0,5135.57
32042.0,4599.29
31186.0,4581.37
30330.0,4671.99
29474.0,5156.7
28618.0,0.0
27762.0,0.0
26906.0,7666.68
26050.0,5935.32
25194.0,5363.82
24338.0,5298.21
23482.0,5343.26
22626.0,5724.52
21770.0,0.0
20914.0,4571.28
20058.0,4051.14
19202.0,3988.38
18346.0,4208.47
17490.0,5115.95
16634.0,5398.11
15778.0,0.0
14922.0,9169.56
14066.0,6698.52
13210.0,5957.48
12354.0,5856.32
11498.0,5883.97
10642.0,5685.85
9786.0,0.0
8930.0,5097.45
8074.0,4373.88
7218.0,4341.81
6362.0,4514.11
5506.0,4877.09
4650.0,5154.25
3794.0,0.0
2938.0,7869.0
2082.0,6147.55
1226.0,5609.95
370.0,5596.21
40603.0,2608.03
39747.0,0.0
38891.0,6117.14
38035.0,4909.68
37179.0,4591.13
36323.0,4648.91
35467.0,4477.79
34611.0,2483.69
33755.0,0.0
32899.0,4080.44
32043.0,3751.09
31187.0,3748.57
30331.0,3930.31
29475.0,4072.35
28619.0,2472.17
27763.0,0.0
26907.0,6018.43
26051.0,5018.72
25195.0,4694.59
24339.0,4587.1
23483.0,4551.08
22627.0,2287.39
21771.0,0.0
20915.0,3842.88
20059.0,3555.57
19203.0,3514.23
18347.0,3656.95
17491.0,4303.4
16635.0,2677.68
15779.0,0.0
14923.0,7336.92
14067.0,5577.92
13211.0,4953.03
12355.0,4776.79
11499.0,4732.35
10643.0,2497.15
9787.0,0.0
8931.0,4012.56
8075.0,3730.18
7219.0,3746.0
6363.0,3813.21
5507.0,3945.6
4651.0,2451.93
3795.0,0.0
2939.0,6184.18
2083.0,5147.13
1227.0,4616.54
371.0,4499.41
40604.0,7504.19
39748.0,0.0
38892.0,10261.25
38036.0,8423.25
37180.0,8004.72
36324.0,7821.86
35468.0,7724.75
34612.0,6830.35
33756.0,0.0
32900.0,7052.68
32044.0,6259.74
31188.0,6017.98
30332.0,6276.41
29476.0,6791.66
28620.0,6916.32
27764.0,0.0
26908.0,10445.65
26052.0,8575.07
25196.0,8084.95
24340.0,7791.8
23484.0,7765.76
22628.0,6866.69
21772.0,0.0
20916.0,6635.68
20060.0,5858.71
19204.0,5711.85
18348.0,5995.14
17492.0,6975.42
16636.0,7621.6
15780.0,0.0
14924.0,13497.6
14068.0,9418.58
13212.0,8435.27
12356.0,8135.06
11500.0,8086.2
10644.0,6874.21
9788.0,0.0
8932.0,6926.84
8076.0,6126.33
7220.0,6171.8
6364.0,6228.81
5508.0,6605.65
4652.0,6771.38
3796.0,0.0
2940.0,10710.14
2084.0,8439.63
1228.0,7808.65
372.0,7635.25
40605.0,3965.12
39749.0,0.0
38893.0,5033.75
38037.0,4085.36
37181.0,3907.78
36325.0,3774.38
35469.0,3953.67
34613.0,3564.76
33757.0,0.0
32901.0,3699.7
32045.0,3310.71
31189.0,3189.65
30333.0,3103.91
29477.0,3329.8
28621.0,3399.21
27765.0,0.0
26909.0,5088.77
26053.0,4256.12
25197.0,3950.23
24341.0,3802.47
23485.0,3923.56
22629.0,3468.43
21773.0,0.0
20917.0,3536.57
20061.0,3222.85
19205.0,3024.36
18349.0,2920.01
17493.0,3444.73
16637.0,3725.86
15781.0,0.0
14925.0,5833.06
14069.0,4654.1
13213.0,4300.2
12357.0,4153.99
11501.0,4178.64
10645.0,3523.88
9789.0,0.0
8933.0,3800.41
8077.0,3438.23
7221.0,3260.04
6365.0,3204.74
5509.0,3321.16
4653.0,3408.42
3797.0,0.0
2941.0,5161.67
2085.0,4324.7
1229.0,4007.34
373.0,3950.18
40606.0,9080.92
39750.0,0.0
38894.0,11248.75
38038.0,9461.19
37182.0,8631.0
36326.0,8145.34
35470.0,7993.58
34614.0,8729.48
33758.0,0.0
32902.0,7886.02
32046.0,7304.15
31190.0,6912.61
30334.0,6872.93
29478.0,7009.41
28622.0,0.0
27766.0,0.0
26910.0,11165.57
26054.0,9181.79
25198.0,8210.15
24342.0,7728.87
23486.0,7467.09
22630.0,8098.87
21774.0,0.0
20918.0,7218.56
20062.0,6507.91
19206.0,6174.31
18350.0,6323.87
17494.0,7088.4
16638.0,7789.64
15782.0,0.0
14926.0,12795.78
14070.0,9890.1
13214.0,8784.31
12358.0,8142.46
11502.0,7902.54
10646.0,7889.04
9790.0,0.0
8934.0,7780.28
8078.0,7094.91
7222.0,6809.05
6366.0,6815.9
5510.0,6941.59
4654.0,7149.09
3798.0,0.0
2942.0,11169.15
2086.0,9130.58
1230.0,8294.26
374.0,7939.64
40607.0,7557.75
39751.0,0.0
38895.0,10176.64
38039.0,8133.97
37183.0,7784.64
36327.0,7602.17
35471.0,7625.08
34615.0,7040.42
33759.0,0.0
32903.0,6675.08
32047.0,5968.21
31191.0,5935.94
30335.0,6089.88
29479.0,6578.09
28623.0,6864.43
27767.0,0.0
26911.0,10234.97
26055.0,8362.79
25199.0,7798.69
24343.0,7505.94
23487.0,7539.6
22631.0,7022.07
21775.0,0.0
20919.0,6451.86
20063.0,5561.63
19207.0,5514.07
18351.0,5829.62
17495.0,6808.16
16639.0,7781.26
15783.0,0.0
14927.0,12487.2
14071.0,9015.12
13215.0,8008.98
12359.0,7792.41
11503.0,7746.42
10647.0,7164.61
9791.0,0.0
8935.0,6840.93
8079.0,6045.05
7223.0,6126.69
6367.0,6270.24
5511.0,6510.78
4655.0,7013.58
3799.0,0.0
2943.0,10414.56
2087.0,8271.71
1231.0,7659.81
375.0,7513.71
40608.0,7275.51
39752.0,0.0
38896.0,10778.91
38040.0,9166.4
37184.0,8463.25
36328.0,8039.63
35472.0,7950.63
34616.0,6708.65
33760.0,0.0
32904.0,7754.69
32048.0,6994.6
31192.0,6595.69
30336.0,6576.83
29480.0,6738.28
28624.0,6308.75
27768.0,0.0
26912.0,11051.15
26056.0,9296.0
25200.0,8649.73
24344.0,8200.35
23488.0,7956.65
22632.0,6280.76
21776.0,0.0
20920.0,7061.04
20064.0,6324.07
19208.0,6019.63
18352.0,6245.49
17496.0,7081.61
16640.0,6894.7
15784.0,0.0
14928.0,13594.94
14072.0,10018.42
13216.0,8958.69
12360.0,8371.15
11504.0,8228.78
10648.0,6512.24
9792.0,0.0
8936.0,7507.17
8080.0,6862.2
7224.0,6677.9
6368.0,6762.5
5512.0,6853.44
4656.0,6295.61
3800.0,0.0
2944.0,11473.45
2088.0,9316.42
1232.0,8532.26
376.0,8193.11
40609.0,8285.13
39753.0,0.0
38897.0,12240.18
38041.0,9953.2
37185.0,9143.07
36329.0,8859.91
35473.0,8778.58
34617.0,7546.65
33761.0,0.0
32905.0,7464.0
32049.0,7036.23
31193.0,6824.96
30337.0,7165.19
29481.0,7691.27
28625.0,7692.39
27769.0,0.0
26913.0,11900.86
26057.0,9978.72
25201.0,9220.25
24345.0,8754.29
23489.0,8783.86
22633.0,7419.89
21777.0,0.0
20921.0,7388.49
20065.0,6634.15
19209.0,6418.31
18353.0,6831.94
17497.0,8088.91
16641.0,8748.73
15785.0,0.0
14929.0,14868.75
14073.0,11041.17
13217.0,9879.25
12361.0,9312.7
11505.0,8973.35
10649.0,7751.18
9793.0,0.0
8937.0,7777.44
8081.0,6968.98
7225.0,6793.82
6369.0,7052.9
5513.0,7454.74
4657.0,7732.09
3801.0,0.0
2945.0,12127.05
2089.0,9741.22
1233.0,8914.3
377.0,8678.48
40610.0,5369.04
39754.0,0.0
38898.0,8375.94
38042.0,6334.64
37186.0,6063.73
36330.0,5842.68
35474.0,5816.24
34618.0,4833.02
33762.0,0.0
32906.0,5192.8
32050.0,4740.88
31194.0,4648.34
30338.0,4721.65
29482.0,5018.81
28626.0,4938.13
27770.0,0.0
26914.0,8314.49
26058.0,6683.87
25202.0,6105.41
24346.0,5841.69
23490.0,5799.57
22634.0,4866.16
21778.0,0.0
20922.0,4719.74
20066.0,4232.78
19210.0,4159.96
18354.0,4322.82
17498.0,5119.82
16642.0,5363.63
15786.0,0.0
14930.0,9611.88
14074.0,7159.04
13218.0,6296.71
12362.0,6076.67
11506.0,6067.9
10650.0,5008.81
9794.0,0.0
8938.0,5103.46
8082.0,4539.15
7226.0,4560.44
6370.0,4675.55
5514.0,4962.03
4658.0,5029.98
3802.0,0.0
2946.0,8276.24
2090.0,6510.23
1234.0,6010.86
378.0,5896.89
40611.0,7821.78
39755.0,0.0
38899.0,12755.27
38043.0,10687.75
37187.0,9899.35
36331.0,9398.61
35475.0,9332.82
34619.0,6932.45
33763.0,0.0
32907.0,8652.65
32051.0,7907.44
31195.0,7603.78
30339.0,7673.01
29483.0,7945.16
28627.0,6706.8
27771.0,0.0
26915.0,12604.14
26059.0,10655.34
25203.0,9718.83
24347.0,9191.61
23491.0,9173.95
22635.0,6648.66
21779.0,0.0
20923.0,8187.21
20067.0,7461.96
19211.0,7222.57
18355.0,7225.22
17499.0,8059.21
16643.0,7315.12
15787.0,0.0
14931.0,13897.67
14075.0,11504.3
13219.0,10471.03
12363.0,9814.75
11507.0,9404.19
10651.0,6685.73
9795.0,0.0
8939.0,8555.44
8083.0,7904.76
7227.0,7580.18
6371.0,7653.79
5515.0,7707.71
4659.0,6604.8
3803.0,0.0
2947.0,12310.47
2091.0,10169.48
1235.0,9274.77
379.0,8895.08
40612.0,8087.11
39756.0,0.0
38900.0,9049.71
38044.0,7615.48
37188.0,6983.11
36332.0,6765.58
35476.0,6721.34
34620.0,7501.76
33764.0,0.0
32908.0,6509.25
32052.0,6018.22
31196.0,5703.8
30340.0,5712.82
29484.0,5877.55
28628.0,0.0
27772.0,0.0
26916.0,9095.89
26060.0,7631.3
25204.0,6783.86
24348.0,6480.48
23492.0,6333.98
22636.0,7236.93
21780.0,0.0
20924.0,5896.02
20068.0,5456.31
19212.0,5127.66
18356.0,5246.45
17500.0,5974.31
16644.0,6676.87
15788.0,0.0
14932.0,10680.33
14076.0,8256.98
13220.0,7258.78
12364.0,6843.69
11508.0,6826.43
10652.0,6925.16
9796.0,0.0
8940.0,6596.09
8084.0,5970.84
7228.0,5722.53
6372.0,5630.32
5516.0,5696.02
4660.0,6077.11
3804.0,0.0
2948.0,9137.43
2092.0,7598.61
1236.0,6897.54
380.0,6638.27
40613.0,5635.73
39757.0,0.0
38901.0,8679.55
38045.0,6982.21
37189.0,6496.73
36333.0,6250.62
35477.0,6189.3
34621.0,5034.35
33765.0,0.0
32909.0,5381.27
32053.0,4915.86
31197.0,4859.28
30341.0,4897.01
29485.0,5198.37
28629.0,5108.97
27773.0,0.0
26917.0,8184.79
26061.0,6833.86
25205.0,6279.22
24349.0,6039.45
23493.0,5940.61
22637.0,4891.28
21781.0,0.0
20925.0,4897.92
20069.0,4443.36
19213.0,4320.56
18357.0,4488.8
17501.0,5314.76
16645.0,5562.59
15789.0,0.0
14933.0,9661.17
14077.0,7461.3
13221.0,6523.92
12365.0,6268.75
11509.0,6044.81
10653.0,5185.24
9797.0,0.0
8941.0,5435.45
8085.0,4822.93
7229.0,4703.02
6373.0,4771.45
5517.0,4974.24
4661.0,5251.91
3805.0,0.0
2949.0,8133.92
2093.0,6561.89
1237.0,6003.26
381.0,5857.95
40614.0,7378.32
39758.0,0.0
38902.0,8808.43
38046.0,7033.43
37190.0,6572.38
36334.0,6800.83
35478.0,6769.9
34622.0,6884.64
33766.0,0.0
32910.0,5860.82
32054.0,5263.61
31198.0,5242.8
30342.0,5385.76
29486.0,5856.47
28630.0,0.0
27774.0,0.0
26918.0,8347.42
26062.0,6877.18
25206.0,6289.67
24350.0,6249.0
23494.0,6335.59
22638.0,6785.41
21782.0,0.0
20926.0,5379.76
20070.0,4748.64
19214.0,4629.74
18358.0,5017.19
17502.0,5744.6
16646.0,6415.89
15790.0,0.0
14934.0,10160.18
14078.0,7647.06
13222.0,6890.11
12366.0,6744.25
11510.0,6643.74
10654.0,6437.9
9798.0,0.0
8942.0,5725.05
8086.0,5120.43
7230.0,5092.04
6374.0,5292.35
5518.0,5602.37
4662.0,6086.01
3806.0,0.0
2950.0,8558.31
2094.0,6811.22
1238.0,6352.0
382.0,6268.36
40615.0,3046.23
39759.0,0.0
38903.0,7385.43
38047.0,5785.15
37191.0,5699.91
36335.0,5291.03
35479.0,5148.18
34623.0,2668.81
33767.0,0.0
32911.0,4873.57
32055.0,4464.31
31199.0,4306.36
30343.0,4247.52
29487.0,4326.19
28631.0,0.0
27775.0,0.0
26919.0,7066.54
26063.0,5565.92
25207.0,5102.75
24351.0,4918.22
23495.0,4801.78
22639.0,2988.6
21783.0,0.0
20927.0,4461.61
20071.0,4031.01
19215.0,3931.64
18359.0,3965.13
17503.0,4474.5
16647.0,3251.55
15791.0,0.0
14935.0,7834.01
14079.0,6285.2
13223.0,5545.8
12367.0,5256.5
11511.0,5053.59
10655.0,2997.65
9799.0,0.0
8943.0,5042.65
8087.0,4395.01
7231.0,4224.88
6375.0,4135.8
5519.0,4199.78
4663.0,2955.18
3807.0,0.0
2951.0,6838.1
2095.0,5639.85
1239.0,5078.79
383.0,4913.46
40616.0,9427.44
39760.0,0.0
38904.0,15191.22
38048.0,12457.2
37192.0,11333.51
36336.0,11119.43
35480.0,10707.68
34624.0,8373.44
33768.0,0.0
32912.0,9716.86
32056.0,9159.28
31200.0,8749.88
30344.0,8975.09
29488.0,8964.97
28632.0,8210.46
27776.0,0.0
26920.0,14493.22
26064.0,12446.14
25208.0,11385.8
24352.0,10891.97
23496.0,10274.8
22640.0,7583.2
21784.0,0.0
20928.0,8958.52
20072.0,8492.72
19216.0,8014.4
18360.0,8102.1
17504.0,9045.74
16648.0,8539.75
15792.0,0.0
14936.0,18446.98
14080.0,13786.65
13224.0,12175.83
12368.0,11297.32
11512.0,10759.17
10656.0,7679.17
9800.0,0.0
8944.0,9367.53
8088.0,8885.54
7232.0,8642.27
6376.0,8586.86
5520.0,8601.47
4664.0,7745.28
3808.0,0.0
2952.0,15033.22
2096.0,12595.33
1240.0,11325.93
384.0,10600.37
40617.0,6823.87
39761.0,0.0
38905.0,8951.45
38049.0,7415.32
37193.0,6958.91
36337.0,6855.14
35481.0,7003.38
34625.0,6171.15
33769.0,0.0
32913.0,6193.34
32057.0,5566.39
31201.0,5500.36
30345.0,5599.89
29489.0,5652.18
28633.0,6080.54
27777.0,0.0
26921.0,9249.65
26065.0,7515.38
25209.0,6943.46
24353.0,6717.18
23497.0,6688.82
22641.0,5790.33
21785.0,0.0
20929.0,5823.28
20073.0,5110.57
19217.0,5004.51
18361.0,5157.85
17505.0,6222.7
16649.0,6562.68
15793.0,0.0
14937.0,10770.9
14081.0,8276.98
13225.0,7310.04
12369.0,7077.97
11513.0,6920.04
10657.0,6114.91
9801.0,0.0
8945.0,6185.15
8089.0,5486.69
7233.0,5380.37
6377.0,5373.62
5521.0,5666.1
4665.0,6171.47
3809.0,0.0
2953.0,9000.53
2097.0,7246.95
1241.0,6646.66
385.0,6494.49
40618.0,3695.27
39762.0,0.0
38906.0,7104.06
38050.0,5907.12
37194.0,5578.8
36338.0,5449.59
35482.0,5106.9
34626.0,3283.57
33770.0,0.0
32914.0,4549.98
32058.0,4183.61
31202.0,4040.92
30346.0,4041.18
29490.0,4103.4
28634.0,3336.37
27778.0,0.0
26922.0,6679.13
26066.0,5715.29
25210.0,5316.72
24354.0,5104.7
23498.0,4947.78
22642.0,3140.36
21786.0,0.0
20930.0,4045.98
20074.0,3813.29
19218.0,3714.48
18362.0,3806.52
17506.0,4260.29
16650.0,3528.0
15794.0,0.0
14938.0,7592.82
14082.0,6217.9
13226.0,5599.64
12370.0,5312.34
11514.0,5081.31
10658.0,3232.58
9802.0,0.0
8946.0,4632.4
8090.0,4159.79
7234.0,3970.02
6378.0,4029.97
5522.0,4034.7
4666.0,3232.69
3810.0,0.0
2954.0,6634.48
2098.0,5663.72
1242.0,5119.41
386.0,4987.88
40619.0,4742.74
39763.0,0.0
38907.0,10092.6
38051.0,8253.45
37195.0,7830.16
36339.0,7447.81
35483.0,7380.63
34627.0,4383.62
33771.0,0.0
32915.0,6805.08
32059.0,6094.4
31203.0,5818.02
30347.0,5896.32
29491.0,6141.91
28635.0,4361.08
27779.0,0.0
26923.0,9698.93
26067.0,8189.56
25211.0,7613.82
24355.0,7168.7
23499.0,7117.49
22643.0,4228.77
21787.0,0.0
20931.0,6289.84
20075.0,5717.83
19219.0,5500.23
18363.0,5634.5
17507.0,6538.25
16651.0,4835.63
15795.0,0.0
14939.0,11389.28
14083.0,9009.4
13227.0,7947.56
12371.0,7618.24
11515.0,7443.38
10659.0,4315.99
9803.0,0.0
8947.0,6521.83
8091.0,6052.51
7235.0,5931.72
6379.0,5911.18
5523.0,6009.91
4667.0,4271.75
3811.0,0.0
2955.0,9968.23
2099.0,8208.29
1243.0,7350.49
387.0,7131.18
40620.0,8014.69
39764.0,0.0
38908.0,11806.84
38052.0,9433.35
37196.0,8661.04
36340.0,8541.54
35484.0,8551.56
34628.0,7176.89
33772.0,0.0
32916.0,7659.54
32060.0,7118.44
31204.0,7023.44
30348.0,7168.27
29492.0,7612.84
28636.0,7224.41
27780.0,0.0
26924.0,11574.77
26068.0,9716.84
25212.0,9103.44
24356.0,8702.01
23500.0,8630.31
22644.0,7016.37
21788.0,0.0
20932.0,7504.63
20076.0,6942.58
19220.0,6743.87
18364.0,7008.77
17508.0,8067.65
16652.0,7872.19
15796.0,0.0
14940.0,14381.13
14084.0,10507.73
13228.0,9449.19
12372.0,9030.88
11516.0,8795.67
10660.0,7064.4
9804.0,0.0
8948.0,7866.8
8092.0,7266.82
7236.0,7055.37
6380.0,7229.63
5524.0,7401.79
4668.0,6960.77
3812.0,0.0
2956.0,12049.82
2100.0,9840.01
1244.0,8899.87
388.0,8669.81
40621.0,5812.24
39765.0,0.0
38909.0,10098.28
38053.0,8247.93
37197.0,7518.05
36341.0,7465.43
35485.0,7663.74
34629.0,5331.64
33773.0,0.0
32917.0,6589.62
32061.0,6189.23
31205.0,5992.89
30349.0,6081.58
29493.0,6305.52
28637.0,5295.28
27781.0,0.0
26925.0,9907.03
26069.0,8314.26
25213.0,7692.73
24357.0,7383.3
23501.0,7340.5
22645.0,4897.38
21789.0,0.0
20933.0,6399.54
20077.0,5808.09
19221.0,5691.68
18365.0,5851.58
17509.0,6900.92
16653.0,5512.1
15797.0,0.0
14941.0,12979.56
14085.0,9391.79
13229.0,8127.64
12373.0,7715.79
11517.0,7709.99
10661.0,5021.86
9805.0,0.0
8949.0,6600.79
8093.0,6212.23
7237.0,6103.03
6381.0,6133.5
5525.0,6336.88
4669.0,5024.8
3813.0,0.0
2957.0,10242.42
2101.0,8258.11
1245.0,7587.41
389.0,7317.88
40622.0,4370.49
39766.0,0.0
38910.0,8881.72
38054.0,7030.84
37198.0,6510.98
36342.0,6257.53
35486.0,6382.34
34630.0,3867.51
33774.0,0.0
32918.0,5777.88
32062.0,5391.94
31206.0,5113.83
30350.0,5204.53
29494.0,5443.75
28638.0,3818.55
27782.0,0.0
26926.0,8962.98
26070.0,7431.36
25214.0,6821.8
24358.0,6442.9
23502.0,6313.87
22646.0,3690.18
21790.0,0.0
20934.0,5382.76
20078.0,4940.72
19222.0,4711.33
18366.0,4962.74
17510.0,5561.41
16654.0,4059.31
15798.0,0.0
14942.0,10775.63
14086.0,7917.13
13230.0,6750.84
12374.0,6399.14
11518.0,6319.65
10662.0,3750.47
9806.0,0.0
8950.0,5655.64
8094.0,5232.64
7238.0,5039.03
6382.0,5143.93
5526.0,5334.56
4670.0,3804.5
3814.0,0.0
2958.0,9000.04
2102.0,7332.87
1246.0,6607.38
390.0,6209.42
40623.0,5200.99
39767.0,0.0
38911.0,11324.31
38055.0,9323.76
37199.0,8591.32
36343.0,8278.82
35487.0,8319.23
34631.0,4944.6
33775.0,0.0
32919.0,7637.86
32063.0,7064.25
31207.0,6887.49
30351.0,6938.83
29495.0,7332.09
28639.0,4881.88
27783.0,0.0
26927.0,10962.71
26071.0,9066.64
25215.0,8532.97
24359.0,8201.43
23503.0,8164.38
22647.0,4736.6
21791.0,0.0
20935.0,7227.87
20079.0,6640.22
19223.0,6470.18
18367.0,6565.1
17511.0,7809.75
16655.0,5075.49
15799.0,0.0
14943.0,12321.14
14087.0,9971.84
13231.0,8880.26
12375.0,8383.38
11519.0,8324.31
10663.0,4797.79
9807.0,0.0
8951.0,7617.08
8095.0,7099.54
7239.0,6796.93
6383.0,6888.42
5527.0,7140.98
4671.0,4801.36
3815.0,0.0
2959.0,10660.14
2103.0,8659.72
1247.0,8052.7
391.0,7771.13
40624.0,6064.8
39768.0,0.0
38912.0,8055.93
38056.0,6808.57
37200.0,6249.16
36344.0,5978.42
35488.0,6036.52
34632.0,5348.17
33776.0,0.0
32920.0,5718.19
32064.0,5278.52
31208.0,4954.63
30352.0,4969.3
29496.0,5176.71
28640.0,5159.67
27784.0,0.0
26928.0,8183.48
26072.0,6983.36
25216.0,6318.68
24360.0,6044.6
23504.0,6056.65
22648.0,5063.69
21792.0,0.0
20936.0,5545.64
20080.0,5004.54
19224.0,4747.22
18368.0,4805.36
17512.0,5305.99
16656.0,5430.57
15800.0,0.0
14944.0,9098.44
14088.0,7599.81
13232.0,6700.08
12376.0,6389.73
11520.0,6247.34
10664.0,5256.06
9808.0,0.0
8952.0,6040.92
8096.0,5444.54
7240.0,5145.68
6384.0,5033.55
5528.0,5195.09
4672.0,5120.65
3816.0,0.0
2960.0,8236.54
2104.0,6894.74
1248.0,6293.18
392.0,6078.21
40625.0,5904.88
39769.0,9478.56
38913.0,7175.79
38057.0,6525.39
37201.0,6602.88
36345.0,6495.59
35489.0,6956.26
34633.0,5472.12
33777.0,8387.37
32921.0,6182.65
32065.0,5613.86
31209.0,5641.86
30353.0,5687.97
29497.0,6103.79
28641.0,6448.94
27785.0,9022.39
26929.0,7186.37
26073.0,6607.09
25217.0,6597.66
24361.0,6430.89
23505.0,6769.96
22649.0,5483.37
21793.0,8406.01
20937.0,6030.63
20081.0,5354.19
19225.0,5435.75
18369.0,5539.01
17513.0,6372.99
16657.0,6303.28
15801.0,9910.93
14945.0,8492.76
14089.0,7399.5
13233.0,6787.04
12377.0,6621.52
11521.0,6816.04
10665.0,5523.01
9809.0,8369.77
8953.0,6307.81
8097.0,5701.36
7241.0,5837.58
6385.0,5861.08
5529.0,5960.12
4673.0,5732.96
3817.0,9130.12
2961.0,7152.68
2105.0,6584.52
1249.0,6446.72
393.0,6547.88
40626.0,5108.46
39770.0,0.0
38914.0,8668.08
38058.0,6921.22
37202.0,6446.66
36346.0,6164.2
35490.0,6098.11
34634.0,4468.7
33778.0,0.0
32922.0,5432.51
32066.0,4897.97
31210.0,4868.88
30354.0,4888.63
29498.0,5210.63
28642.0,0.0
27786.0,0.0
26930.0,8195.17
26074.0,6619.12
25218.0,5929.11
24362.0,5675.72
23506.0,5634.33
22650.0,4991.97
21794.0,0.0
20938.0,4860.13
20082.0,4353.51
19226.0,4174.3
18370.0,4364.1
17514.0,5283.87
16658.0,5404.69
15802.0,0.0
14946.0,10208.72
14090.0,7485.1
13234.0,6485.56
12378.0,6227.07
11522.0,6080.55
10666.0,5105.61
9810.0,0.0
8954.0,5114.25
8098.0,4574.84
7242.0,4534.8
6386.0,4626.75
5530.0,4947.14
4674.0,4943.59
3818.0,0.0
2962.0,8541.53
2106.0,6662.49
1250.0,5974.03
394.0,5824.01
40627.0,9319.22
39771.0,0.0
38915.0,11893.92
38059.0,9356.05
37203.0,9199.91
36347.0,9088.88
35491.0,9287.18
34635.0,8823.66
33779.0,0.0
32923.0,7677.37
32067.0,6984.69
31211.0,7090.0
30355.0,7387.62
29499.0,8277.19
28643.0,8719.61
27787.0,0.0
26931.0,11601.11
26075.0,9545.29
25219.0,9159.35
24363.0,8865.81
23507.0,8995.14
22651.0,8332.13
21795.0,0.0
20939.0,7377.93
20083.0,6614.8
19227.0,6588.53
18371.0,7052.93
17515.0,8291.86
16659.0,9213.99
15803.0,0.0
14947.0,12981.84
14091.0,9959.38
13235.0,9435.12
12379.0,9217.85
11523.0,9229.1
10667.0,8526.38
9811.0,0.0
8955.0,7730.67
8099.0,6913.35
7243.0,6947.07
6387.0,7282.31
5531.0,7947.88
4675.0,8508.62
3819.0,0.0
2963.0,11454.6
2107.0,9241.32
1251.0,8760.92
395.0,8677.07
40628.0,3598.84
39772.0,0.0
38916.0,8710.45
38060.0,7197.28
37204.0,6584.41
36348.0,6404.93
35492.0,5842.24
34636.0,3365.05
33780.0,0.0
32924.0,5206.4
32068.0,4965.82
31212.0,4849.92
30356.0,4965.16
29500.0,4903.07
28644.0,3634.56
27788.0,0.0
26932.0,8289.06
26076.0,6924.99
25220.0,6304.42
24364.0,6036.98
23508.0,5781.57
22652.0,3317.96
21796.0,0.0
20940.0,4903.01
20084.0,4544.99
19228.0,4377.8
18372.0,4578.47
17516.0,5326.09
16660.0,3710.99
15804.0,0.0
14948.0,10066.83
14092.0,7752.22
13236.0,6624.12
12380.0,6319.38
11524.0,5965.94
10668.0,3402.58
9812.0,0.0
8956.0,5111.17
8100.0,4735.38
7244.0,4594.88
6388.0,4656.67
5532.0,4709.13
4676.0,3494.51
3820.0,0.0
2964.0,8297.92
2108.0,6749.9
1252.0,6053.24
396.0,5921.0
40629.0,3957.78
39773.0,0.0
38917.0,9555.41
38061.0,7662.71
37205.0,6918.3
36349.0,6819.32
35493.0,6625.31
34637.0,3433.1
33781.0,0.0
32925.0,6380.82
32069.0,5780.7
31213.0,5540.0
30357.0,5653.79
29501.0,5974.9
28645.0,3447.62
27789.0,0.0
26933.0,9002.49
26077.0,7468.3
25221.0,6792.73
24365.0,6635.71
23509.0,6496.54
22653.0,3222.21
21797.0,0.0
20941.0,5833.07
20085.0,5356.73
19229.0,5146.27
18373.0,5303.04
17517.0,5848.06
16661.0,3586.66
15805.0,0.0
14949.0,10327.86
14093.0,8117.55
13237.0,7016.0
12381.0,6848.92
11525.0,6629.05
10669.0,3252.11
9813.0,0.0
8957.0,6140.96
8101.0,5696.81
7245.0,5442.13
6389.0,5502.65
5533.0,5587.49
4677.0,3261.23
3821.0,0.0
2965.0,8933.93
2109.0,7229.16
1253.0,6528.79
397.0,6326.94
40630.0,6154.96
39774.0,0.0
38918.0,8555.84
38062.0,6754.61
37206.0,6568.85
36350.0,6639.95
35494.0,6584.7
34638.0,6109.92
33782.0,0.0
32926.0,5817.38
32070.0,5158.08
31214.0,5133.06
30358.0,5288.15
29502.0,5884.35
28646.0,4508.37
27790.0,0.0
26934.0,8802.55
26078.0,7036.97
25222.0,6585.86
24366.0,6479.89
23510.0,6608.87
22654.0,5665.99
21798.0,0.0
20942.0,5456.5
20086.0,4688.82
19230.0,4578.88
18374.0,4926.66
17518.0,5812.13
16662.0,5906.29
15806.0,0.0
14950.0,10641.8
14094.0,7895.75
13238.0,6951.22
12382.0,6623.6
11526.0,6495.74
10670.0,5796.82
9814.0,0.0
8958.0,5602.19
8102.0,5034.4
7246.0,5011.93
6390.0,5109.69
5534.0,5344.99
4678.0,5382.72
3822.0,0.0
2966.0,8928.93
2110.0,7067.07
1254.0,6477.1
398.0,6309.58
40631.0,5753.26
39775.0,0.0
38919.0,8163.17
38063.0,6410.55
37207.0,6025.22
36351.0,5863.08
35495.0,6009.18
34639.0,5481.53
33783.0,0.0
32927.0,5189.86
32071.0,4697.17
31215.0,4664.55
30359.0,4761.56
29503.0,5161.91
28647.0,5542.9
27791.0,0.0
26935.0,8041.61
26079.0,6504.65
25223.0,6047.39
24367.0,5860.31
23511.0,5885.74
22655.0,5474.81
21799.0,0.0
20943.0,4893.86
20087.0,4299.22
19231.0,4242.87
18375.0,4477.77
17519.0,5430.1
16663.0,6268.84
15807.0,0.0
14951.0,10220.83
14095.0,7465.97
13239.0,6560.25
12383.0,6261.91
11527.0,6193.58
10671.0,5604.03
9815.0,0.0
8959.0,5275.36
8103.0,4662.49
7247.0,4673.09
6391.0,4754.37
5535.0,5172.2
4679.0,5764.12
3823.0,0.0
2967.0,8242.38
2111.0,6628.35
1255.0,6097.14
399.0,5904.72
40632.0,3504.92
39776.0,0.0
38920.0,6034.42
38064.0,5144.07
37208.0,4710.46
36352.0,4702.09
35496.0,4775.57
34640.0,3478.49
33784.0,0.0
32928.0,4390.25
32072.0,4057.21
31216.0,3855.09
30360.0,3844.97
29504.0,4108.15
28648.0,3311.59
27792.0,0.0
26936.0,6007.23
26080.0,5126.7
25224.0,4841.4
24368.0,4730.15
23512.0,4706.03
22656.0,3291.97
21800.0,0.0
20944.0,4005.87
20088.0,3710.45
19232.0,3613.48
18376.0,3636.58
17520.0,4103.03
16664.0,3616.65
15808.0,0.0
14952.0,7267.32
14096.0,5719.83
13240.0,5108.96
12384.0,4901.84
11528.0,4932.15
10672.0,3405.86
9816.0,0.0
8960.0,4418.52
8104.0,4037.07
7248.0,3912.9
6392.0,3937.89
5536.0,4141.98
4680.0,3386.05
3824.0,0.0
2968.0,6228.4
2112.0,5281.89
1256.0,4813.97
400.0,4748.86
40633.0,5475.6
39777.0,0.0
38921.0,7611.04
38065.0,6107.73
37209.0,5931.69
36353.0,5916.33
35497.0,6090.17
34641.0,5132.75
33785.0,0.0
32929.0,4933.38
32073.0,4456.42
31217.0,4386.75
30361.0,4516.74
29505.0,4846.23
28649.0,5109.9
27793.0,0.0
26937.0,7634.91
26081.0,6148.8
25225.0,5755.87
24369.0,5740.33
23513.0,5841.86
22657.0,5076.22
21801.0,0.0
20945.0,4552.86
20089.0,4036.66
19233.0,4028.44
18377.0,4269.82
17521.0,5183.25
16665.0,5569.52
15809.0,0.0
14953.0,8859.01
14097.0,6769.1
13241.0,6151.01
12385.0,6017.99
11529.0,6112.54
10673.0,5255.06
9817.0,0.0
8961.0,4993.7
8105.0,4413.86
7249.0,4336.66
6393.0,4587.38
5537.0,5019.46
4681.0,5244.95
3825.0,0.0
2969.0,7865.93
2113.0,6297.17
1257.0,5825.17
401.0,5831.37
40634.0,9756.73
39778.0,0.0
38922.0,12850.41
38066.0,10122.67
37210.0,9534.57
36354.0,9512.5
35498.0,9688.5
34642.0,8758.82
33786.0,0.0
32930.0,8566.0
32074.0,7487.46
31218.0,7495.24
30362.0,7780.36
29506.0,8341.43
28650.0,5925.02
27794.0,0.0
26938.0,12735.43
26082.0,10442.79
25226.0,9540.96
24370.0,9181.78
23514.0,9460.6
22658.0,7392.92
21802.0,0.0
20946.0,7886.97
20090.0,6998.62
19234.0,6806.68
18378.0,7191.61
17522.0,8242.59
16666.0,7637.59
15810.0,0.0
14954.0,15513.47
14098.0,11112.02
13242.0,10057.13
12386.0,9795.23
11530.0,9640.61
10674.0,7706.77
9818.0,0.0
8962.0,8327.74
8106.0,7297.81
7250.0,7218.61
6394.0,7537.56
5538.0,7975.91
4682.0,7118.18
3826.0,0.0
2970.0,12970.94
2114.0,10166.83
1258.0,9203.45
402.0,9106.43
40635.0,7682.35
39779.0,2854.66
38923.0,12430.35
38067.0,10506.09
37211.0,9818.84
36355.0,9705.19
35499.0,9470.18
34643.0,6834.42
33787.0,2497.71
32931.0,9765.15
32075.0,8354.31
31219.0,7983.19
30363.0,8049.61
29507.0,8150.88
28651.0,6818.62
27795.0,2475.1
26939.0,12018.49
26083.0,10249.96
25227.0,9473.27
24371.0,9302.22
23515.0,8991.59
22659.0,6584.25
21803.0,2362.4
20947.0,8931.22
20091.0,7927.4
19235.0,7551.8
18379.0,7726.24
17523.0,8219.65
16667.0,7280.14
15811.0,2551.59
14955.0,12601.16
14099.0,10666.05
13243.0,9731.97
12387.0,9340.56
11531.0,8901.39
10675.0,6516.86
9819.0,2136.0
8963.0,7871.16
8107.0,7688.22
7251.0,7515.13
6395.0,7649.09
5539.0,7580.14
4683.0,6408.13
3827.0,2126.24
2971.0,11047.34
2115.0,9363.43
1259.0,8634.42
403.0,8510.7
40636.0,10341.87
39780.0,0.0
38924.0,14926.88
38068.0,12007.91
37212.0,11030.22
36356.0,10860.52
35500.0,11292.37
34644.0,9355.17
33788.0,0.0
32932.0,9867.08
32076.0,9018.97
31220.0,8754.61
30364.0,8984.18
29508.0,9742.71
28652.0,9822.26
27796.0,0.0
26940.0,13727.83
26084.0,11560.39
25228.0,10917.27
24372.0,10531.86
23516.0,10703.67
22660.0,9150.31
21804.0,0.0
20948.0,9578.47
20092.0,8656.57
19236.0,8362.49
18380.0,8422.14
17524.0,9933.03
16668.0,10492.61
15812.0,0.0
14956.0,16024.05
14100.0,12828.39
13244.0,11817.27
12388.0,11049.3
11532.0,10955.67
10676.0,9536.61
9820.0,0.0
8964.0,9889.24
8108.0,9000.91
7252.0,8808.77
6396.0,8822.38
5540.0,9425.78
4684.0,9717.42
3828.0,0.0
2972.0,14185.94
2116.0,11546.47
1260.0,10493.03
404.0,10248.49
40637.0,8686.1
39781.0,0.0
38925.0,15504.7
38069.0,12659.68
37213.0,11419.96
36357.0,11625.0
35501.0,11205.63
34645.0,7931.41
33789.0,0.0
32933.0,9802.91
32077.0,9254.23
31221.0,8966.63
30365.0,9353.21
29509.0,9695.05
28653.0,7667.02
27797.0,0.0
26941.0,14840.71
26085.0,12569.99
25229.0,11671.3
24373.0,11313.22
23517.0,10885.97
22661.0,7579.82
21805.0,0.0
20949.0,9046.11
20093.0,8558.99
19237.0,8341.99
18381.0,8738.02
17525.0,9900.45
16669.0,8468.19
15813.0,0.0
14957.0,18139.7
14101.0,13773.25
13245.0,12232.07
12389.0,11541.36
11533.0,11045.37
10677.0,7522.18
9821.0,0.0
8965.0,9256.5
8109.0,8834.04
7253.0,8617.04
6397.0,8782.02
5541.0,8882.47
4685.0,7359.47
3829.0,0.0
2973.0,15533.3
2117.0,12792.21
1261.0,11439.27
405.0,10927.67
40638.0,8021.07
39782.0,0.0
38926.0,11588.04
38070.0,9020.21
37214.0,8569.69
36358.0,8656.29
35502.0,8835.87
34646.0,7316.89
33790.0,0.0
32934.0,7846.46
32078.0,6873.01
31222.0,6716.61
30366.0,6974.45
29510.0,7591.06
28654.0,7356.07
27798.0,0.0
26942.0,11398.12
26086.0,9369.71
25230.0,8708.46
24374.0,8472.89
23518.0,8617.59
22662.0,7239.76
21806.0,0.0
20950.0,7511.83
20094.0,6625.38
19238.0,6383.18
18382.0,6623.39
17526.0,7642.1
16670.0,7841.75
15814.0,0.0
14958.0,12656.63
14102.0,9848.54
13246.0,8977.63
12390.0,8581.09
11534.0,8703.01
10678.0,7257.62
9822.0,0.0
8966.0,7548.57
8110.0,6788.6
7254.0,6652.13
6398.0,6904.69
5542.0,7341.13
4686.0,7242.9
3830.0,0.0
2974.0,11031.56
2118.0,8806.59
1262.0,8217.28
406.0,8080.12
40639.0,8183.7
39783.0,7630.86
38927.0,10828.14
38071.0,9942.07
37215.0,9583.25
36359.0,9229.67
35503.0,8784.61
34647.0,7402.4
33791.0,6534.83
32935.0,9709.4
32079.0,8249.9
31223.0,7846.21
30367.0,7849.78
29511.0,7930.46
28655.0,7191.74
27799.0,6784.81
26943.0,10995.41
26087.0,10093.35
25231.0,9736.63
24375.0,9699.39
23519.0,9212.8
22663.0,7250.47
21807.0,6325.99
20951.0,9093.48
20095.0,8155.34
19239.0,7840.21
18383.0,7782.09
17527.0,8413.82
16671.0,7991.79
15815.0,7101.16
14959.0,12055.82
14103.0,10731.42
13247.0,10206.45
12391.0,10008.19
11535.0,9758.63
10679.0,7033.15
9823.0,5757.6
8967.0,8905.39
8111.0,8348.5
7255.0,8125.22
6399.0,8198.88
5543.0,8146.01
4687.0,7103.14
3831.0,5882.01
2975.0,10673.52
2119.0,9678.6
1263.0,9448.4
407.0,9567.21
40640.0,4432.85
39784.0,0.0
38928.0,6946.75
38072.0,5679.14
37216.0,5252.4
36360.0,5164.91
35504.0,5166.27
34648.0,4198.58
33792.0,0.0
32936.0,4836.59
32080.0,4325.89
31224.0,4134.31
30368.0,4237.85
29512.0,4539.79
28656.0,4194.62
27800.0,0.0
26944.0,6816.85
26088.0,5625.9
25232.0,5188.43
24376.0,5075.26
23520.0,5147.06
22664.0,4103.32
21808.0,0.0
20952.0,4513.88
20096.0,4103.53
19240.0,3911.98
18384.0,4098.45
17528.0,4838.85
16672.0,4677.75
15816.0,0.0
14960.0,7545.54
14104.0,6204.71
13248.0,5620.09
12392.0,5374.42
11536.0,5428.53
10680.0,4270.51
9824.0,0.0
8968.0,5035.62
8112.0,4501.23
7256.0,4264.92
6400.0,4286.59
5544.0,4560.86
4688.0,4266.61
3832.0,0.0
2976.0,6732.24
2120.0,5568.22
1264.0,5124.04
408.0,5066.97
40641.0,10585.08
39785.0,0.0
38929.0,14429.83
38073.0,11852.74
37217.0,11030.17
36361.0,10732.75
35505.0,10438.99
34649.0,9738.92
33793.0,0.0
32937.0,10350.57
32081.0,9313.65
31225.0,9022.08
30369.0,9111.2
29513.0,9421.45
28657.0,9829.69
27801.0,0.0
26945.0,13552.96
26089.0,11687.19
25233.0,11023.78
24377.0,10595.81
23521.0,10342.42
22665.0,9912.09
21809.0,0.0
20953.0,10224.88
20097.0,9436.44
19241.0,8946.35
18385.0,8869.63
17529.0,9874.61
16673.0,10913.7
15817.0,0.0
14961.0,16316.62
14105.0,13093.43
13249.0,11795.3
12393.0,10988.61
11537.0,10722.91
10681.0,9850.61
9825.0,0.0
8969.0,10838.77
8113.0,9725.06
7257.0,9233.23
6401.0,9086.12
5545.0,9312.85
4689.0,9717.71
3833.0,0.0
2977.0,14059.01
2121.0,11820.71
1265.0,10746.44
409.0,10204.92
40642.0,8842.39
39786.0,0.0
38930.0,16158.77
38074.0,13104.36
37218.0,11934.64
36362.0,11545.52
35506.0,11539.86
34650.0,8001.66
33794.0,0.0
32938.0,10511.29
32082.0,9653.07
31226.0,9386.01
30370.0,9584.01
29514.0,9777.36
28658.0,7832.75
27802.0,0.0
26946.0,14556.44
26090.0,12549.67
25234.0,11722.33
24378.0,11390.57
23522.0,11046.24
22666.0,7659.64
21810.0,0.0
20954.0,9596.46
20098.0,8984.39
19242.0,8886.11
18386.0,8972.22
17530.0,10114.34
16674.0,8698.69
15818.0,0.0
14962.0,16548.33
14106.0,13692.01
13250.0,12269.4
12394.0,11609.75
11538.0,11323.33
10682.0,7757.63
9826.0,0.0
8970.0,10679.81
8114.0,9825.08
7258.0,9564.58
6402.0,9428.24
5546.0,9601.17
4690.0,7741.11
3834.0,0.0
2978.0,14763.17
2122.0,12298.08
1266.0,11092.51
410.0,10756.44
40643.0,7288.94
39787.0,0.0
38931.0,11434.9
38075.0,8354.91
37219.0,8057.01
36363.0,7677.56
35507.0,7973.54
34651.0,7315.35
33795.0,0.0
32939.0,7314.7
32083.0,6611.47
31227.0,6362.54
30371.0,6445.03
29515.0,7200.57
28659.0,8062.87
27803.0,0.0
26947.0,11553.42
26091.0,9368.32
25235.0,8717.49
24379.0,8154.26
23523.0,8185.38
22667.0,7269.27
21811.0,0.0
20955.0,6914.38
20099.0,6019.67
19243.0,5811.38
18387.0,6045.92
17531.0,7272.35
16675.0,8098.67
15819.0,0.0
14963.0,13857.82
14107.0,9651.41
13251.0,8473.31
12395.0,8031.0
11539.0,8199.53
10683.0,7297.91
9827.0,0.0
8971.0,7124.16
8115.0,6289.91
7259.0,6356.9
6403.0,6419.58
5547.0,6796.64
4691.0,7358.25
3835.0,0.0
2979.0,11835.49
2123.0,9272.41
1267.0,8392.18
411.0,8078.19
40644.0,5029.74
39788.0,0.0
38932.0,10878.21
38076.0,9115.93
37220.0,8286.29
36364.0,8101.84
35508.0,7759.8
34652.0,4917.24
33796.0,0.0
32940.0,7290.46
32084.0,6806.36
31228.0,6643.39
30372.0,6747.41
29516.0,7128.07
28660.0,4862.47
27804.0,0.0
26948.0,10570.95
26092.0,8843.99
25236.0,8333.17
24380.0,7999.9
23524.0,7804.32
22668.0,4491.86
21812.0,0.0
20956.0,6948.72
20100.0,6384.01
19244.0,6169.74
18388.0,6399.91
17532.0,7375.87
16676.0,5007.86
15820.0,0.0
14964.0,12386.46
14108.0,9969.81
13252.0,8918.44
12396.0,8349.07
11540.0,8036.16
10684.0,4674.35
9828.0,0.0
8972.0,7456.01
8116.0,6887.25
7260.0,6673.86
6404.0,6754.74
5548.0,6959.79
4692.0,4709.89
3836.0,0.0
2980.0,10684.71
2124.0,8607.69
1268.0,8105.53
412.0,7792.84
40645.0,5289.79
39789.0,0.0
38933.0,11525.28
38077.0,9935.9
37221.0,8958.98
36365.0,8675.41
35509.0,8674.13
34653.0,4901.58
33797.0,0.0
32941.0,7568.78
32085.0,7099.14
31229.0,6930.03
30373.0,6978.18
29517.0,7358.76
28661.0,5007.12
27805.0,0.0
26949.0,11140.17
26093.0,9279.4
25237.0,8751.01
24381.0,8343.71
23525.0,8240.92
22669.0,4567.58
21813.0,0.0
20957.0,7145.72
20101.0,6606.34
19245.0,6397.93
18389.0,6653.37
17533.0,8013.09
16677.0,5219.7
15821.0,0.0
14965.0,13122.39
14109.0,10215.85
13253.0,9121.28
12397.0,8625.04
11541.0,8588.8
10685.0,4850.27
9829.0,0.0
8973.0,7502.31
8117.0,7045.5
7261.0,6765.71
6405.0,6888.31
5549.0,7202.43
4693.0,4869.97
3837.0,0.0
2981.0,11049.86
2125.0,9060.9
1269.0,8349.71
413.0,8033.09
40646.0,5464.77
39790.0,0.0
38934.0,9045.91
38078.0,7360.76
37222.0,6799.98
36366.0,6658.08
35510.0,6423.17
34654.0,5076.55
33798.0,0.0
32942.0,5805.27
32086.0,5481.0
31230.0,5247.31
30374.0,5196.46
29518.0,5433.01
28662.0,4962.07
27806.0,0.0
26950.0,9037.41
26094.0,7537.08
25238.0,6823.79
24382.0,6587.32
23526.0,6388.55
22670.0,4913.56
21814.0,0.0
20958.0,5661.8
20102.0,5117.95
19246.0,4906.11
18390.0,5088.25
17534.0,5661.25
16678.0,5548.93
15822.0,0.0
14966.0,11027.31
14110.0,8192.19
13254.0,7179.6
12398.0,6845.41
11542.0,6606.58
10686.0,5076.47
9830.0,0.0
8974.0,5984.93
8118.0,5552.58
7262.0,5381.71
6406.0,5339.66
5550.0,5352.92
4694.0,5028.24
3838.0,0.0
2982.0,9177.68
2126.0,7588.5
1270.0,6832.25
414.0,6517.22
40647.0,2450.91
39791.0,0.0
38935.0,5468.46
38079.0,4501.8
37223.0,4098.87
36367.0,4007.99
35511.0,3886.17
34655.0,2277.86
33799.0,0.0
32943.0,3722.51
32087.0,3393.74
31231.0,3144.98
30375.0,3129.71
29519.0,3261.95
28663.0,2328.89
27807.0,0.0
26951.0,5433.56
26095.0,4546.77
25239.0,4095.14
24383.0,3909.6
23527.0,3762.92
22671.0,2169.4
21815.0,0.0
20959.0,3495.13
20103.0,3064.29
19247.0,2981.43
18391.0,2974.55
17535.0,3320.45
16679.0,2441.83
15823.0,0.0
14967.0,6192.77
14111.0,4993.57
13255.0,4569.29
12399.0,4223.06
11543.0,4042.47
10687.0,2341.1
9831.0,0.0
8975.0,3868.67
8119.0,3418.64
7263.0,3275.99
6407.0,3198.55
5551.0,3194.78
4695.0,2344.55
3839.0,0.0
2983.0,5518.37
2127.0,4569.81
1271.0,4101.42
415.0,3948.03
40648.0,13285.38
39792.0,0.0
38936.0,16180.57
38080.0,13814.27
37224.0,12268.89
36368.0,12131.19
35512.0,11980.39
34656.0,12253.59
33800.0,0.0
32944.0,11486.16
32088.0,10637.21
31232.0,9969.7
30376.0,10321.69
29520.0,10860.92
28664.0,0.0
27808.0,0.0
26952.0,15162.62
26096.0,13071.88
25240.0,12123.62
24384.0,11722.03
23528.0,11362.7
22672.0,11323.73
21816.0,0.0
20960.0,10440.4
20104.0,9774.31
19248.0,9299.63
18392.0,9628.08
17536.0,10616.25
16680.0,11905.24
15824.0,0.0
14968.0,18254.4
14112.0,14497.54
13256.0,12825.0
12400.0,12052.04
11544.0,11634.13
10688.0,11410.09
9832.0,0.0
8976.0,11284.68
8120.0,10366.2
7264.0,9909.81
6408.0,9895.88
5552.0,10126.33
4696.0,10739.63
3840.0,0.0
2984.0,16308.66
2128.0,13413.77
1272.0,12077.14
416.0,11495.73
40649.0,7480.94
39793.0,0.0
38937.0,10567.91
38081.0,8380.14
37225.0,7866.48
36369.0,7733.06
35513.0,7543.4
34657.0,6853.57
33801.0,0.0
32945.0,6975.87
32089.0,6263.98
31233.0,5931.52
30377.0,6023.84
29521.0,6255.25
28665.0,0.0
27809.0,0.0
26953.0,10236.37
26097.0,8361.47
25241.0,7459.83
24385.0,7179.1
23529.0,7037.71
22673.0,6415.28
21817.0,0.0
20961.0,6194.99
20105.0,5401.16
19249.0,5231.28
18393.0,5261.28
17537.0,6204.07
16681.0,6806.58
15825.0,0.0
14969.0,12942.03
14113.0,9145.17
13257.0,7876.98
12401.0,7615.09
11545.0,7480.33
10689.0,6591.36
9833.0,0.0
8977.0,6383.35
8121.0,5781.85
7265.0,5775.36
6409.0,5825.7
5553.0,5879.84
4697.0,6394.12
3841.0,0.0
2985.0,10582.35
2129.0,8149.06
1273.0,7307.17
417.0,7138.49
40650.0,5613.51
39794.0,0.0
38938.0,9612.46
38082.0,7766.98
37226.0,7170.94
36370.0,6887.08
35514.0,6711.42
34658.0,4964.26
33802.0,0.0
32946.0,6550.72
32090.0,5927.9
31234.0,5777.35
30378.0,5784.56
29522.0,5858.94
28666.0,5105.21
27810.0,0.0
26954.0,9253.18
26098.0,7689.2
25242.0,7117.84
24386.0,6786.65
23530.0,6694.02
22674.0,4998.37
21818.0,0.0
20962.0,6156.96
20106.0,5604.84
19250.0,5442.0
18394.0,5438.99
17538.0,6410.68
16682.0,5457.08
15826.0,0.0
14970.0,11218.85
14114.0,8603.21
13258.0,7608.83
12402.0,7188.5
11546.0,6904.22
10690.0,5046.83
9834.0,0.0
8978.0,6501.35
8122.0,5953.48
7266.0,5846.0
6410.0,5793.8
5554.0,5844.04
4698.0,5034.3
3842.0,0.0
2986.0,9263.49
2130.0,7522.01
1274.0,6839.85
418.0,6696.88
40651.0,5547.81
39795.0,0.0
38939.0,8841.66
38083.0,7060.75
37227.0,6594.28
36371.0,6415.52
35515.0,6336.45
34659.0,5380.05
33803.0,0.0
32947.0,5767.64
32091.0,5387.3
31235.0,5154.43
30379.0,5261.23
29523.0,5514.14
28667.0,0.0
27811.0,0.0
26955.0,8688.72
26099.0,7085.01
25243.0,6359.72
24387.0,6112.75
23531.0,5966.45
22675.0,5414.13
21819.0,0.0
20963.0,5422.96
20107.0,4921.66
19251.0,4664.52
18395.0,4939.36
17539.0,5422.49
16683.0,5339.5
15827.0,0.0
14971.0,10475.45
14115.0,8031.17
13259.0,7042.27
12403.0,6525.62
11547.0,6361.09
10691.0,5224.52
9835.0,0.0
8979.0,5900.23
8123.0,5406.54
7267.0,5190.27
6411.0,5179.07
5555.0,5308.25
4699.0,4837.16
3843.0,0.0
2987.0,8977.15
2131.0,7377.69
1275.0,6631.51
419.0,6329.17
40652.0,1454.11
39796.0,0.0
38940.0,4090.27
38084.0,3272.39
37228.0,3055.81
36372.0,2939.21
35516.0,2820.99
34660.0,1392.06
33804.0,0.0
32948.0,2360.31
32092.0,2240.74
31236.0,2423.69
30380.0,2208.05
29524.0,2185.11
28668.0,1422.62
27812.0,0.0
26956.0,4353.19
26100.0,3467.94
25244.0,3041.55
24388.0,2905.38
23532.0,2895.46
22676.0,1348.14
21820.0,0.0
20964.0,1896.11
20108.0,1792.95
19252.0,1891.63
18396.0,2061.49
17540.0,2119.45
16684.0,1378.19
15828.0,0.0
14972.0,5556.39
14116.0,3319.01
13260.0,3034.62
12404.0,2968.9
11548.0,2914.46
10692.0,1358.26
9836.0,0.0
8980.0,2169.26
8124.0,1903.56
7268.0,1979.4
6412.0,1988.27
5556.0,1995.56
4700.0,1368.58
3844.0,0.0
2988.0,4228.42
2132.0,3372.2
1276.0,3032.06
420.0,2992.06
40653.0,8251.24
39797.0,0.0
38941.0,15643.47
38085.0,12507.34
37229.0,11605.98
36373.0,11338.01
35517.0,11260.8
34661.0,7712.52
33805.0,0.0
32949.0,9833.83
32093.0,9192.78
31237.0,9071.66
30381.0,9366.52
29525.0,9622.44
28669.0,7626.98
27813.0,0.0
26957.0,14078.45
26101.0,12014.25
25245.0,11198.92
24389.0,10741.8
23533.0,10449.89
22677.0,7360.99
21821.0,0.0
20965.0,9049.65
20109.0,8436.13
19253.0,8230.71
18397.0,8457.6
17541.0,9847.49
16685.0,8355.33
15829.0,0.0
14973.0,16568.68
14117.0,13056.43
13261.0,11811.55
12405.0,11079.52
11549.0,10742.5
10693.0,7493.47
9837.0,0.0
8981.0,9647.98
8125.0,8952.72
7269.0,8640.82
6413.0,8647.86
5557.0,8974.53
4701.0,7324.1
3845.0,0.0
2989.0,14580.16
2133.0,11887.38
1277.0,10827.38
421.0,10358.1
40654.0,6044.48
39798.0,0.0
38942.0,9188.59
38086.0,7283.37
37230.0,7044.24
36374.0,6859.32
35518.0,6801.89
34662.0,5847.14
33806.0,0.0
32950.0,5785.78
32094.0,5234.84
31238.0,5220.3
30382.0,5320.96
29526.0,5788.31
28670.0,0.0
27814.0,0.0
26958.0,8799.49
26102.0,7028.8
25246.0,6536.28
24390.0,6444.63
23534.0,6460.52
22678.0,5838.2
21822.0,0.0
20966.0,5347.2
20110.0,4698.98
19254.0,4591.49
18398.0,4899.84
17542.0,5668.39
16686.0,5964.77
15830.0,0.0
14974.0,10581.5
14118.0,7857.87
13262.0,7068.27
12406.0,6820.11
11550.0,6665.27
10694.0,5752.08
9838.0,0.0
8982.0,5639.72
8126.0,5053.75
7270.0,5063.88
6414.0,5160.13
5558.0,5473.13
4702.0,5610.41
3846.0,0.0
2990.0,8907.26
2134.0,7048.79
1278.0,6483.93
422.0,6389.99
40655.0,4576.42
39799.0,0.0
38943.0,6933.84
38087.0,5393.51
37231.0,5147.98
36375.0,5079.5
35519.0,5067.17
34663.0,4317.34
33807.0,0.0
32951.0,4724.51
32095.0,4077.12
31239.0,4003.91
30383.0,3968.14
29527.0,4365.38
28671.0,4170.98
27815.0,0.0
26959.0,6767.42
26103.0,5400.88
25247.0,5011.2
24391.0,5003.5
23535.0,5109.65
22679.0,4124.35
21823.0,0.0
20967.0,4136.73
20111.0,3707.63
19255.0,3637.72
18399.0,3706.21
17543.0,4239.65
16687.0,4458.35
15831.0,0.0
14975.0,7655.27
14119.0,5986.53
13263.0,5384.43
12407.0,5175.57
11551.0,5099.44
10695.0,4264.43
9839.0,0.0
8983.0,4529.67
8127.0,3967.27
7271.0,3933.94
6415.0,3970.15
5559.0,4216.35
4703.0,4275.92
3847.0,0.0
2991.0,6546.68
2135.0,5340.57
1279.0,4959.96
423.0,4833.73
40656.0,3579.87
39800.0,0.0
38944.0,6428.38
38088.0,5191.71
37232.0,5051.11
36376.0,4941.3
35520.0,5011.62
34664.0,3433.77
33808.0,0.0
32952.0,4620.29
32096.0,4181.7
31240.0,4082.94
30384.0,4018.47
29528.0,4443.11
28672.0,3348.8
27816.0,0.0
26960.0,6207.55
26104.0,5263.89
25248.0,4911.66
24392.0,4802.92
23536.0,4844.09
22680.0,3202.19
21824.0,0.0
20968.0,4236.37
20112.0,3945.09
19256.0,3774.04
18400.0,3827.0
17544.0,4502.86
16688.0,3494.9
15832.0,0.0
14976.0,6863.18
14120.0,5740.07
13264.0,5251.01
12408.0,4964.0
11552.0,4994.96
10696.0,3276.67
9840.0,0.0
8984.0,4619.24
8128.0,4165.23
7272.0,4037.25
6416.0,4030.99
5560.0,4237.2
4704.0,3282.83
3848.0,0.0
2992.0,6147.11
2136.0,5253.68
1280.0,4788.68
424.0,4662.93
40657.0,5623.98
39801.0,0.0
38945.0,7441.51
38089.0,6037.39
37233.0,5678.97
36377.0,5531.74
35521.0,5496.47
34665.0,5102.18
33809.0,0.0
32953.0,4726.17
32097.0,4372.55
31241.0,4396.19
30385.0,4471.07
29529.0,4888.89
28673.0,4959.16
27817.0,0.0
26961.0,7358.36
26105.0,6021.03
25249.0,5610.42
24393.0,5455.86
23537.0,5504.06
22681.0,4922.29
21825.0,0.0
20969.0,4436.84
20113.0,4062.23
19257.0,4022.35
18401.0,4143.16
17545.0,4942.68
16689.0,5332.36
15833.0,0.0
14977.0,8378.41
14121.0,6684.2
13265.0,5999.39
12409.0,5792.48
11553.0,5725.46
10697.0,5120.02
9841.0,0.0
8985.0,4915.99
8129.0,4263.98
7273.0,4218.82
6417.0,4301.52
5561.0,4667.29
4705.0,5020.09
3849.0,0.0
2993.0,7009.42
2137.0,5751.37
1281.0,5377.63
425.0,5284.09
40658.0,5507.5
39802.0,0.0
38946.0,8740.72
38090.0,7427.08
37234.0,6726.68
36378.0,6579.22
35522.0,6821.66
34666.0,4814.97
33810.0,0.0
32954.0,6279.23
32098.0,5632.99
31242.0,5382.38
30386.0,5534.68
29530.0,5713.06
28674.0,4840.5
27818.0,0.0
26962.0,8679.1
26106.0,7310.58
25250.0,6708.99
24394.0,6456.04
23538.0,6449.41
22682.0,4558.68
21826.0,0.0
20970.0,6127.75
20114.0,5405.81
19258.0,5103.54
18402.0,5210.06
17546.0,6185.58
16690.0,5279.27
15834.0,0.0
14978.0,10213.3
14122.0,8126.34
13266.0,7296.28
12410.0,6846.2
11554.0,6747.1
10698.0,4803.39
9842.0,0.0
8986.0,6322.25
8130.0,5818.86
7274.0,5522.98
6418.0,5508.79
5562.0,5690.27
4706.0,4736.55
3850.0,0.0
2994.0,8705.76
2138.0,7133.71
1282.0,6558.22
426.0,6343.05
40659.0,4723.6
39803.0,0.0
38947.0,10737.3
38091.0,8763.29
37235.0,8075.88
36379.0,7731.13
35523.0,7402.62
34667.0,4031.37
33811.0,0.0
32955.0,7166.28
32099.0,6595.99
31243.0,6348.2
30387.0,6246.23
29531.0,6597.51
28675.0,4281.29
27819.0,0.0
26963.0,10834.74
26107.0,8949.6
25251.0,8124.58
24395.0,7608.24
23539.0,7287.92
22683.0,3917.08
21827.0,0.0
20971.0,6432.62
20115.0,5724.26
19259.0,5421.19
18403.0,5654.11
17547.0,6468.79
16691.0,4513.35
15835.0,0.0
14979.0,13328.73
14123.0,9477.46
13267.0,8149.22
12411.0,7545.23
11555.0,7461.37
10699.0,4062.77
9843.0,0.0
8987.0,6540.24
8131.0,6160.82
7275.0,6001.92
6419.0,6000.13
5563.0,6125.21
4707.0,4097.41
3851.0,0.0
2995.0,10979.3
2139.0,8722.21
1283.0,7821.54
427.0,7413.37
40660.0,10485.38
39804.0,0.0
38948.0,10363.04
38092.0,8615.86
37236.0,8026.45
36380.0,7873.49
35524.0,7947.2
34668.0,10011.32
33812.0,0.0
32956.0,7359.56
32100.0,6542.35
31244.0,6369.46
30388.0,6489.49
29532.0,6989.49
28676.0,9734.24
27820.0,0.0
26964.0,10917.87
26108.0,9240.18
25252.0,8617.99
24396.0,8236.69
23540.0,8172.77
22684.0,9775.87
21828.0,0.0
20972.0,7156.73
20116.0,6143.86
19260.0,5987.48
18404.0,6305.48
17548.0,7328.61
16692.0,10592.3
15836.0,0.0
14980.0,13731.18
14124.0,9752.32
13268.0,8780.72
12412.0,8350.85
11556.0,8344.63
10700.0,9684.96
9844.0,0.0
8988.0,7691.22
8132.0,6758.08
7276.0,6655.87
6420.0,6808.72
5564.0,7018.96
4708.0,9608.89
3852.0,0.0
2996.0,11478.85
2140.0,9316.14
1284.0,8512.16
428.0,8231.13
40661.0,5549.42
39805.0,0.0
38949.0,7922.7
38093.0,6457.82
37237.0,6224.2
36381.0,5817.0
35525.0,5774.65
34669.0,4867.41
33813.0,0.0
32957.0,5344.9
32101.0,4733.7
31245.0,4712.87
30389.0,4630.6
29533.0,4968.32
28677.0,5126.22
27821.0,0.0
26965.0,7872.84
26109.0,6485.97
25253.0,6032.48
24397.0,5700.84
23541.0,5754.59
22685.0,5082.08
21829.0,0.0
20973.0,5020.0
20117.0,4402.86
19261.0,4253.82
18405.0,4412.55
17549.0,5397.92
16693.0,5727.01
15837.0,0.0
14981.0,8756.44
14125.0,7073.7
13269.0,6318.78
12413.0,6050.31
11557.0,6040.74
10701.0,5242.19
9845.0,0.0
8989.0,5341.67
8133.0,4743.59
7277.0,4660.69
6421.0,4730.11
5565.0,5072.65
4709.0,5265.57
3853.0,0.0
2997.0,7658.47
2141.0,6214.34
1285.0,5772.7
429.0,5665.35
40662.0,5030.0
39806.0,0.0
38950.0,7172.27
38094.0,5717.44
37238.0,5286.85
36382.0,5268.65
35526.0,5218.31
34670.0,4678.08
33814.0,0.0
32958.0,4534.07
32102.0,4109.31
31246.0,3989.23
30390.0,4025.1
29534.0,4505.64
28678.0,0.0
27822.0,0.0
26966.0,7024.65
26110.0,5480.22
25254.0,4964.86
24398.0,4885.98
23542.0,4902.55
22686.0,4608.87
21830.0,0.0
20974.0,3919.83
20118.0,3551.1
19262.0,3530.13
18406.0,3663.71
17550.0,4310.99
16694.0,4699.18
15838.0,0.0
14982.0,8390.29
14126.0,6130.41
13270.0,5394.95
12414.0,5146.18
11558.0,5189.12
10702.0,4643.64
9846.0,0.0
8990.0,4406.31
8134.0,3862.24
7278.0,3820.52
6422.0,3908.12
5566.0,4120.8
4710.0,4318.39
3854.0,0.0
2998.0,7045.31
2142.0,5643.67
1286.0,5108.5
430.0,4983.2
40663.0,3021.03
39807.0,0.0
38951.0,5802.43
38095.0,4827.25
37239.0,4407.69
36383.0,4148.65
35527.0,4041.41
34671.0,2761.4
33815.0,0.0
32959.0,3906.27
32103.0,3550.92
31247.0,3503.28
30391.0,3374.29
29535.0,3445.52
28679.0,2900.68
27823.0,0.0
26967.0,5611.32
26111.0,4766.16
25255.0,4304.19
24399.0,4201.74
23543.0,4142.28
22687.0,2682.57
21831.0,0.0
20975.0,3585.4
20119.0,3335.8
19263.0,3203.92
18407.0,3206.35
17551.0,3793.26
16695.0,3033.63
15839.0,0.0
14983.0,6463.7
14127.0,5163.62
13271.0,4617.95
12415.0,4314.42
11559.0,4307.51
10703.0,2810.56
9847.0,0.0
8991.0,3858.63
8135.0,3517.04
7279.0,3448.78
6423.0,3347.54
5567.0,3449.42
4711.0,2768.5
3855.0,0.0
2999.0,5690.22
2143.0,4715.52
1287.0,4192.41
431.0,4029.01
40664.0,2777.83
39808.0,0.0
38952.0,4594.82
38096.0,3820.87
37240.0,3589.16
36384.0,3514.42
35528.0,3647.09
34672.0,2808.17
33816.0,0.0
32960.0,3285.25
32104.0,2999.26
31248.0,2951.23
30392.0,2947.74
29536.0,3032.01
28680.0,2674.52
27824.0,0.0
26968.0,4698.12
26112.0,3915.68
25256.0,3668.16
24400.0,3604.9
23544.0,3607.02
22688.0,2643.04
21832.0,0.0
20976.0,3088.74
20120.0,2839.38
19264.0,2772.7
18408.0,2930.9
17552.0,3345.75
16696.0,2782.38
15840.0,0.0
14984.0,5268.85
14128.0,4484.98
13272.0,4021.83
12416.0,3854.58
11560.0,3883.36
10704.0,2688.54
9848.0,0.0
8992.0,3335.12
8136.0,3027.02
7280.0,2882.72
6424.0,3024.1
5568.0,3046.62
4712.0,2670.42
3856.0,0.0
3000.0,4906.02
2144.0,4141.77
1288.0,3790.43
432.0,3637.06
40665.0,5117.08
39809.0,0.0
38953.0,9872.68
38097.0,7946.59
37241.0,7406.43
36385.0,7148.69
35529.0,7290.37
34673.0,4587.21
33817.0,0.0
32961.0,6378.05
32105.0,5760.64
31249.0,5773.35
30393.0,6058.0
29537.0,6397.65
28681.0,4679.68
27825.0,0.0
26969.0,9601.65
26113.0,7825.69
25257.0,7320.38
24401.0,7149.46
23545.0,7197.74
22689.0,4632.71
21833.0,0.0
20977.0,5853.87
20121.0,5366.02
19265.0,5192.39
18409.0,5378.9
17553.0,6602.5
16697.0,4956.44
15841.0,0.0
14985.0,10882.65
14129.0,8487.07
13273.0,7584.72
12417.0,7366.91
11561.0,7321.29
10705.0,4627.99
9849.0,0.0
8993.0,6181.1
8137.0,5548.01
7281.0,5592.29
6425.0,5734.06
5569.0,6170.22
4713.0,4614.67
3857.0,0.0
3001.0,9398.9
2145.0,7566.11
1289.0,6911.67
433.0,6925.66
40666.0,13652.68
39810.0,21048.91
38954.0,20942.34
38098.0,18046.89
37242.0,17321.79
36386.0,17699.63
35530.0,17793.22
34674.0,13117.14
33818.0,20551.51
32962.0,18215.5
32106.0,16053.12
31250.0,15651.13
30394.0,15962.42
29538.0,16638.0
28682.0,13055.51
27826.0,20752.77
26970.0,20370.4
26114.0,18365.59
25258.0,17252.07
24402.0,17241.93
23546.0,17315.17
22690.0,12812.45
21834.0,20574.19
20978.0,16859.42
20122.0,15470.24
19266.0,14634.91
18410.0,14984.53
17554.0,16357.79
16698.0,13779.05
15842.0,20408.49
14986.0,22485.67
14130.0,20414.67
13274.0,18715.99
12418.0,17992.62
11562.0,17842.52
10706.0,13240.67
9850.0,18486.94
8994.0,17018.69
8138.0,16039.33
7282.0,15713.39
6426.0,15327.06
5570.0,15580.33
4714.0,13117.04
3858.0,18348.96
3002.0,19275.83
2146.0,18352.17
1290.0,17138.23
434.0,16772.63
40667.0,3214.39
39811.0,0.0
38955.0,5802.4
38099.0,4849.08
37243.0,4481.84
36387.0,4511.69
35531.0,4262.71
34675.0,2861.56
33819.0,0.0
32963.0,3994.1
32107.0,3685.14
31251.0,3641.85
30395.0,3666.26
29539.0,3691.51
28683.0,3073.01
27827.0,0.0
26971.0,5783.71
26115.0,4925.69
25259.0,4524.11
24403.0,4434.36
23547.0,4304.24
22691.0,2724.07
21835.0,0.0
20979.0,3813.76
20123.0,3555.32
19267.0,3457.39
18411.0,3418.22
17555.0,4018.31
16699.0,3178.56
15843.0,0.0
14987.0,7053.79
14131.0,5438.41
13275.0,4883.22
12419.0,4724.92
11563.0,4562.75
10707.0,2781.02
9851.0,0.0
8995.0,3987.31
8139.0,3728.11
7283.0,3640.13
6427.0,3633.46
5571.0,3697.0
4715.0,2841.85
3859.0,0.0
3003.0,5990.71
2147.0,5039.42
1291.0,4530.23
435.0,4428.35
40668.0,6194.52
39812.0,0.0
38956.0,7910.19
38100.0,6307.78
37244.0,5965.58
36388.0,5966.2
35532.0,5937.67
34676.0,5536.29
33820.0,0.0
32964.0,5342.69
32108.0,4683.03
31252.0,4821.56
30396.0,5087.68
29540.0,5474.71
28684.0,5886.85
27828.0,0.0
26972.0,7805.83
26116.0,6302.43
25260.0,6030.76
24404.0,5931.48
23548.0,6152.75
22692.0,5652.6
21836.0,0.0
20980.0,5094.53
20124.0,4472.35
19268.0,4436.68
18412.0,4782.08
17556.0,5711.66
16700.0,6465.24
15844.0,0.0
14988.0,9350.13
14132.0,7056.49
13276.0,6280.29
12420.0,6214.28
11564.0,6283.39
10708.0,5749.45
9852.0,0.0
8996.0,5447.19
8140.0,4740.32
7284.0,4756.5
6428.0,4968.59
5572.0,5394.82
4716.0,6028.01
3860.0,0.0
3004.0,7842.3
2148.0,6320.8
1292.0,5936.91
436.0,5892.5
40669.0,5063.15
39813.0,0.0
38957.0,9272.83
38101.0,7591.47
37245.0,6936.63
36389.0,6466.79
35533.0,6491.94
34677.0,4613.1
33821.0,0.0
32965.0,5957.33
32109.0,5562.01
31253.0,5462.16
30397.0,5520.53
29541.0,5773.19
28685.0,4753.09
27829.0,0.0
26973.0,8737.4
26117.0,7284.05
25261.0,6798.23
24405.0,6467.39
23549.0,6413.68
22693.0,4520.6
21837.0,0.0
20981.0,5899.64
20125.0,5374.96
19269.0,5140.19
18413.0,5270.48
17557.0,6069.15
16701.0,5194.38
15845.0,0.0
14989.0,10210.67
14133.0,8193.78
13277.0,7293.4
12421.0,6856.16
11565.0,6596.78
10709.0,4783.84
9853.0,0.0
8997.0,5984.02
8141.0,5641.08
7285.0,5374.2
6429.0,5419.42
5573.0,5556.07
4717.0,4769.68
3861.0,0.0
3005.0,8672.53
2149.0,7192.92
1293.0,6650.64
437.0,6352.11
40670.0,3794.47
39814.0,0.0
38958.0,7382.51
38102.0,6117.59
37246.0,5620.27
36390.0,5444.07
35534.0,5557.51
34678.0,3622.85
33822.0,0.0
32966.0,4820.53
32110.0,4451.56
31254.0,4291.42
30398.0,4381.69
29542.0,4501.35
28686.0,3605.86
27830.0,0.0
26974.0,7311.71
26118.0,5974.55
25262.0,5424.05
24406.0,5305.65
23550.0,5290.57
22694.0,3383.32
21838.0,0.0
20982.0,4462.2
20126.0,4006.51
19270.0,3846.17
18414.0,4143.42
17558.0,4970.84
16702.0,3851.09
15846.0,0.0
14990.0,8682.59
14134.0,6594.04
13278.0,5838.31
12422.0,5653.2
11566.0,5644.82
10710.0,3491.16
9854.0,0.0
8998.0,4903.35
8142.0,4391.76
7286.0,4228.33
6430.0,4318.53
5574.0,4598.37
4718.0,3488.45
3862.0,0.0
3006.0,7356.56
2150.0,6020.13
1294.0,5439.63
438.0,5223.4
40671.0,3148.23
39815.0,0.0
38959.0,7374.64
38103.0,5884.65
37247.0,5647.46
36391.0,5360.01
35535.0,5424.19
34679.0,2888.03
33823.0,0.0
32967.0,4520.72
32111.0,4078.26
31255.0,4068.72
30399.0,4198.21
29543.0,4349.26
28687.0,2968.95
27831.0,0.0
26975.0,6981.14
26119.0,5671.41
25263.0,5280.45
24407.0,5156.36
23551.0,5248.04
22695.0,2758.98
21839.0,0.0
20983.0,4000.81
20127.0,3744.08
19271.0,3755.91
18415.0,3939.75
17559.0,4892.71
16703.0,3195.24
15847.0,0.0
14991.0,8022.7
14135.0,6255.95
13279.0,5625.47
12423.0,5381.25
11567.0,5366.38
10711.0,2930.58
9855.0,0.0
8999.0,4325.75
8143.0,3937.9
7287.0,3934.74
6431.0,3990.99
5575.0,4323.93
4719.0,3035.81
3863.0,0.0
3007.0,6952.21
2151.0,5727.08
1295.0,5200.53
439.0,5030.5
40672.0,6195.45
39816.0,0.0
38960.0,7716.93
38104.0,6013.04
37248.0,5702.21
36392.0,5619.57
35536.0,5701.25
34680.0,5795.17
33824.0,0.0
32968.0,5138.98
32112.0,4506.33
31256.0,4436.4
30400.0,4533.96
29544.0,5018.62
28688.0,5452.93
27832.0,0.0
26976.0,7569.54
26120.0,6143.38
25264.0,5743.08
24408.0,5620.64
23552.0,5698.71
22696.0,5536.2
21840.0,0.0
20984.0,4693.88
20128.0,4160.39
19272.0,4070.6
18416.0,4299.81
17560.0,5198.47
16704.0,5936.41
15848.0,0.0
14992.0,9213.84
14136.0,6757.15
13280.0,6049.07
12424.0,5911.22
11568.0,6041.37
10712.0,5675.47
9856.0,0.0
9000.0,5108.12
8144.0,4457.88
7288.0,4376.06
6432.0,4565.08
5576.0,5085.69
4720.0,5525.94
3864.0,0.0
3008.0,7728.02
2152.0,6180.19
1296.0,5678.52
440.0,5663.42
40673.0,2668.33
39817.0,0.0
38961.0,5468.9
38105.0,4521.25
37249.0,4233.76
36393.0,4106.39
35537.0,3972.71
34681.0,2374.56
33825.0,0.0
32969.0,3719.72
32113.0,3410.1
31257.0,3297.86
30401.0,3276.61
29545.0,3549.31
28689.0,2425.88
27833.0,0.0
26977.0,5534.82
26121.0,4697.63
25265.0,4271.01
24409.0,4143.37
23553.0,4048.76
22697.0,2270.27
21841.0,0.0
20985.0,3535.91
20129.0,3244.04
19273.0,3137.17
18417.0,3149.55
17561.0,3832.83
16705.0,2580.92
15849.0,0.0
14993.0,6352.39
14137.0,4985.41
13281.0,4595.3
12425.0,4290.9
11569.0,4231.0
10713.0,2398.88
9857.0,0.0
9001.0,3731.14
8145.0,3413.07
7289.0,3299.44
6433.0,3272.27
5577.0,3408.1
4721.0,2393.77
3865.0,0.0
3009.0,5639.39
2153.0,4687.98
1297.0,4186.19
441.0,3988.26
40674.0,10265.79
39818.0,0.0
38962.0,11865.85
38106.0,9539.09
37250.0,8594.48
36394.0,8635.48
35538.0,8577.37
34682.0,10134.29
33826.0,0.0
32970.0,7699.58
32114.0,7031.0
31258.0,6701.02
30402.0,6897.47
29546.0,7735.45
28690.0,0.0
27834.0,0.0
26978.0,11622.14
26122.0,9377.55
25266.0,8271.39
24410.0,8126.94
23554.0,7962.89
22698.0,8644.05
21842.0,0.0
20986.0,7005.43
20130.0,6168.81
19274.0,5924.18
18418.0,6225.08
17562.0,7322.2
16706.0,8383.31
15850.0,0.0
14994.0,13596.49
14138.0,9853.64
13282.0,8745.69
12426.0,8339.82
11570.0,8185.26
10714.0,8581.65
9858.0,0.0
9002.0,7470.22
8146.0,6669.63
7290.0,6636.02
6434.0,6782.39
5578.0,7119.29
4722.0,7773.43
3866.0,0.0
3010.0,11809.76
2154.0,9191.7
1298.0,8364.21
442.0,8128.8
40675.0,5402.85
39819.0,0.0
38963.0,9426.93
38107.0,7363.53
37251.0,6916.87
36395.0,6916.24
35539.0,7079.48
34683.0,5269.54
33827.0,0.0
32971.0,5963.43
32115.0,5263.2
31259.0,5339.46
30403.0,5621.67
29547.0,6164.11
28691.0,5181.52
27835.0,0.0
26979.0,9236.64
26123.0,7364.16
25267.0,6929.91
24411.0,6774.74
23555.0,7011.37
22699.0,5096.41
21843.0,0.0
20987.0,5816.23
20131.0,5054.45
19275.0,4947.14
18419.0,5302.33
17563.0,6387.72
16707.0,5518.21
15851.0,0.0
14995.0,11565.66
14139.0,8145.81
13283.0,7241.52
12427.0,7105.29
11571.0,7199.69
10715.0,5202.8
9859.0,0.0
9003.0,5869.49
8147.0,5244.63
7291.0,5186.22
6435.0,5497.74
5579.0,5978.61
4723.0,5201.54
3867.0,0.0
3011.0,9453.22
2155.0,7311.71
1299.0,6785.0
443.0,6758.24
40676.0,2981.48
39820.0,0.0
38964.0,5475.07
38108.0,4529.04
37252.0,4218.0
36396.0,4044.25
35540.0,4061.83
34684.0,2641.4
33828.0,0.0
32972.0,3775.57
32116.0,3522.07
31260.0,3326.11
30404.0,3268.48
29548.0,3410.77
28692.0,0.0
27836.0,0.0
26980.0,5634.32
26124.0,4691.42
25268.0,4216.79
24412.0,4050.19
23556.0,4018.38
22700.0,2712.74
21844.0,0.0
20988.0,3368.27
20132.0,3073.05
19276.0,3004.02
18420.0,3038.31
17564.0,3438.75
16708.0,3026.77
15852.0,0.0
14996.0,6460.38
14140.0,4824.45
13284.0,4345.41
12428.0,4224.87
11572.0,4140.79
10716.0,2689.56
9860.0,0.0
9004.0,3684.39
8148.0,3345.63
7292.0,3265.95
6436.0,3209.28
5580.0,3221.31
4724.0,2725.28
3868.0,0.0
3012.0,5723.13
2156.0,4682.75
1300.0,4167.56
444.0,4052.71
40677.0,8849.76
39821.0,0.0
38965.0,13592.63
38109.0,11078.02
37253.0,10476.82
36397.0,10186.71
35541.0,9931.98
34685.0,8112.09
33829.0,0.0
32973.0,9189.94
32117.0,8013.6
31261.0,7987.05
30405.0,8075.95
29549.0,8508.26
28693.0,8009.39
27837.0,0.0
26981.0,13250.13
26125.0,10978.2
25269.0,10069.86
24413.0,9717.44
23557.0,9749.37
22701.0,7719.5
21845.0,0.0
20989.0,8555.94
20133.0,7429.85
19277.0,7086.62
18421.0,7343.57
17565.0,8247.85
16709.0,8814.77
15853.0,0.0
14997.0,14782.3
14141.0,11551.45
13285.0,10604.59
12429.0,10092.73
11573.0,9868.94
10717.0,8010.1
9861.0,0.0
9005.0,8748.21
8149.0,7734.41
7293.0,7605.6
6437.0,7794.59
5581.0,8041.23
4725.0,8106.34
3869.0,0.0
3013.0,12835.27
2157.0,10550.41
1301.0,9513.53
445.0,9346.08
40678.0,2521.12
39822.0,0.0
38966.0,8267.43
38110.0,6415.18
37254.0,5936.56
36398.0,5816.07
35542.0,5617.13
34686.0,2198.92
33830.0,0.0
32974.0,5222.08
32118.0,4764.17
31262.0,4475.89
30406.0,4265.78
29550.0,4506.46
28694.0,1995.74
27838.0,0.0
26982.0,8129.44
26126.0,6542.8
25270.0,5712.92
24414.0,5448.74
23558.0,5338.26
22702.0,2069.94
21846.0,0.0
20990.0,4585.39
20134.0,4149.46
19278.0,3869.04
18422.0,3999.56
17566.0,4590.58
16710.0,2344.09
15854.0,0.0
14998.0,9883.47
14142.0,7139.8
13286.0,6083.48
12430.0,5626.64
11574.0,5546.31
10718.0,2157.88
9862.0,0.0
9006.0,4743.78
8150.0,4352.11
7294.0,4247.5
6438.0,4129.55
5582.0,4182.62
4726.0,2128.33
3870.0,0.0
3014.0,8254.85
2158.0,6603.08
1302.0,5737.21
446.0,5350.45
40679.0,4846.34
39823.0,0.0
38967.0,7076.88
38111.0,5769.23
37255.0,5295.97
36399.0,5181.1
35543.0,5411.45
34687.0,4150.02
33831.0,0.0
32975.0,4712.72
32119.0,4337.75
31263.0,4163.66
30407.0,4067.56
29551.0,4427.62
28695.0,4287.22
27839.0,0.0
26983.0,6890.6
26127.0,5757.16
25271.0,5311.94
24415.0,5221.84
23559.0,5265.75
22703.0,4071.09
21847.0,0.0
20991.0,4451.44
20135.0,4031.7
19279.0,3887.22
18423.0,3928.39
17567.0,4659.55
16711.0,4779.85
15855.0,0.0
14999.0,8255.7
14143.0,6336.03
13287.0,5622.63
12431.0,5450.81
11575.0,5580.87
10719.0,4193.98
9863.0,0.0
9007.0,4848.15
8151.0,4311.71
7295.0,4176.83
6439.0,4158.71
5583.0,4407.64
4727.0,4236.13
3871.0,0.0
3015.0,7021.07
2159.0,5790.76
1303.0,5255.84
447.0,5148.25
40680.0,11381.39
39824.0,7900.62
38968.0,14682.61
38112.0,12613.74
37256.0,12284.15
36400.0,12128.72
35544.0,11459.0
34688.0,10536.5
33832.0,7811.24
32976.0,12897.26
32120.0,10569.73
31264.0,10346.67
30408.0,10706.05
29552.0,10717.83
28696.0,10852.31
27840.0,7726.92
26984.0,15293.14
26128.0,13477.05
25272.0,13006.1
24416.0,12575.18
23560.0,12391.98
22704.0,10621.7
21848.0,7517.05
20992.0,12168.25
20136.0,10376.12
19280.0,10222.95
18424.0,10516.89
17568.0,11172.9
16712.0,11351.9
15856.0,8278.77
15000.0,15962.12
14144.0,13872.49
13288.0,13457.2
12432.0,13049.62
11576.0,12692.7
10720.0,10757.25
9864.0,7555.75
9008.0,11411.25
8152.0,10551.08
7296.0,10480.6
6440.0,10792.22
5584.0,11143.24
4728.0,10968.22
3872.0,8051.49
3016.0,14858.08
2160.0,13064.86
1304.0,12314.22
448.0,12323.8
40681.0,7699.76
39825.0,0.0
38969.0,10958.61
38113.0,8618.18
37257.0,8296.05
36401.0,8028.04
35545.0,7886.22
34689.0,6872.01
33833.0,0.0
32977.0,7164.26
32121.0,6522.81
31265.0,6349.8
30409.0,6499.83
29553.0,6851.03
28697.0,7033.68
27841.0,0.0
26985.0,10691.97
26129.0,8716.06
25273.0,8187.82
24417.0,7999.8
23561.0,7956.5
22705.0,6856.27
21849.0,0.0
20993.0,6917.98
20137.0,6230.87
19281.0,6052.81
18425.0,6347.86
17569.0,7352.48
16713.0,7450.76
15857.0,0.0
15001.0,12147.96
14145.0,9648.12
13289.0,8692.58
12433.0,8320.15
11577.0,8170.66
10721.0,6806.28
9865.0,0.0
9009.0,7237.97
8153.0,6410.23
7297.0,6308.76
6441.0,6487.43
5585.0,6837.27
4729.0,6726.5
3873.0,0.0
3017.0,10530.61
2161.0,8499.58
1305.0,7918.88
449.0,7737.99
40682.0,8466.64
39826.0,0.0
38970.0,13372.93
38114.0,11093.9
37258.0,10438.58
36402.0,9778.56
35546.0,9706.93
34690.0,8441.31
33834.0,0.0
32978.0,9258.16
32122.0,8475.72
31266.0,8056.69
30410.0,8043.19
29554.0,8384.73
28698.0,7963.98
27842.0,0.0
26986.0,13122.55
26130.0,11284.52
25274.0,10262.8
24418.0,9614.27
23562.0,9334.32
22706.0,7838.56
21850.0,0.0
20994.0,8975.01
20138.0,8263.54
19282.0,7778.69
18426.0,7759.74
17570.0,8525.03
16714.0,9057.27
15858.0,0.0
15002.0,14962.08
14146.0,12312.35
13290.0,11079.2
12434.0,10414.84
11578.0,9889.49
10722.0,8202.76
9866.0,0.0
9010.0,9539.83
8154.0,8775.0
7298.0,8247.27
6442.0,8182.85
5586.0,8202.78
4730.0,8225.21
3874.0,0.0
3018.0,13069.97
2162.0,11059.47
1306.0,9980.82
450.0,9499.56
40683.0,2578.05
39827.0,0.0
38971.0,7957.87
38115.0,6284.51
37259.0,5547.6
36403.0,5425.71
35547.0,5144.2
34691.0,2333.23
33835.0,0.0
32979.0,4965.27
32123.0,4609.99
31267.0,4350.08
30411.0,4293.99
29555.0,4517.16
28699.0,2347.73
27843.0,0.0
26987.0,7552.23
26131.0,6114.18
25275.0,5381.99
24419.0,5246.43
23563.0,5139.53
22707.0,2261.25
21851.0,0.0
20995.0,4513.05
20139.0,4087.78
19283.0,3887.24
18427.0,3927.06
17571.0,4402.2
16715.0,2505.11
15859.0,0.0
15003.0,8228.49
14147.0,6543.63
13291.0,5761.45
12435.0,5382.21
11579.0,5162.15
10723.0,2283.97
9867.0,0.0
9011.0,4869.74
8155.0,4334.38
7299.0,4213.0
6443.0,4179.01
5587.0,4270.89
4731.0,2343.65
3875.0,0.0
3019.0,7267.62
2163.0,5946.14
1307.0,5329.51
451.0,5064.4
40684.0,4446.97
39828.0,0.0
38972.0,9139.38
38116.0,7490.53
37260.0,6733.1
36404.0,6386.26
35548.0,6169.39
34692.0,3967.43
33836.0,0.0
32980.0,5749.54
32124.0,5445.17
31268.0,5149.44
30412.0,5067.64
29556.0,5132.9
28700.0,3897.67
27844.0,0.0
26988.0,8671.72
26132.0,7374.81
25276.0,6657.83
24420.0,6234.11
23564.0,6030.33
22708.0,3771.69
21852.0,0.0
20996.0,5274.49
20140.0,4975.34
19284.0,4640.61
18428.0,4766.78
17572.0,5251.82
16716.0,4117.06
15860.0,0.0
15004.0,9863.04
14148.0,7993.8
13292.0,6916.26
12436.0,6526.48
11580.0,6202.25
10724.0,3889.62
9868.0,0.0
9012.0,5655.35
8156.0,5157.58
7300.0,4954.26
6444.0,4981.93
5588.0,5031.05
4732.0,3845.06
3876.0,0.0
3020.0,8346.24
2164.0,7005.98
1308.0,6210.09
452.0,5973.84
40685.0,5107.44
39829.0,0.0
38973.0,7173.85
38117.0,5774.79
37261.0,5512.74
36405.0,5421.75
35549.0,5491.41
34693.0,4627.51
33837.0,0.0
32981.0,4423.21
32125.0,4011.69
31269.0,3998.7
30413.0,4076.62
29557.0,4514.75
28701.0,4434.83
27845.0,0.0
26989.0,7246.49
26133.0,5833.79
25277.0,5364.9
24421.0,5299.16
23565.0,5397.11
22709.0,4265.22
21853.0,0.0
20997.0,4109.72
20141.0,3600.57
19285.0,3589.75
18429.0,3733.42
17573.0,4507.72
16717.0,4909.17
15861.0,0.0
15005.0,8458.89
14149.0,6268.32
13293.0,5534.2
12437.0,5364.74
11581.0,5483.17
10725.0,4602.98
9869.0,0.0
9013.0,4297.29
8157.0,3876.15
7301.0,3904.19
6445.0,3991.08
5589.0,4305.89
4733.0,4578.57
3877.0,0.0
3021.0,7223.68
2165.0,5889.6
1309.0,5335.02
453.0,5146.49
40686.0,4035.42
39830.0,0.0
38974.0,7041.2
38118.0,5649.81
37262.0,5356.21
36406.0,5449.99
35550.0,5450.75
34694.0,3642.64
33838.0,0.0
32982.0,4589.6
32126.0,4158.09
31270.0,4053.39
30414.0,4129.78
29558.0,4339.0
28702.0,3815.76
27846.0,0.0
26990.0,6719.05
26134.0,5514.63
25278.0,5150.62
24422.0,5103.9
23566.0,5188.39
22710.0,3543.94
21854.0,0.0
20998.0,4280.72
20142.0,3895.12
19286.0,3768.23
18430.0,3835.0
17574.0,4561.86
16718.0,4027.11
15862.0,0.0
15006.0,7806.15
14150.0,6152.2
13294.0,5534.16
12438.0,5290.19
11582.0,5267.62
10726.0,3780.14
9870.0,0.0
9014.0,4561.59
8158.0,3983.86
7302.0,3942.1
6446.0,3988.55
5590.0,4262.05
4734.0,3817.81
3878.0,0.0
3022.0,6527.98
2166.0,5446.54
1310.0,5021.81
454.0,4912.41
40687.0,13904.5
39831.0,0.0
38975.0,19391.3
38119.0,17044.51
37263.0,16677.26
36407.0,15296.99
35551.0,14920.23
34695.0,13677.15
33839.0,0.0
32983.0,14362.63
32127.0,12878.51
31271.0,13501.05
30415.0,12939.07
29559.0,13262.58
28703.0,14101.54
27847.0,0.0
26991.0,18758.42
26135.0,16202.37
25279.0,15338.52
24423.0,14606.65
23567.0,14013.37
22711.0,13315.67
21855.0,0.0
20999.0,13841.5
20143.0,12381.59
19287.0,12106.41
18431.0,12248.63
17575.0,13230.67
16719.0,14549.08
15863.0,0.0
15007.0,21470.38
14151.0,18360.91
13295.0,16749.51
12439.0,15881.1
11583.0,14844.41
10727.0,14112.59
9871.0,0.0
9015.0,14495.37
8159.0,13084.51
7303.0,12536.37
6447.0,12584.83
5591.0,12464.48
4735.0,14038.2
3879.0,0.0
3023.0,19120.76
2167.0,16763.74
1311.0,15291.35
455.0,14150.5
40688.0,11427.09
39832.0,0.0
38976.0,15242.61
38120.0,11897.98
37264.0,11070.49
36408.0,10852.9
35552.0,10513.8
34696.0,11447.42
33840.0,0.0
32984.0,9813.1
32128.0,8914.28
31272.0,8754.04
30416.0,8967.41
29560.0,9135.11
28704.0,0.0
27848.0,0.0
26992.0,14101.77
26136.0,11785.47
25280.0,10814.29
24424.0,10352.71
23568.0,10074.07
22712.0,9481.45
21856.0,0.0
21000.0,8947.96
20144.0,8027.75
19288.0,7662.27
18432.0,7907.1
17576.0,8825.94
16720.0,9871.04
15864.0,0.0
15008.0,18208.09
14152.0,12701.17
13296.0,11435.58
12440.0,10778.33
11584.0,10238.53
10728.0,9767.22
9872.0,0.0
9016.0,9446.84
8160.0,8478.99
7304.0,8250.19
6448.0,8358.14
5592.0,8506.68
4736.0,9225.27
3880.0,0.0
3024.0,15090.22
2168.0,11927.02
1312.0,10610.79
456.0,10127.6
40689.0,5634.74
39833.0,0.0
38977.0,8900.81
38121.0,7183.95
37265.0,6641.16
36409.0,6725.49
35553.0,6946.81
34697.0,5001.46
33841.0,0.0
32985.0,5933.43
32129.0,5279.66
31273.0,5229.18
30417.0,5391.53
29561.0,6015.73
28705.0,5192.61
27849.0,0.0
26993.0,8627.63
26137.0,7016.53
25281.0,6552.87
24425.0,6598.68
23569.0,6725.48
22713.0,5131.34
21857.0,0.0
21001.0,5706.68
20145.0,5048.48
19289.0,4813.08
18433.0,5122.75
17577.0,5880.78
16721.0,5732.59
15865.0,0.0
15009.0,9570.99
14153.0,7611.57
13297.0,7009.45
12441.0,6788.12
11585.0,6811.62
10729.0,5213.46
9873.0,0.0
9017.0,5810.73
8161.0,5200.46
7305.0,5079.68
6449.0,5262.59
5593.0,5634.91
4737.0,5289.68
3881.0,0.0
3025.0,8385.3
2169.0,6693.67
1313.0,6280.75
457.0,6234.25
40690.0,3215.36
39834.0,0.0
38978.0,8089.22
38122.0,6828.96
37266.0,6259.31
36410.0,5871.93
35554.0,5688.72
34698.0,2875.53
33842.0,0.0
32986.0,5010.82
32130.0,4729.31
31274.0,4597.31
30418.0,4588.65
29562.0,4498.58
28706.0,2905.77
27850.0,0.0
26994.0,7507.36
26138.0,6426.93
25282.0,5824.86
24426.0,5545.03
23570.0,5310.68
22714.0,2738.96
21858.0,0.0
21002.0,4528.63
20146.0,4275.15
19290.0,4057.34
18434.0,4144.67
17578.0,4844.5
16722.0,3049.55
15866.0,0.0
15010.0,8689.0
14154.0,7006.31
13298.0,6110.56
12442.0,5695.78
11586.0,5577.86
10730.0,2807.57
9874.0,0.0
9018.0,4879.97
8162.0,4491.9
7306.0,4325.26
6450.0,4310.59
5594.0,4511.07
4738.0,2789.6
3882.0,0.0
3026.0,7440.2
2170.0,6169.54
1314.0,5538.86
458.0,5234.98
40691.0,6421.89
39835.0,0.0
38979.0,7386.11
38123.0,5856.25
37267.0,5677.98
36411.0,5556.5
35555.0,5737.9
34699.0,5861.93
33843.0,0.0
32987.0,5028.89
32131.0,4471.36
31275.0,4471.38
30419.0,4581.6
29563.0,4834.28
28707.0,5816.44
27851.0,0.0
26995.0,7430.87
26139.0,6025.63
25283.0,5701.39
24427.0,5603.42
23571.0,5751.02
22715.0,5929.58
21859.0,0.0
21003.0,4732.17
20147.0,4157.19
19291.0,4100.66
18435.0,4331.25
17579.0,5251.61
16723.0,6493.53
15867.0,0.0
15011.0,9041.16
14155.0,6653.48
13299.0,5955.0
12443.0,5916.03
11587.0,6035.2
10731.0,5889.03
9875.0,0.0
9019.0,5179.89
8163.0,4464.79
7307.0,4489.39
6451.0,4640.45
5595.0,4962.46
4739.0,5898.67
3883.0,0.0
3027.0,7616.4
2171.0,6117.89
1315.0,5636.63
459.0,5652.88
40692.0,5159.85
39836.0,0.0
38980.0,8572.42
38124.0,7046.91
37268.0,6440.14
36412.0,6162.57
35556.0,6361.39
34700.0,4489.47
33844.0,0.0
32988.0,5706.63
32132.0,5327.18
31276.0,5134.72
30420.0,5281.89
29564.0,5569.89
28708.0,4525.56
27852.0,0.0
26996.0,8560.17
26140.0,7234.48
25284.0,6633.39
24428.0,6266.32
23572.0,6328.96
22716.0,4405.57
21860.0,0.0
21004.0,5514.22
20148.0,5102.02
19292.0,4818.35
18436.0,5034.68
17580.0,5807.27
16724.0,5014.37
15868.0,0.0
15012.0,10164.31
14156.0,7797.54
13300.0,6783.38
12444.0,6499.28
11588.0,6436.94
10732.0,4570.48
9876.0,0.0
9020.0,5942.89
8164.0,5444.09
7308.0,5270.01
6452.0,5251.11
5596.0,5403.36
4740.0,4654.28
3884.0,0.0
3028.0,8653.9
2172.0,7108.86
1316.0,6488.49
460.0,6229.47
40693.0,2624.97
39837.0,0.0
38981.0,5743.96
38125.0,4792.52
37269.0,4487.72
36413.0,4592.59
35557.0,4261.36
34701.0,2320.4
33845.0,0.0
32989.0,3988.03
32133.0,3602.58
31277.0,3571.33
30421.0,3719.43
29565.0,3834.5
28709.0,2409.86
27853.0,0.0
26997.0,5682.46
26141.0,4781.72
25285.0,4477.54
24429.0,4447.81
23573.0,4296.82
22717.0,2172.43
21861.0,0.0
21005.0,3792.22
20149.0,3493.73
19293.0,3371.09
18437.0,3437.41
17581.0,4030.34
16725.0,2476.24
15869.0,0.0
15013.0,6430.04
14157.0,5255.05
13301.0,4675.18
12445.0,4491.76
11589.0,4376.54
10733.0,2310.73
9877.0,0.0
9021.0,4045.49
8165.0,3684.43
7309.0,3609.64
6453.0,3685.68
5597.0,3763.75
4741.0,2341.14
3885.0,0.0
3029.0,5776.29
2173.0,4855.5
1317.0,4350.74
461.0,4284.22
40694.0,7545.47
39838.0,0.0
38982.0,14238.08
38126.0,11612.74
37270.0,10727.44
36414.0,11074.32
35558.0,10373.78
34702.0,6643.91
33846.0,0.0
32990.0,9858.34
32134.0,9045.19
31278.0,8397.13
30422.0,9080.32
29566.0,8518.38
28710.0,6985.73
27854.0,0.0
26998.0,13676.9
26142.0,11495.08
25286.0,10355.03
24430.0,10453.54
23574.0,9558.97
22718.0,6432.98
21862.0,0.0
21006.0,9379.36
20150.0,8636.88
19294.0,7879.08
18438.0,8220.36
17582.0,8421.82
16726.0,7077.13
15870.0,0.0
15014.0,15481.31
14158.0,12373.49
13302.0,10884.08
12446.0,10634.45
11590.0,9859.14
10734.0,6543.54
9878.0,0.0
9022.0,9362.88
8166.0,8720.97
7310.0,8112.44
6454.0,8380.94
5598.0,8106.34
4742.0,6543.52
3886.0,0.0
3030.0,13540.38
2174.0,11149.67
1318.0,9747.2
462.0,9897.77
40695.0,4963.24
39839.0,0.0
38983.0,7825.28
38127.0,6581.07
37271.0,6097.25
36415.0,5804.99
35559.0,5580.98
34703.0,4554.89
33847.0,0.0
32991.0,5141.12
32135.0,4814.22
31279.0,4551.84
30423.0,4561.39
29567.0,4519.4
28711.0,4714.2
27855.0,0.0
26999.0,7761.57
26143.0,6518.87
25287.0,5970.14
24431.0,5783.13
23575.0,5570.77
22719.0,4545.22
21863.0,0.0
21007.0,4756.09
20151.0,4388.63
19295.0,4144.82
18439.0,4301.33
17583.0,4857.3
16727.0,5039.26
15871.0,0.0
15015.0,9281.73
14159.0,7323.66
13303.0,6440.14
12447.0,6084.54
11591.0,5940.82
10735.0,4630.12
9879.0,0.0
9023.0,5258.6
8167.0,4747.86
7311.0,4567.23
6455.0,4613.97
5599.0,4705.12
4743.0,4634.51
3887.0,0.0
3031.0,7924.14
2175.0,6541.26
1319.0,5907.06
463.0,5791.88
40696.0,6210.56
39840.0,0.0
38984.0,8304.81
38128.0,6795.49
37272.0,6170.84
36416.0,6055.71
35560.0,5906.83
34704.0,5622.78
33848.0,0.0
32992.0,5528.92
32136.0,4994.09
31280.0,4746.28
30424.0,4841.12
29568.0,5164.81
28712.0,0.0
27856.0,0.0
27000.0,8047.32
26144.0,6608.51
25288.0,5857.99
24432.0,5630.45
23576.0,5514.16
22720.0,5668.47
21864.0,0.0
21008.0,5005.58
20152.0,4392.64
19296.0,4142.75
18440.0,4356.9
17584.0,5122.95
16728.0,5662.96
15872.0,0.0
15016.0,9592.18
14160.0,7330.14
13304.0,6333.93
12448.0,6012.42
11592.0,5923.96
10736.0,5631.88
9880.0,0.0
9024.0,5340.5
8168.0,4692.84
7312.0,4575.09
6456.0,4608.69
5600.0,4879.8
4744.0,5210.07
3888.0,0.0
3032.0,8181.47
2176.0,6565.67
1320.0,5963.29
464.0,5770.72
40697.0,7402.26
39841.0,0.0
38985.0,10631.2
38129.0,8642.38
37273.0,8646.35
36417.0,8498.93
35561.0,8543.56
34705.0,6570.21
33849.0,0.0
32993.0,6990.83
32137.0,6396.06
31281.0,6311.59
30425.0,6513.23
29569.0,7007.8
28713.0,6808.68
27857.0,0.0
27001.0,10485.37
26145.0,8675.0
25289.0,8370.08
24433.0,8218.42
23577.0,8279.1
22721.0,6528.17
21865.0,0.0
21009.0,6743.89
20153.0,5924.59
19297.0,5840.52
18441.0,6306.92
17585.0,7369.98
16729.0,7092.19
15873.0,0.0
15017.0,12148.79
14161.0,9257.25
13305.0,8454.76
12449.0,8348.1
11593.0,8427.57
10737.0,6650.23
9881.0,0.0
9025.0,6947.84
8169.0,6199.79
7313.0,6243.76
6457.0,6471.38
5601.0,6972.69
4745.0,6648.39
3889.0,0.0
3033.0,10443.58
2177.0,8388.13
1321.0,7867.29
465.0,7820.02
40698.0,5102.45
39842.0,0.0
38986.0,6985.93
38130.0,5499.33
37274.0,5174.93
36418.0,5151.92
35562.0,5397.24
34706.0,4947.44
33850.0,0.0
32994.0,4498.33
32138.0,4017.98
31282.0,3904.73
30426.0,4057.18
29570.0,4578.31
28714.0,4718.82
27858.0,0.0
27002.0,6893.0
26146.0,5606.78
25290.0,5207.49
24434.0,5216.41
23578.0,5336.14
22722.0,4634.62
21866.0,0.0
21010.0,4025.09
20154.0,3621.35
19298.0,3650.05
18442.0,3745.87
17586.0,4555.71
16730.0,5045.11
15874.0,0.0
15018.0,8253.47
14162.0,6143.03
13306.0,5480.98
12450.0,5369.89
11594.0,5516.37
10738.0,4829.91
9882.0,0.0
9026.0,4399.39
8170.0,3908.12
7314.0,3940.92
6458.0,4042.92
5602.0,4407.01
4746.0,4738.96
3890.0,0.0
3034.0,6970.41
2178.0,5630.27
1322.0,5214.27
466.0,5151.93
40699.0,4981.22
39843.0,0.0
38987.0,8902.69
38131.0,7475.78
37275.0,6912.9
36419.0,6698.5
35563.0,6566.07
34707.0,4433.83
33851.0,0.0
32995.0,5974.46
32139.0,5454.35
31283.0,5194.13
30427.0,5275.82
29571.0,5568.91
28715.0,4355.66
27859.0,0.0
27003.0,9003.93
26147.0,7483.45
25291.0,6860.33
24435.0,6561.82
23579.0,6418.7
22723.0,4224.06
21867.0,0.0
21011.0,5601.26
20155.0,5141.09
19299.0,4876.0
18443.0,5079.75
17587.0,5672.77
16731.0,4705.77
15875.0,0.0
15019.0,10755.89
14163.0,8234.76
13307.0,7014.85
12451.0,6708.35
11595.0,6571.98
10739.0,4318.07
9883.0,0.0
9027.0,5901.35
8171.0,5510.47
7315.0,5268.1
6459.0,5260.83
5603.0,5454.35
4747.0,4263.74
3891.0,0.0
3035.0,9092.54
2179.0,7520.43
1323.0,6727.43
467.0,6422.06
40700.0,5905.33
39844.0,0.0
38988.0,10124.86
38132.0,8455.69
37276.0,7973.67
36420.0,7678.59
35564.0,7290.13
34708.0,5577.64
33852.0,0.0
32996.0,6561.98
32140.0,6208.48
31284.0,5904.16
30428.0,5972.22
29572.0,6115.47
28716.0,5454.08
27860.0,0.0
27004.0,10273.47
26148.0,8721.51
25292.0,7970.46
24436.0,7516.19
23580.0,7146.5
22724.0,5473.16
21868.0,0.0
21012.0,6253.79
20156.0,5784.27
19300.0,5588.05
18444.0,5674.82
17588.0,6314.56
16732.0,5999.6
15876.0,0.0
15020.0,12809.08
14164.0,9561.63
13308.0,8410.24
12452.0,7821.56
11596.0,7510.57
10740.0,5500.43
9884.0,0.0
9028.0,6611.16
8172.0,6288.93
7316.0,6070.03
6460.0,6150.9
5604.0,5998.6
4748.0,5434.22
3892.0,0.0
3036.0,10596.34
2180.0,8676.17
1324.0,7881.99
468.0,7543.26
40701.0,6454.85
39845.0,0.0
38989.0,10067.4
38133.0,7861.31
37277.0,7453.93
36421.0,7128.51
35565.0,7301.44
34709.0,6049.8
33853.0,0.0
32997.0,6405.72
32141.0,5686.96
31285.0,5623.52
30429.0,5819.6
29573.0,6426.52
28717.0,0.0
27861.0,0.0
27005.0,9571.6
26149.0,7828.4
25293.0,6973.9
24437.0,6834.42
23581.0,6824.85
22725.0,6018.41
21869.0,0.0
21013.0,5799.38
20157.0,5293.0
19301.0,5011.76
18445.0,5191.89
17589.0,6182.54
16733.0,6483.58
15877.0,0.0
15021.0,10915.44
14165.0,8375.66
13309.0,7475.99
12453.0,7255.55
11597.0,7193.6
10741.0,6014.45
9885.0,0.0
9029.0,6195.85
8173.0,5546.21
7317.0,5540.83
6461.0,5648.32
5605.0,5910.13
4749.0,5998.84
3893.0,0.0
3037.0,9493.04
2181.0,7578.99
1325.0,6921.25
469.0,6869.66
40702.0,7642.74
39846.0,0.0
38990.0,10734.03
38134.0,8477.76
37278.0,8098.17
36422.0,7932.17
35566.0,7925.2
34710.0,7287.8
33854.0,0.0
32998.0,7036.72
32142.0,6298.81
31286.0,6175.62
30430.0,6447.19
29574.0,6843.73
28718.0,7124.45
27862.0,0.0
27006.0,10856.83
26150.0,8931.97
25294.0,8331.07
24438.0,8092.04
23582.0,7983.08
22726.0,7026.02
21870.0,0.0
21014.0,6559.92
20158.0,5790.77
19302.0,5657.31
18446.0,5999.28
17590.0,6911.21
16734.0,7703.52
15878.0,0.0
15022.0,13322.5
14166.0,9491.16
13310.0,8393.5
12454.0,8208.07
11598.0,8137.05
10742.0,7086.23
9886.0,0.0
9030.0,7113.87
8174.0,6137.23
7318.0,6284.66
6462.0,6529.54
5606.0,6753.64
4750.0,6962.17
3894.0,0.0
3038.0,11006.39
2182.0,8704.24
1326.0,8026.86
470.0,7991.69
40703.0,2753.02
39847.0,0.0
38991.0,5670.61
38135.0,4660.45
37279.0,4181.93
36423.0,4039.25
35567.0,3985.46
34711.0,2393.64
33855.0,0.0
32999.0,3942.33
32143.0,3504.11
31287.0,3419.37
30431.0,3397.16
29575.0,3524.45
28719.0,2520.15
27863.0,0.0
27007.0,5740.43
26151.0,4732.42
25295.0,4318.02
24439.0,4203.09
23583.0,4077.67
22727.0,2255.72
21871.0,0.0
21015.0,3589.81
20159.0,3362.36
19303.0,3217.42
18447.0,3192.55
17591.0,3625.07
16735.0,2614.78
15879.0,0.0
15023.0,6208.67
14167.0,5059.65
13311.0,4586.15
12455.0,4305.94
11599.0,4235.83
10743.0,2384.63
9887.0,0.0
9031.0,3915.27
8175.0,3535.26
7319.0,3439.59
6463.0,3358.68
5607.0,3476.45
4751.0,2392.31
3895.0,0.0
3039.0,5597.58
2183.0,4722.52
1327.0,4199.57
471.0,4044.61
40704.0,6094.75
39848.0,0.0
38992.0,8295.43
38136.0,7069.68
37280.0,6340.25
36424.0,6105.37
35568.0,6171.78
34712.0,6000.51
33856.0,0.0
33000.0,5831.65
32144.0,5461.44
31288.0,5253.07
30432.0,5285.06
29576.0,5502.73
28720.0,0.0
27864.0,0.0
27008.0,8351.97
26152.0,6904.75
25296.0,6140.3
24440.0,5936.32
23584.0,5820.88
22728.0,6229.55
21872.0,0.0
21016.0,5385.3
20160.0,4924.44
19304.0,4729.76
18448.0,4937.86
17592.0,5439.99
16736.0,5827.18
15880.0,0.0
15024.0,9322.1
14168.0,7547.06
13312.0,6622.84
12456.0,6293.7
11600.0,6220.24
10744.0,5869.98
9888.0,0.0
9032.0,5975.86
8176.0,5394.36
7320.0,5180.55
6464.0,5187.58
5608.0,5363.04
4752.0,5201.84
3896.0,0.0
3040.0,8358.64
2184.0,6976.53
1328.0,6356.87
472.0,6131.15
40705.0,6777.95
39849.0,0.0
38993.0,9399.44
38137.0,7136.91
37281.0,6792.45
36425.0,6814.32
35569.0,6935.95
34713.0,6444.46
33857.0,0.0
33001.0,6101.66
32145.0,5534.54
31289.0,5437.42
30433.0,5573.7
29577.0,6386.38
28721.0,4828.24
27865.0,0.0
27009.0,9595.97
26153.0,7621.06
25297.0,6993.28
24441.0,6875.02
23585.0,6976.21
22729.0,5782.18
21873.0,0.0
21017.0,5755.92
20161.0,5071.2
19305.0,4962.73
18449.0,5184.61
17593.0,6341.88
16737.0,6295.61
15881.0,0.0
15025.0,11914.15
14169.0,8163.46
13313.0,7066.06
12457.0,6919.74
11601.0,7052.91
10745.0,6038.9
9889.0,0.0
9033.0,5938.83
8177.0,5334.06
7321.0,5305.5
6465.0,5421.33
5609.0,5858.34
4753.0,5667.18
3897.0,0.0
3041.0,9941.81
2185.0,7693.18
1329.0,6916.45
473.0,6743.26
40706.0,8218.04
39850.0,0.0
38994.0,13047.81
38138.0,10649.79
37282.0,9993.58
36426.0,9648.75
35570.0,9344.4
34714.0,7604.84
33858.0,0.0
33002.0,8750.72
32146.0,7808.74
31290.0,7469.1
30434.0,7641.62
29578.0,7989.94
28722.0,7480.6
27866.0,0.0
27010.0,12818.2
26154.0,10681.19
25298.0,9669.67
24442.0,9270.76
23586.0,9143.89
22730.0,6973.28
21874.0,0.0
21018.0,7946.88
20162.0,7119.61
19306.0,6865.94
18450.0,6995.91
17594.0,7803.68
16738.0,7650.81
15882.0,0.0
15026.0,14274.21
14170.0,11404.23
13314.0,10389.58
12458.0,9818.0
11602.0,9382.9
10746.0,7255.9
9890.0,0.0
9034.0,8345.08
8178.0,7457.03
7322.0,7267.75
6466.0,7359.4
5610.0,7609.43
4754.0,7212.38
3898.0,0.0
3042.0,12532.77
2186.0,10305.53
1330.0,9192.09
474.0,8913.46
40707.0,5896.64
39851.0,0.0
38995.0,11104.92
38139.0,9120.55
37283.0,8227.55
36427.0,8040.92
35571.0,8105.11
34715.0,5471.8
33859.0,0.0
33003.0,7068.63
32147.0,6692.75
31291.0,6473.45
30435.0,6550.54
29579.0,6969.9
28723.0,5355.93
27867.0,0.0
27011.0,10703.07
26155.0,8869.14
25299.0,8288.97
24443.0,7976.65
23587.0,7980.75
22731.0,5085.33
21875.0,0.0
21019.0,6965.72
20163.0,6320.07
19307.0,6110.56
18451.0,6421.67
17595.0,7610.82
16739.0,5592.24
15883.0,0.0
15027.0,13662.92
14171.0,9814.64
13315.0,8716.34
12459.0,8344.91
11603.0,8307.03
10747.0,5215.92
9891.0,0.0
9035.0,7263.59
8179.0,6612.04
7323.0,6507.68
6467.0,6595.15
5611.0,6902.0
4755.0,5164.56
3899.0,0.0
3043.0,10968.01
2187.0,8730.97
1331.0,8104.29
475.0,7845.67
40708.0,8726.8
39852.0,0.0
38996.0,10812.06
38140.0,8355.5
37284.0,8003.02
36428.0,7916.14
35572.0,8008.56
34716.0,7829.14
33860.0,0.0
33004.0,7152.95
32148.0,6436.61
31292.0,6292.38
30436.0,6409.17
29580.0,6966.28
28724.0,7643.45
27868.0,0.0
27012.0,10704.19
26156.0,8680.75
25300.0,8190.32
24444.0,8033.37
23588.0,8024.44
22732.0,7633.03
21876.0,0.0
21020.0,6854.7
20164.0,6035.21
19308.0,5896.8
18452.0,6212.31
17596.0,7246.78
16740.0,8113.16
15884.0,0.0
15028.0,12186.81
14172.0,9464.6
13316.0,8516.27
12460.0,8227.86
11604.0,8242.18
10748.0,7660.5
9892.0,0.0
9036.0,7304.44
8180.0,6446.92
7324.0,6402.98
6468.0,6586.07
5612.0,7002.23
4756.0,7476.26
3900.0,0.0
3044.0,10455.32
2188.0,8470.38
1332.0,7829.37
476.0,7657.13
40709.0,2738.97
39853.0,0.0
38997.0,6489.72
38141.0,5398.95
37285.0,4988.42
36429.0,5056.91
35573.0,5012.61
34717.0,2400.5
33861.0,0.0
33005.0,4370.63
32149.0,4050.36
31293.0,3934.96
30437.0,3915.78
29581.0,4132.4
28725.0,0.0
27869.0,0.0
27013.0,6352.01
26157.0,5384.18
25301.0,4914.73
24445.0,4771.42
23589.0,4725.78
22733.0,2712.99
21877.0,0.0
21021.0,3888.21
20165.0,3573.29
19309.0,3509.14
18453.0,3611.33
17597.0,4226.19
16741.0,2943.05
15885.0,0.0
15029.0,6715.95
14173.0,5646.01
13317.0,5044.29
12461.0,4919.44
11605.0,4889.93
10749.0,2679.03
9893.0,0.0
9037.0,4228.76
8181.0,3785.7
7325.0,3799.82
6469.0,3764.41
5613.0,3905.66
4757.0,2779.17
3901.0,0.0
3045.0,6291.63
2189.0,5288.51
1333.0,4776.71
477.0,4669.18
40710.0,10688.87
39854.0,0.0
38998.0,12358.76
38142.0,10078.97
37286.0,9409.8
36430.0,9366.05
35574.0,9338.96
34718.0,9689.44
33862.0,0.0
33006.0,8385.72
32150.0,7569.41
31294.0,7608.24
30438.0,7752.02
29582.0,8061.75
28726.0,0.0
27870.0,0.0
27014.0,12382.16
26158.0,10016.29
25302.0,8996.83
24446.0,8861.29
23590.0,8763.34
22734.0,8567.79
21878.0,0.0
21022.0,7703.15
20166.0,6932.04
19310.0,6750.22
18454.0,6989.7
17598.0,8070.35
16742.0,8931.84
15886.0,0.0
15030.0,14030.93
14174.0,10650.01
13318.0,9635.07
12462.0,9164.82
11606.0,9042.51
10750.0,8761.85
9894.0,0.0
9038.0,8084.64
8182.0,7252.77
7326.0,7260.62
6470.0,7554.92
5614.0,7871.74
4758.0,8152.44
3902.0,0.0
3046.0,12508.19
2190.0,9796.81
1334.0,8984.21
478.0,8792.62
40711.0,5529.77
39855.0,0.0
38999.0,7936.14
38143.0,6754.19
37287.0,6340.03
36431.0,5896.77
35575.0,5728.03
34719.0,4972.98
33863.0,0.0
33007.0,5341.04
32151.0,4906.11
31295.0,4878.69
30439.0,4879.3
29583.0,5152.92
28727.0,5171.43
27871.0,0.0
27015.0,7706.28
26159.0,6639.13
25303.0,6239.44
24447.0,5971.0
23591.0,5779.42
22735.0,4981.98
21879.0,0.0
21023.0,5041.56
20167.0,4646.95
19311.0,4570.22
18455.0,4706.4
17599.0,5420.65
16743.0,5660.46
15887.0,0.0
15031.0,8740.53
14175.0,7414.27
13319.0,6672.54
12463.0,6378.19
11607.0,6147.4
10751.0,5063.58
9895.0,0.0
9039.0,5501.2
8183.0,4963.06
7327.0,4846.07
6471.0,4904.62
5615.0,5089.88
4759.0,5035.74
3903.0,0.0
3047.0,7776.03
2191.0,6632.23
1335.0,6101.66
479.0,5956.23
40712.0,3027.52
39856.0,0.0
39000.0,6220.04
38144.0,5182.98
37288.0,5008.18
36432.0,4903.52
35576.0,4896.11
34720.0,2742.79
33864.0,0.0
33008.0,4526.7
32152.0,4165.75
31296.0,3984.67
30440.0,4014.18
29584.0,4288.87
28728.0,2670.38
27872.0,0.0
27016.0,6062.69
26160.0,5108.8
25304.0,4823.64
24448.0,4733.48
23592.0,4681.45
22736.0,2698.24
21880.0,0.0
21024.0,4148.19
20168.0,3928.03
19312.0,3691.2
18456.0,3716.94
17600.0,4216.74
16744.0,2935.34
15888.0,0.0
15032.0,6776.77
14176.0,5594.85
13320.0,5151.85
12464.0,4981.18
11608.0,4910.15
10752.0,0.0
9896.0,0.0
9040.0,0.0
8184.0,0.0
7328.0,0.0
6472.0,0.0
5616.0,0.0
4760.0,0.0
3904.0,0.0
3048.0,0.0
2192.0,0.0
1336.0,0.0
480.0,0.0
40713.0,4319.1
39857.0,0.0
39001.0,8789.11
38145.0,7523.35
37289.0,6928.82
36433.0,6668.59
35577.0,6914.87
34721.0,3983.48
33865.0,0.0
33009.0,5953.3
32153.0,5524.76
31297.0,5443.5
30441.0,5575.88
29585.0,5905.05
28729.0,3959.89
27873.0,0.0
27017.0,8964.92
26161.0,7501.65
25305.0,6975.03
24449.0,6695.73
23593.0,6788.97
22737.0,3962.38
21881.0,0.0
21025.0,5821.67
20169.0,5358.74
19313.0,5168.25
18457.0,5434.96
17601.0,6386.87
16745.0,4446.39
15889.0,0.0
15033.0,11265.94
14177.0,8276.31
13321.0,7185.66
12465.0,6902.43
11609.0,6918.62
10753.0,4066.67
9897.0,0.0
9041.0,5892.36
8185.0,5684.65
7329.0,5508.32
6473.0,5612.85
5617.0,5843.63
4761.0,4008.81
3905.0,0.0
3049.0,9366.82
2193.0,7687.97
1337.0,6909.66
481.0,6589.08
40714.0,4443.22
39858.0,0.0
39002.0,9486.64
38146.0,7644.4
37290.0,6899.91
36434.0,7052.24
35578.0,7009.23
34722.0,4020.57
33866.0,0.0
33010.0,6359.28
32154.0,5734.5
31298.0,5669.75
30442.0,5814.02
29586.0,6143.66
28730.0,4069.63
27874.0,0.0
27018.0,8978.72
26162.0,7410.65
25306.0,6843.13
24450.0,6707.65
23594.0,6737.44
22738.0,3907.48
21882.0,0.0
21026.0,6250.67
20170.0,5583.53
19314.0,5409.36
18458.0,5525.74
17602.0,6554.86
16746.0,4519.27
15890.0,0.0
15034.0,10374.53
14178.0,8238.65
13322.0,7287.2
12466.0,7126.82
11610.0,7063.4
10754.0,4080.45
9898.0,0.0
9042.0,6368.36
8186.0,5901.86
7330.0,5782.95
6474.0,5842.42
5618.0,6110.2
4762.0,4073.85
3906.0,0.0
3050.0,8867.96
2194.0,7284.79
1338.0,6757.36
482.0,6581.78
40715.0,4251.07
39859.0,0.0
39003.0,8984.79
38147.0,7290.17
37291.0,6626.35
36435.0,6335.71
35579.0,6046.55
34723.0,4033.79
33867.0,0.0
33011.0,5589.84
32155.0,5228.68
31299.0,5042.92
30443.0,5166.61
29587.0,5355.44
28731.0,4115.49
27875.0,0.0
27019.0,8407.36
26163.0,6933.62
25307.0,6411.39
24451.0,6171.81
23595.0,6025.82
22739.0,3845.83
21883.0,0.0
21027.0,5195.23
20171.0,4830.28
19315.0,4670.12
18459.0,4931.3
17603.0,5639.33
16747.0,4358.67
15891.0,0.0
15035.0,9747.49
14179.0,7586.83
13323.0,6747.91
12467.0,6539.48
11611.0,6357.51
10755.0,3955.66
9899.0,0.0
9043.0,5572.97
8187.0,5071.96
7331.0,4935.73
6475.0,5032.76
5619.0,5194.28
4763.0,4036.7
3907.0,0.0
3051.0,8447.72
2195.0,6890.06
1339.0,6259.11
483.0,6083.02
40716.0,8126.96
39860.0,0.0
39004.0,10082.31
38148.0,7993.72
37292.0,7683.62
36436.0,7333.75
35580.0,7380.44
34724.0,7287.16
33868.0,0.0
33012.0,6938.23
32156.0,6057.14
31300.0,5965.74
30444.0,6098.04
29588.0,6442.2
28732.0,7056.63
27876.0,0.0
27020.0,10007.12
26164.0,8288.69
25308.0,7736.61
24452.0,7421.06
23596.0,7419.32
22740.0,6884.84
21884.0,0.0
21028.0,6687.2
20172.0,5694.29
19316.0,5655.76
18460.0,5869.05
17604.0,6602.81
16748.0,7370.22
15892.0,0.0
15036.0,11610.62
14180.0,9142.49
13324.0,8044.32
12468.0,7713.34
11612.0,7656.08
10756.0,7024.46
9900.0,0.0
9044.0,6845.17
8188.0,6079.03
7332.0,6097.23
6476.0,6173.4
5620.0,6446.8
4764.0,6811.75
3908.0,0.0
3052.0,9853.65
2196.0,7988.64
1340.0,7424.02
484.0,7234.94
40717.0,4644.33
39861.0,0.0
39005.0,8249.54
38149.0,6767.85
37293.0,6382.16
36437.0,6221.71
35581.0,6349.16
34725.0,3715.12
33869.0,0.0
33013.0,5780.76
32157.0,5166.84
31301.0,5036.81
30445.0,5092.04
29589.0,5367.91
28733.0,3747.64
27877.0,0.0
27021.0,8024.76
26165.0,6714.47
25309.0,6195.12
24453.0,5932.36
23597.0,5851.98
22741.0,3413.6
21885.0,0.0
21029.0,5262.91
20173.0,4773.42
19317.0,4625.66
18461.0,4816.94
17605.0,5670.86
16749.0,4096.92
15893.0,0.0
15037.0,9382.46
14181.0,7437.08
13325.0,6662.95
12469.0,6277.26
11613.0,6160.64
10757.0,3640.87
9901.0,0.0
9045.0,5634.47
8189.0,5100.41
7333.0,4896.14
6477.0,4947.44
5621.0,5203.59
4765.0,3757.8
3909.0,0.0
3053.0,7846.17
2197.0,6342.51
1341.0,5841.26
485.0,5769.73
40718.0,6175.66
39862.0,0.0
39006.0,8858.06
38150.0,6919.93
37294.0,6570.05
36438.0,6373.64
35582.0,6389.87
34726.0,5786.69
33870.0,0.0
33014.0,5673.6
32158.0,5031.83
31302.0,4971.96
30446.0,5052.91
29590.0,5353.84
28734.0,0.0
27878.0,0.0
27022.0,8421.11
26166.0,6669.57
25310.0,5989.84
24454.0,5801.98
23598.0,5857.63
22742.0,5765.51
21886.0,0.0
21030.0,4960.83
20174.0,4401.13
19318.0,4246.05
18462.0,4467.81
17606.0,5206.99
16750.0,5682.23
15894.0,0.0
15038.0,9495.24
14182.0,7360.79
13326.0,6525.13
12470.0,6307.18
11614.0,6212.2
10758.0,5822.12
9902.0,0.0
9046.0,5352.21
8190.0,4694.22
7334.0,4647.98
6478.0,4735.87
5622.0,5037.81
4766.0,5204.63
3910.0,0.0
3054.0,8202.23
2198.0,6672.88
1342.0,6050.96
486.0,5934.99
40719.0,5122.85
39863.0,0.0
39007.0,7687.65
38151.0,6264.83
37295.0,5656.35
36439.0,5622.22
35583.0,5821.52
34727.0,4564.14
33871.0,0.0
33015.0,4898.54
32159.0,4391.08
31303.0,4293.83
30447.0,4474.97
29591.0,4680.43
28735.0,4555.1
27879.0,0.0
27023.0,7485.94
26167.0,5963.02
25311.0,5505.61
24455.0,5387.67
23599.0,5506.75
22743.0,4409.84
21887.0,0.0
21031.0,4477.1
20175.0,3959.14
19319.0,3875.36
18463.0,4046.65
17607.0,4901.06
16751.0,5139.09
15895.0,0.0
15039.0,9057.47
14183.0,6636.09
13327.0,5841.17
12471.0,5739.85
11615.0,5914.32
10759.0,4758.24
9903.0,0.0
9047.0,4912.31
8191.0,4247.26
7335.0,4207.99
6479.0,4344.91
5623.0,4769.01
4767.0,4717.39
3911.0,0.0
3055.0,7597.93
2199.0,5980.76
1343.0,5475.38
487.0,5333.89
40720.0,8323.73
39864.0,0.0
39008.0,9987.98
38152.0,8352.96
37296.0,7836.59
36440.0,7631.57
35584.0,7602.86
34728.0,7619.57
33872.0,0.0
33016.0,7088.46
32160.0,6530.56
31304.0,6167.75
30448.0,6251.43
29592.0,6537.24
28736.0,7402.0
27880.0,0.0
27024.0,10026.78
26168.0,8646.29
25312.0,8066.62
24456.0,7711.98
23600.0,7582.31
22744.0,7313.2
21888.0,0.0
21032.0,6779.84
20176.0,6161.42
19320.0,5945.93
18464.0,6320.08
17608.0,7232.81
16752.0,8035.45
15896.0,0.0
15040.0,11622.54
14184.0,9603.52
13328.0,8681.75
12472.0,8187.59
11616.0,8018.48
10760.0,7183.46
9904.0,0.0
9048.0,7589.42
8192.0,6825.53
7336.0,6529.7
6480.0,6496.87
5624.0,6783.09
4768.0,7007.98
3912.0,0.0
3056.0,10295.51
2200.0,8594.16
1344.0,8048.83
488.0,7716.27
40721.0,8102.12
39865.0,0.0
39009.0,9468.52
38153.0,7483.8
37297.0,7151.28
36441.0,7296.4
35585.0,7350.05
34729.0,7990.87
33873.0,0.0
33017.0,6188.98
32161.0,5623.95
31305.0,5652.56
30449.0,5852.22
29593.0,6160.87
28737.0,0.0
27881.0,0.0
27025.0,9264.99
26169.0,7432.62
25313.0,6905.93
24457.0,7066.41
23601.0,7071.79
22745.0,7478.09
21889.0,0.0
21033.0,5599.41
20177.0,4920.26
19321.0,4983.0
18465.0,5248.02
17609.0,6046.96
16753.0,6922.43
15897.0,0.0
15041.0,11226.29
14185.0,8190.57
13329.0,7329.71
12473.0,7192.94
11617.0,7228.43
10761.0,7161.11
9905.0,0.0
9049.0,5996.9
8193.0,5320.49
7337.0,5460.19
6481.0,5654.25
5625.0,5891.38
4769.0,6433.69
3913.0,0.0
3057.0,9392.56
2201.0,7499.35
1345.0,6985.09
489.0,6994.52
40722.0,5929.5
39866.0,0.0
39010.0,9825.87
38154.0,7895.18
37298.0,7379.51
36442.0,7231.12
35586.0,7109.39
34730.0,5062.32
33874.0,0.0
33018.0,6813.61
32162.0,6008.23
31306.0,5874.62
30450.0,5772.58
29594.0,6048.54
28738.0,5545.02
27882.0,0.0
27026.0,9951.56
26170.0,8247.63
25314.0,7486.32
24458.0,7087.69
23602.0,7018.28
22746.0,5382.99
21890.0,0.0
21034.0,6165.33
20178.0,5385.74
19322.0,5190.51
18466.0,5253.14
17610.0,6153.91
16754.0,5942.88
15898.0,0.0
15042.0,12522.36
14186.0,9096.43
13330.0,7757.62
12474.0,7313.65
11618.0,7182.22
10762.0,5398.74
9906.0,0.0
9050.0,6235.28
8194.0,5768.49
7338.0,5726.94
6482.0,5655.44
5626.0,5696.84
4770.0,5374.17
3914.0,0.0
3058.0,10169.96
2202.0,8118.73
1346.0,7182.78
490.0,6987.6
40723.0,7729.97
39867.0,0.0
39011.0,13626.44
38155.0,11161.72
37299.0,10516.93
36443.0,10492.5
35587.0,10468.56
34731.0,7588.04
33875.0,0.0
33019.0,8977.97
32163.0,7969.41
31307.0,7943.23
30451.0,8142.59
29595.0,8710.22
28739.0,0.0
27883.0,0.0
27027.0,12670.86
26171.0,10585.9
25315.0,9645.08
24459.0,9562.06
23603.0,9430.25
22747.0,7629.85
21891.0,0.0
21035.0,7943.34
20179.0,7035.95
19323.0,6842.36
18467.0,7250.45
17611.0,8280.66
16755.0,8148.39
15899.0,0.0
15043.0,14149.41
14187.0,11040.32
13331.0,10271.1
12475.0,9935.53
11619.0,9696.94
10763.0,7496.4
9907.0,0.0
9051.0,8099.62
8195.0,7289.51
7339.0,7334.56
6483.0,7696.96
5627.0,8044.2
4771.0,7396.99
3915.0,0.0
3059.0,12749.69
2203.0,10182.0
1347.0,9345.46
491.0,9246.94
40724.0,6751.93
39868.0,0.0
39012.0,8454.52
38156.0,7020.21
37300.0,6622.79
36444.0,6527.66
35588.0,6626.65
34732.0,6304.63
33876.0,0.0
33020.0,5810.52
32164.0,5199.19
31308.0,5144.61
30452.0,5291.39
29596.0,5753.7
28740.0,0.0
27884.0,0.0
27028.0,8593.96
26172.0,6954.38
25316.0,6231.32
24460.0,6128.98
23604.0,6199.75
22748.0,6271.84
21892.0,0.0
21036.0,5227.6
20180.0,4618.93
19324.0,4498.62
18468.0,4781.88
17612.0,5599.6
16756.0,6074.0
15900.0,0.0
15044.0,9211.22
14188.0,7397.82
13332.0,6634.54
12476.0,6425.16
11620.0,6366.76
10764.0,6036.59
9908.0,0.0
9052.0,5659.83
8196.0,4940.95
7340.0,4941.12
6484.0,5060.35
5628.0,5356.25
4772.0,5583.46
3916.0,0.0
3060.0,8451.3
2204.0,6811.14
1348.0,6314.96
492.0,6171.51
40725.0,2621.11
39869.0,0.0
39013.0,5815.77
38157.0,4928.84
37301.0,4634.02
36445.0,4440.77
35589.0,4365.4
34733.0,2302.06
33877.0,0.0
33021.0,4149.59
32165.0,3797.85
31309.0,3837.66
30453.0,3843.61
29597.0,4033.15
28741.0,2437.29
27885.0,0.0
27029.0,5714.82
26173.0,4902.92
25317.0,4608.58
24461.0,4403.92
23605.0,4454.38
22749.0,2222.07
21893.0,0.0
21037.0,3785.67
20181.0,3471.87
19325.0,3367.13
18469.0,3392.1
17613.0,4025.24
16757.0,2486.1
15901.0,0.0
15045.0,6241.5
14189.0,5268.01
13333.0,4735.6
12477.0,4474.63
11621.0,4487.1
10765.0,2309.15
9909.0,0.0
9053.0,3909.12
8197.0,3697.66
7341.0,3636.21
6485.0,3662.48
5629.0,3845.22
4773.0,2370.28
3917.0,0.0
3061.0,5730.04
2205.0,4905.31
1349.0,4394.81
493.0,4270.22
40726.0,11824.37
39870.0,0.0
39014.0,15920.52
38158.0,12435.29
37302.0,11670.36
36446.0,11401.1
35590.0,11880.55
34734.0,10931.7
33878.0,0.0
33022.0,11079.09
32166.0,9750.09
31310.0,9855.87
30454.0,9860.86
29598.0,10698.09
28742.0,10884.65
27886.0,0.0
27030.0,14801.68
26174.0,12536.05
25318.0,11971.22
24462.0,11730.15
23606.0,11821.84
22750.0,10923.98
21894.0,0.0
21038.0,10331.31
20182.0,9261.28
19326.0,9004.49
18470.0,9258.41
17614.0,11225.58
16758.0,11581.97
15902.0,0.0
15046.0,17025.65
14190.0,13549.93
13334.0,12398.68
12478.0,11801.7
11622.0,11699.29
10766.0,10854.07
9910.0,0.0
9054.0,10632.24
8198.0,9541.94
7342.0,9280.29
6486.0,9508.43
5630.0,9939.1
4774.0,10684.43
3918.0,0.0
3062.0,14790.0
2206.0,12156.08
1350.0,11076.96
494.0,10863.01
40727.0,3068.25
39871.0,0.0
39015.0,7421.89
38159.0,6062.69
37303.0,5666.81
36447.0,5467.37
35591.0,5255.63
34735.0,2864.09
33879.0,0.0
33023.0,4766.06
32167.0,4455.03
31311.0,4351.98
30455.0,4345.98
29599.0,4444.17
28743.0,2939.07
27887.0,0.0
27031.0,7066.21
26175.0,5894.96
25319.0,5448.9
24463.0,5279.66
23607.0,5263.14
22751.0,2763.36
21895.0,0.0
21039.0,4448.08
20183.0,4060.25
19327.0,3939.0
18471.0,4118.21
17615.0,4785.37
16759.0,3143.95
15903.0,0.0
15047.0,8636.95
14191.0,6487.22
13335.0,5762.95
12479.0,5486.62
11623.0,5437.18
10767.0,2846.24
9911.0,0.0
9055.0,4738.09
8199.0,4277.36
7343.0,4156.47
6487.0,4123.25
5631.0,4275.17
4775.0,2893.11
3919.0,0.0
3063.0,7120.83
2207.0,5842.27
1351.0,5295.93
495.0,5107.33
40728.0,2835.23
39872.0,0.0
39016.0,4166.28
38160.0,3610.54
37304.0,3518.79
36448.0,3438.9
35592.0,3310.83
34736.0,2647.98
33880.0,0.0
33024.0,2986.02
32168.0,2868.47
31312.0,2872.07
30456.0,2859.63
29600.0,2946.56
28744.0,2619.73
27888.0,0.0
27032.0,4163.05
26176.0,3638.63
25320.0,3572.67
24464.0,3425.57
23608.0,3393.66
22752.0,2535.02
21896.0,0.0
21040.0,2812.37
20184.0,2663.16
19328.0,2642.94
18472.0,2704.1
17616.0,3121.15
16760.0,2749.02
15904.0,0.0
15048.0,4926.91
14192.0,3880.26
13336.0,3606.52
12480.0,3530.78
11624.0,3541.98
10768.0,2604.22
9912.0,0.0
9056.0,2983.96
8200.0,2758.27
7344.0,2724.69
6488.0,2786.92
5632.0,2877.32
4776.0,2586.38
3920.0,0.0
3064.0,4222.34
2208.0,3617.88
1352.0,3438.79
496.0,3312.35
40729.0,5500.7
39873.0,0.0
39017.0,10420.28
38161.0,8904.64
37305.0,7971.37
36449.0,7594.94
35593.0,7499.94
34737.0,5652.89
33881.0,0.0
33025.0,6874.72
32169.0,6412.14
31313.0,6053.1
30457.0,6141.03
29601.0,6274.71
28745.0,5425.28
27889.0,0.0
27033.0,10195.48
26177.0,8851.74
25321.0,8221.06
24465.0,7779.21
23609.0,7497.42
22753.0,5129.01
21897.0,0.0
21041.0,6534.11
20185.0,5991.59
19329.0,5736.27
18473.0,5883.05
17617.0,6649.32
16761.0,5764.16
15905.0,0.0
15049.0,12343.54
14193.0,9701.53
13337.0,8619.38
12481.0,8026.88
11625.0,7702.79
10769.0,5326.88
9913.0,0.0
9057.0,6763.52
8201.0,6299.07
7345.0,6177.01
6489.0,6173.35
5633.0,6188.02
4777.0,5208.88
3921.0,0.0
3065.0,10410.54
2209.0,8623.3
1353.0,7933.22
497.0,7615.11
40730.0,11063.03
39874.0,0.0
39018.0,12733.27
38162.0,10538.11
37306.0,9969.66
36450.0,9801.99
35594.0,9780.24
34738.0,9951.01
33882.0,0.0
33026.0,8628.55
32170.0,7833.3
31314.0,7736.25
30458.0,7803.13
29602.0,8356.63
28746.0,0.0
27890.0,0.0
27034.0,12812.99
26178.0,10581.14
25322.0,9447.9
24466.0,9147.26
23610.0,9244.72
22754.0,8711.17
21898.0,0.0
21042.0,8075.43
20186.0,7202.74
19330.0,6845.61
18474.0,7155.81
17618.0,8295.68
16762.0,9155.24
15906.0,0.0
15050.0,15802.14
14194.0,11655.83
13338.0,10551.47
12482.0,10068.46
11626.0,9758.54
10770.0,9082.4
9914.0,0.0
9058.0,8520.32
8202.0,7684.57
7346.0,7583.98
6490.0,7794.45
5634.0,8079.75
4778.0,8651.89
3922.0,0.0
3066.0,13338.78
2210.0,10888.74
1354.0,9852.68
498.0,9494.94
40731.0,9846.0
39875.0,0.0
39019.0,16227.99
38163.0,14026.53
37307.0,12507.58
36451.0,11386.87
35595.0,11207.77
34739.0,9266.94
33883.0,0.0
33027.0,9933.53
32171.0,9292.89
31315.0,8898.03
30459.0,9113.13
29603.0,9311.71
28747.0,9578.32
27891.0,0.0
27035.0,14358.22
26179.0,12886.41
25323.0,12252.68
24467.0,11484.62
23611.0,11087.9
22755.0,9224.04
21899.0,0.0
21043.0,9153.95
20187.0,8734.81
19331.0,8323.71
18475.0,8510.98
17619.0,9349.21
16763.0,10300.1
15907.0,0.0
15051.0,17060.71
14195.0,14172.77
13339.0,12735.78
12483.0,11771.29
11627.0,11154.55
10771.0,9461.62
9915.0,0.0
9059.0,9869.4
8203.0,8935.11
7347.0,8593.0
6491.0,8633.1
5635.0,8894.46
4779.0,9304.16
3923.0,0.0
3067.0,14713.95
2211.0,12710.71
1355.0,11507.55
499.0,10956.86
40732.0,4450.87
39876.0,0.0
39020.0,7245.88
38164.0,5972.7
37308.0,5601.77
36452.0,5500.58
35596.0,5334.04
34740.0,4183.47
33884.0,0.0
33028.0,5008.64
32172.0,4607.98
31316.0,4343.43
30460.0,4285.8
29604.0,4443.55
28748.0,0.0
27892.0,0.0
27036.0,6971.2
26180.0,5775.41
25324.0,5261.09
24468.0,5085.42
23612.0,4935.25
22756.0,4348.23
21900.0,0.0
21044.0,4488.61
20188.0,4083.42
19332.0,3939.57
18476.0,3995.95
17620.0,4470.91
16764.0,4158.74
15908.0,0.0
15052.0,7669.55
14196.0,6370.38
13340.0,5732.13
12484.0,5412.45
11628.0,5209.6
10772.0,4144.11
9916.0,0.0
9060.0,5079.65
8204.0,4402.27
7348.0,4262.91
6492.0,4213.34
5636.0,4271.31
4780.0,3897.87
3924.0,0.0
3068.0,6791.53
2212.0,5758.87
1356.0,5270.5
500.0,5083.84
40733.0,4977.29
39877.0,0.0
39021.0,8322.84
38165.0,6868.75
37309.0,6219.73
36453.0,6126.07
35597.0,6474.35
34741.0,4407.91
33885.0,0.0
33029.0,5740.2
32173.0,5276.72
31317.0,5066.53
30461.0,5148.97
29605.0,5378.34
28749.0,4586.28
27893.0,0.0
27037.0,8147.59
26181.0,6873.41
25325.0,6317.96
24469.0,6057.58
23613.0,6083.54
22757.0,4370.17
21901.0,0.0
21045.0,5471.98
20189.0,5150.26
19333.0,4815.3
18477.0,4895.89
17621.0,5629.94
16765.0,4945.41
15909.0,0.0
15053.0,9182.63
14197.0,7567.59
13341.0,6733.12
12485.0,6389.41
11629.0,6323.13
10773.0,4455.49
9917.0,0.0
9061.0,5896.21
8205.0,5385.81
7349.0,5085.32
6493.0,5088.33
5637.0,5329.4
4781.0,4585.48
3925.0,0.0
3069.0,7978.15
2213.0,6674.28
1357.0,6197.79
501.0,5928.17
40734.0,6977.34
39878.0,0.0
39022.0,8898.95
38166.0,7339.78
37310.0,6614.33
36454.0,6436.63
35598.0,6336.0
34742.0,6656.01
33886.0,0.0
33030.0,6089.19
32174.0,5520.46
31318.0,5295.4
30462.0,5245.27
29606.0,5500.3
28750.0,0.0
27894.0,0.0
27038.0,8758.07
26182.0,7259.98
25326.0,6440.45
24470.0,6130.05
23614.0,6001.81
22758.0,6552.56
21902.0,0.0
21046.0,5696.21
20190.0,5170.59
19334.0,4950.91
18478.0,5003.83
17622.0,5571.32
16766.0,6135.82
15910.0,0.0
15054.0,10075.58
14198.0,7876.42
13342.0,7027.19
12486.0,6532.12
11630.0,6406.2
10774.0,6283.65
9918.0,0.0
9062.0,6069.68
8206.0,5552.91
7350.0,5335.3
6494.0,5248.38
5638.0,5405.21
4782.0,5524.33
3926.0,0.0
3070.0,8819.97
2214.0,7196.47
1358.0,6597.79
502.0,6332.71
40735.0,6674.81
39879.0,0.0
39023.0,9553.22
38167.0,7968.76
37311.0,7362.1
36455.0,6903.2
35599.0,6991.48
34743.0,6159.67
33887.0,0.0
33031.0,6441.01
32175.0,6049.21
31319.0,5907.96
30463.0,5991.96
29607.0,6351.07
28751.0,6189.54
27895.0,0.0
27039.0,9464.41
26183.0,8063.83
25327.0,7526.92
24471.0,7164.34
23615.0,6971.49
22759.0,5913.05
21903.0,0.0
21047.0,6308.36
20191.0,5764.17
19335.0,5700.85
18479.0,5744.22
17623.0,6550.96
16767.0,6712.99
15911.0,0.0
15055.0,10755.92
14199.0,8788.64
13343.0,7814.16
12487.0,7438.26
11631.0,7363.7
10775.0,6065.09
9919.0,0.0
9063.0,6720.07
8207.0,6182.89
7351.0,6022.57
6495.0,6014.35
5639.0,6128.09
4783.0,6060.24
3927.0,0.0
3071.0,9317.25
2215.0,7855.36
1359.0,7265.54
503.0,7028.66
40736.0,4754.74
39880.0,0.0
39024.0,8252.4
38168.0,6697.15
37312.0,6260.36
36456.0,6160.69
35600.0,6244.47
34744.0,4273.34
33888.0,0.0
33032.0,5294.61
32176.0,4869.77
31320.0,4892.61
30464.0,5064.6
29608.0,5488.08
28752.0,4534.83
27896.0,0.0
27040.0,7837.65
26184.0,6418.09
25328.0,6087.33
24472.0,6039.41
23616.0,6138.46
22760.0,4307.64
21904.0,0.0
21048.0,5039.55
20192.0,4460.58
19336.0,4408.97
18480.0,4750.06
17624.0,5846.94
16768.0,5017.32
15912.0,0.0
15056.0,8951.46
14200.0,7021.11
13344.0,6301.65
12488.0,6214.72
11632.0,6317.15
10776.0,4497.22
9920.0,0.0
9064.0,5212.61
8208.0,4627.9
7352.0,4635.79
6496.0,4858.61
5640.0,5333.4
4784.0,4793.48
3928.0,0.0
3072.0,7796.78
2216.0,6308.82
1360.0,5896.51
504.0,5898.74
40737.0,7690.42
39881.0,0.0
39025.0,12165.97
38169.0,9658.16
37313.0,9211.95
36457.0,8976.85
35601.0,8817.09
34745.0,7261.63
33889.0,0.0
33033.0,7542.82
32177.0,6926.86
31321.0,6972.2
30465.0,7074.21
29609.0,7497.26
28753.0,7393.05
27897.0,0.0
27041.0,11596.87
26185.0,9595.89
25329.0,8902.53
24473.0,8587.35
23617.0,8560.58
22761.0,6950.09
21905.0,0.0
21049.0,7299.79
20193.0,6474.09
19337.0,6354.28
18481.0,6753.92
17625.0,7874.04
16769.0,7905.64
15913.0,0.0
15057.0,13755.63
14201.0,10247.24
13345.0,9308.08
12489.0,8918.0
11633.0,8704.77
10777.0,7249.87
9921.0,0.0
9065.0,7536.05
8209.0,6830.12
7353.0,6706.34
6497.0,6924.2
5641.0,7249.2
4785.0,7239.49
3929.0,0.0
3073.0,11734.33
2217.0,9361.5
1361.0,8546.89
505.0,8356.41
40738.0,2899.06
39882.0,0.0
39026.0,4483.91
38170.0,3718.75
37314.0,3418.03
36458.0,3455.75
35602.0,3362.77
34746.0,2794.77
33890.0,0.0
33034.0,3102.78
32178.0,2891.39
31322.0,2761.95
30466.0,2806.76
29610.0,2975.55
28754.0,2562.46
27898.0,0.0
27042.0,4449.21
26186.0,3802.7
25330.0,3456.98
24474.0,3356.6
23618.0,3341.85
22762.0,2505.57
21906.0,0.0
21050.0,2801.18
20194.0,2601.73
19338.0,2501.28
18482.0,2567.11
17626.0,3071.01
16770.0,2648.21
15914.0,0.0
15058.0,5495.67
14202.0,4205.23
13346.0,3614.91
12490.0,3547.9
11634.0,3542.62
10778.0,2615.73
9922.0,0.0
9066.0,2932.23
8210.0,2743.37
7354.0,2683.34
6498.0,2743.07
5642.0,2853.79
4786.0,2573.64
3930.0,0.0
3074.0,4773.72
2218.0,3927.35
1362.0,3524.66
506.0,3453.94
40739.0,3715.5
39883.0,0.0
39027.0,8163.96
38171.0,6596.61
37315.0,6055.98
36459.0,5818.47
35603.0,5767.68
34747.0,3351.87
33891.0,0.0
33035.0,4964.32
32179.0,4554.31
31323.0,4518.2
30467.0,4573.32
29611.0,4776.47
28755.0,3536.15
27899.0,0.0
27043.0,7725.65
26187.0,6169.24
25331.0,5718.91
24475.0,5435.86
23619.0,5485.25
22763.0,3301.12
21907.0,0.0
21051.0,4505.51
20195.0,4075.06
19339.0,3992.82
18483.0,4167.13
17627.0,5256.4
16771.0,3878.48
15915.0,0.0
15059.0,10110.05
14203.0,7365.33
13347.0,6255.78
12491.0,5914.61
11635.0,5844.05
10779.0,3431.35
9923.0,0.0
9067.0,4841.42
8211.0,4291.91
7355.0,4207.8
6499.0,4254.88
5643.0,4663.84
4787.0,3592.32
3931.0,0.0
3075.0,7907.07
2219.0,6169.76
1363.0,5587.5
507.0,5335.39
40740.0,4116.94
39884.0,0.0
39028.0,8227.79
38172.0,6514.98
37316.0,6087.15
36460.0,5907.09
35604.0,5801.72
34748.0,3671.46
33892.0,0.0
33036.0,5128.16
32180.0,4582.91
31324.0,4577.27
30468.0,4697.84
29612.0,4890.41
28756.0,3887.71
27900.0,0.0
27044.0,7866.48
26188.0,6264.1
25332.0,5943.16
24476.0,5708.46
23620.0,5720.68
22764.0,3569.4
21908.0,0.0
21052.0,4607.53
20196.0,4128.01
19340.0,4031.99
18484.0,4254.48
17628.0,5169.4
16772.0,4096.09
15916.0,0.0
15060.0,9804.67
14204.0,7174.5
13348.0,6299.87
12492.0,6034.16
11636.0,6005.55
10780.0,3735.2
9924.0,0.0
9068.0,4882.51
8212.0,4358.19
7356.0,4259.32
6500.0,4384.98
5644.0,4706.52
4788.0,3899.61
3932.0,0.0
3076.0,8096.14
2220.0,6356.44
1364.0,5771.16
508.0,5605.94
40741.0,3934.22
39885.0,0.0
39029.0,7608.4
38173.0,6143.83
37317.0,5865.94
36461.0,5628.15
35605.0,5517.23
34749.0,3417.16
33893.0,0.0
33037.0,4880.38
32181.0,4411.97
31325.0,4281.62
30469.0,4344.19
29613.0,4615.09
28757.0,3499.57
27901.0,0.0
27045.0,7434.26
26189.0,6102.0
25333.0,5547.31
24477.0,5399.88
23621.0,5392.7
22765.0,3385.09
21909.0,0.0
21053.0,4532.37
20197.0,3908.62
19341.0,3803.57
18485.0,3868.62
17629.0,4543.8
16773.0,3714.49
15917.0,0.0
15061.0,8416.52
14205.0,6468.36
13349.0,5850.68
12493.0,5502.33
11637.0,5429.41
10781.0,3475.74
9925.0,0.0
9069.0,4823.07
8213.0,4127.25
7357.0,4080.34
6501.0,4053.3
5645.0,4318.71
4789.0,3477.06
3933.0,0.0
3077.0,7241.8
2221.0,5855.49
1365.0,5304.4
509.0,5143.15
40742.0,3044.02
39886.0,0.0
39030.0,8310.34
38174.0,6684.29
37318.0,5885.14
36462.0,5868.96
35606.0,5627.04
34750.0,2832.87
33894.0,0.0
33038.0,5284.54
32182.0,4810.44
31326.0,4552.52
30470.0,4503.59
29614.0,4578.96
28758.0,0.0
27902.0,0.0
27046.0,7821.17
26190.0,6317.14
25334.0,5604.27
24478.0,5438.01
23622.0,5239.09
22766.0,3538.47
21910.0,0.0
21054.0,4727.26
20198.0,4261.33
19342.0,4003.07
18486.0,4109.64
17630.0,4670.93
16774.0,3355.89
15918.0,0.0
15062.0,9048.29
14206.0,6840.73
13350.0,5912.86
12494.0,5629.28
11638.0,5527.3
10782.0,3206.62
9926.0,0.0
9070.0,5082.99
8214.0,4500.22
7358.0,4357.19
6502.0,4360.06
5646.0,4432.96
4790.0,3114.92
3934.0,0.0
3078.0,7640.91
2222.0,6155.42
1366.0,5524.79
510.0,5272.64
40743.0,8006.48
39887.0,0.0
39031.0,9331.42
38175.0,7414.83
37319.0,7039.55
36463.0,6903.6
35607.0,6958.72
34751.0,7224.32
33895.0,0.0
33039.0,6480.45
32183.0,5686.15
31327.0,5674.02
30471.0,5835.58
29615.0,6360.18
28759.0,7216.9
27903.0,0.0
27047.0,9412.76
26191.0,7607.77
25335.0,7104.58
24479.0,7087.93
23623.0,7057.7
22767.0,6943.82
21911.0,0.0
21055.0,6091.82
20199.0,5371.36
19343.0,5298.93
18487.0,5327.53
17631.0,6252.53
16775.0,7315.67
15919.0,0.0
15063.0,10715.82
14207.0,8280.14
13351.0,7530.14
12495.0,7335.8
11639.0,7257.67
10783.0,7004.6
9927.0,0.0
9071.0,6423.54
8215.0,5667.56
7359.0,5697.84
6503.0,5749.28
5647.0,6070.66
4791.0,6809.12
3935.0,0.0
3079.0,9150.76
2223.0,7369.71
1367.0,6875.55
511.0,6847.04
40744.0,6830.18
39888.0,0.0
39032.0,10850.13
38176.0,8742.49
37320.0,8098.87
36464.0,7648.47
35608.0,7449.78
34752.0,5805.29
33896.0,0.0
33040.0,6718.85
32184.0,5878.26
31328.0,5780.68
30472.0,5919.04
29616.0,5951.44
28760.0,5666.58
27904.0,0.0
27048.0,10414.17
26192.0,8421.72
25336.0,7710.89
24480.0,7254.88
23624.0,7137.73
22768.0,5405.97
21912.0,0.0
21056.0,6075.55
20200.0,5280.97
19344.0,5209.28
18488.0,5147.08
17632.0,6012.92
16776.0,5728.07
15920.0,0.0
15064.0,11989.65
14208.0,9182.47
13352.0,7968.48
12496.0,7628.59
11640.0,7439.92
10784.0,5522.48
9928.0,0.0
9072.0,6276.0
8216.0,5638.31
7360.0,5621.56
6504.0,5593.96
5648.0,5717.62
4792.0,5456.86
3936.0,0.0
3080.0,10086.69
2224.0,8003.15
1368.0,7217.61
512.0,6959.54
40745.0,6326.73
39889.0,0.0
39033.0,8693.67
38177.0,7296.21
37321.0,6719.13
36465.0,6527.39
35609.0,6728.79
34753.0,6482.95
33897.0,0.0
33041.0,6290.62
32185.0,5723.22
31329.0,5471.83
30473.0,5547.44
29617.0,5887.59
28761.0,5788.7
27905.0,0.0
27049.0,8987.34
26193.0,7426.08
25337.0,6842.7
24481.0,6630.26
23625.0,6721.04
22769.0,6394.35
21913.0,0.0
21057.0,5881.78
20201.0,5434.78
19345.0,5172.29
18489.0,5345.33
17633.0,6165.81
16777.0,6473.58
15921.0,0.0
15065.0,9782.2
14209.0,7875.85
13353.0,7205.08
12497.0,6934.23
11641.0,6885.1
10785.0,6163.27
9929.0,0.0
9073.0,6678.14
8217.0,5957.34
7361.0,5771.87
6505.0,5784.36
5649.0,5850.29
4793.0,5978.14
3937.0,0.0
3081.0,8945.16
2225.0,7297.84
1369.0,6809.96
513.0,6585.71
40746.0,5077.03
39890.0,0.0
39034.0,11393.05
38178.0,9931.54
37322.0,8930.29
36466.0,8311.99
35610.0,8015.92
34754.0,4670.96
33898.0,0.0
33042.0,7603.03
32186.0,7138.3
31330.0,6614.87
30474.0,6605.7
29618.0,6915.31
28762.0,4726.6
27906.0,0.0
27050.0,11512.38
26194.0,9767.51
25338.0,8764.19
24482.0,8207.8
23626.0,7869.75
22770.0,4419.29
21914.0,0.0
21058.0,7014.63
20202.0,6490.32
19346.0,6049.07
18490.0,6251.36
17634.0,6912.94
16778.0,4902.82
15922.0,0.0
15066.0,14042.87
14210.0,10842.0
13354.0,9390.17
12498.0,8588.57
11642.0,8176.42
10786.0,4688.81
9930.0,0.0
9074.0,7342.4
8218.0,6836.57
7362.0,6586.19
6506.0,6663.28
5650.0,6720.47
4794.0,4657.61
3938.0,0.0
3082.0,11640.82
2226.0,9655.93
1370.0,8562.92
514.0,8160.66
40747.0,8866.16
39891.0,0.0
39035.0,10798.83
38179.0,8469.35
37323.0,8157.95
36467.0,7864.83
35611.0,7744.36
34755.0,8216.7
33899.0,0.0
33043.0,7252.12
32187.0,6592.69
31331.0,6461.52
30475.0,6524.85
29619.0,6799.34
28763.0,7964.23
27907.0,0.0
27051.0,10997.1
26195.0,8905.86
25339.0,8395.7
24483.0,8065.85
23627.0,7891.48
22771.0,8128.22
21915.0,0.0
21059.0,6996.73
20203.0,6125.39
19347.0,5924.23
18491.0,6251.81
17635.0,7186.16
16779.0,8922.14
15923.0,0.0
15067.0,13707.9
14211.0,9608.67
13355.0,8618.57
12499.0,8289.11
11643.0,8109.4
10787.0,8203.68
9931.0,0.0
9075.0,7415.31
8219.0,6498.94
7363.0,6496.53
6507.0,6637.03
5651.0,6871.94
4795.0,7993.61
3939.0,0.0
3083.0,11232.52
2227.0,8862.16
1371.0,8190.06
515.0,8037.37
40748.0,8357.86
39892.0,0.0
39036.0,12748.77
38180.0,9915.69
37324.0,9431.01
36468.0,8984.73
35612.0,9023.06
34756.0,7837.07
33900.0,0.0
33044.0,8184.6
32188.0,7339.73
31332.0,7300.1
30476.0,7334.29
29620.0,8066.31
28764.0,7909.89
27908.0,0.0
27052.0,12730.92
26196.0,10308.66
25340.0,9393.28
24484.0,8848.45
23628.0,8929.14
22772.0,7532.08
21916.0,0.0
21060.0,7734.71
20204.0,6945.28
19348.0,6796.77
18492.0,6985.44
17636.0,7984.02
16780.0,8671.56
15924.0,0.0
15068.0,14245.33
14212.0,11103.53
13356.0,10059.77
12500.0,9495.23
11644.0,9227.79
10788.0,7940.88
9932.0,0.0
9076.0,8059.05
8220.0,7172.49
7364.0,7066.69
6508.0,7259.04
5652.0,7696.74
4796.0,7876.45
3940.0,0.0
3084.0,12432.58
2228.0,9776.21
1372.0,8860.58
516.0,8605.87
40749.0,5367.73
39893.0,0.0
39037.0,7089.44
38181.0,5471.11
37325.0,5429.14
36469.0,5479.01
35613.0,5667.57
34757.0,5056.13
33901.0,0.0
33045.0,4815.4
32189.0,4376.11
31333.0,4256.2
30477.0,4407.63
29621.0,4935.18
28765.0,0.0
27909.0,0.0
27053.0,6918.18
26197.0,5475.07
25341.0,5158.98
24485.0,5224.11
23629.0,5346.15
22773.0,5059.47
21917.0,0.0
21061.0,4208.39
20205.0,3736.24
19349.0,3675.82
18493.0,3849.57
17637.0,4671.49
16781.0,4835.56
15925.0,0.0
15069.0,7904.82
14213.0,5988.97
13357.0,5415.07
12501.0,5336.57
11645.0,5434.78
10789.0,4812.96
9933.0,0.0
9077.0,4576.92
8221.0,3954.23
7365.0,3986.98
6509.0,4086.43
5653.0,4483.22
4797.0,4466.69
3941.0,0.0
3085.0,6767.78
2229.0,5494.76
1373.0,5080.48
517.0,5117.12
40750.0,5728.0
39894.0,0.0
39038.0,9446.92
38182.0,7803.3
37326.0,7275.5
36470.0,7090.95
35614.0,7066.87
34758.0,0.0
33902.0,0.0
33046.0,6093.72
32190.0,5669.13
31334.0,5374.06
30478.0,5277.49
29622.0,5486.79
28766.0,0.0
27910.0,0.0
27054.0,8724.14
26198.0,7375.76
25342.0,6646.84
24486.0,6458.58
23630.0,6337.04
22774.0,4410.54
21918.0,0.0
21062.0,5482.75
20206.0,5061.99
19350.0,4853.17
18494.0,4959.04
17638.0,5627.23
16782.0,4815.48
15926.0,0.0
15070.0,9656.66
14214.0,7817.61
13358.0,6855.88
12502.0,6750.29
11646.0,6665.42
10790.0,4292.31
9934.0,0.0
9078.0,5972.31
8222.0,5424.21
7366.0,5234.75
6510.0,5189.9
5654.0,5340.47
4798.0,4144.71
3942.0,0.0
3086.0,8715.84
2230.0,7261.31
1374.0,6535.81
518.0,6372.42
40751.0,6092.37
39895.0,0.0
39039.0,9950.23
38183.0,8408.54
37327.0,7710.31
36471.0,7506.18
35615.0,7372.14
34759.0,5510.88
33903.0,0.0
33047.0,6704.69
32191.0,6366.79
31335.0,5990.11
30479.0,6035.33
29623.0,6373.93
28767.0,0.0
27911.0,0.0
27055.0,9719.78
26199.0,8250.47
25343.0,7409.5
24487.0,7042.88
23631.0,6920.19
22775.0,5421.3
21919.0,0.0
21063.0,6112.08
20207.0,5533.09
19351.0,5292.17
18495.0,5382.25
17639.0,6284.74
16783.0,5805.08
15927.0,0.0
15071.0,12229.95
14215.0,9085.13
13359.0,7889.11
12503.0,7555.46
11647.0,7417.6
10791.0,5392.2
9935.0,0.0
9079.0,6667.83
8223.0,6129.81
7367.0,6046.98
6511.0,6028.73
5655.0,6065.02
4799.0,5343.57
3943.0,0.0
3087.0,10022.53
2231.0,8187.12
1375.0,7426.75
519.0,7236.5
40752.0,7723.52
39896.0,0.0
39040.0,12359.51
38184.0,10165.98
37328.0,9633.23
36472.0,9495.97
35616.0,9420.96
34760.0,7442.67
33904.0,0.0
33048.0,7759.47
32192.0,7050.71
31336.0,7181.97
30480.0,7402.33
29624.0,8022.12
28768.0,7297.94
27912.0,0.0
27056.0,12179.61
26200.0,9963.97
25344.0,9321.75
24488.0,9057.59
23632.0,8924.43
22776.0,7066.96
21920.0,0.0
21064.0,7375.21
20208.0,6527.81
19352.0,6479.5
18496.0,6904.39
17640.0,7896.99
16784.0,7746.4
15928.0,0.0
15072.0,13651.05
14216.0,10489.35
13360.0,9547.13
12504.0,9218.56
11648.0,9112.24
10792.0,7283.42
9936.0,0.0
9080.0,7765.57
8224.0,6985.78
7368.0,6999.94
6512.0,7328.02
5656.0,7643.8
4800.0,7306.51
3944.0,0.0
3088.0,12338.73
2232.0,9721.6
1376.0,8874.66
520.0,8741.98
40753.0,5078.17
39897.0,0.0
39041.0,10889.01
38185.0,9292.05
37329.0,8633.46
36473.0,8244.45
35617.0,8394.12
34761.0,4738.92
33905.0,0.0
33049.0,7194.6
32193.0,6842.2
31337.0,6671.5
30481.0,6665.8
29625.0,7180.44
28769.0,4814.5
27913.0,0.0
27057.0,10552.33
26201.0,8911.98
25345.0,8351.03
24489.0,7919.43
23633.0,7904.58
22777.0,4472.43
21921.0,0.0
21065.0,6994.59
20209.0,6398.24
19353.0,6081.13
18497.0,6316.73
17641.0,7555.31
16785.0,5096.01
15929.0,0.0
15073.0,12757.95
14217.0,9871.5
13361.0,8843.02
12505.0,8356.12
11649.0,8255.96
10793.0,4710.86
9937.0,0.0
9081.0,7413.38
8225.0,6821.3
7369.0,6631.48
6513.0,6773.23
5657.0,7037.27
4801.0,4695.89
3945.0,0.0
3089.0,10818.0
2233.0,8712.08
1377.0,8144.97
521.0,7860.13
40754.0,2060.78
39898.0,0.0
39042.0,4960.03
38186.0,4126.97
37330.0,3845.27
36474.0,4428.19
35618.0,3905.91
34762.0,1864.87
33906.0,0.0
33050.0,3436.54
32194.0,3170.31
31338.0,3180.76
30482.0,3443.47
29626.0,3257.54
28770.0,1931.68
27914.0,0.0
27058.0,5058.71
26202.0,4350.43
25346.0,3966.05
24490.0,4226.52
23634.0,3948.14
22778.0,1750.95
21922.0,0.0
21066.0,3179.27
20210.0,3004.79
19354.0,2960.43
18498.0,3188.1
17642.0,3499.98
16786.0,1885.11
15930.0,0.0
15074.0,6246.43
14218.0,4834.21
13362.0,4338.02
12506.0,4332.79
11650.0,4170.59
10794.0,1750.22
9938.0,0.0
9082.0,3384.11
8226.0,3158.46
7370.0,3071.63
6514.0,3260.86
5658.0,3156.15
4802.0,1727.08
3946.0,0.0
3090.0,5323.82
2234.0,4487.12
1378.0,4017.37
522.0,4025.86
40755.0,7077.19
39899.0,13450.73
39043.0,9820.77
38187.0,9206.45
37331.0,9364.45
36475.0,9081.07
35619.0,9162.55
34763.0,6337.65
33907.0,12916.9
33051.0,8569.96
32195.0,7708.56
31339.0,7649.34
30483.0,7993.45
29627.0,8437.63
28771.0,6544.07
27915.0,12717.57
27059.0,9967.94
26203.0,9286.84
25347.0,9278.91
24491.0,9103.13
23635.0,9271.93
22779.0,5957.87
21923.0,12117.78
21067.0,8285.87
20211.0,7219.95
19355.0,7126.78
18499.0,7399.9
17643.0,8306.11
16787.0,6546.05
15931.0,12479.89
15075.0,10864.62
14219.0,9713.38
13363.0,9522.96
12507.0,9183.87
11651.0,9502.87
10795.0,6102.3
9939.0,12046.91
9083.0,8711.37
8227.0,7783.99
7371.0,7702.03
6515.0,7846.29
5659.0,8026.62
4803.0,6180.89
3947.0,12390.99
3091.0,9640.06
2235.0,8876.47
1379.0,8816.55
523.0,8801.43
40756.0,7323.02
39900.0,0.0
39044.0,9525.32
38188.0,7657.56
37332.0,7029.84
36476.0,6909.64
35620.0,7094.84
34764.0,6495.04
33908.0,0.0
33052.0,6231.98
32196.0,5607.06
31340.0,5501.18
30484.0,5579.95
29628.0,5941.91
28772.0,0.0
27916.0,0.0
27060.0,9505.86
26204.0,7801.86
25348.0,6969.54
24492.0,6729.63
23636.0,6877.45
22780.0,6351.82
21924.0,0.0
21068.0,5599.74
20212.0,5004.38
19356.0,4975.8
18500.0,5149.6
17644.0,6187.24
16788.0,6655.37
15932.0,0.0
15076.0,10794.73
14220.0,8097.59
13364.0,7108.8
12508.0,6907.35
11652.0,6986.45
10796.0,6352.12
9940.0,0.0
9084.0,5812.49
8228.0,5274.05
7372.0,5274.4
6516.0,5285.7
5660.0,5576.66
4804.0,6112.17
3948.0,0.0
3092.0,9476.74
2236.0,7538.52
1380.0,6836.78
524.0,6688.03
40757.0,5984.02
39901.0,0.0
39045.0,10150.42
38189.0,8113.14
37333.0,7795.63
36477.0,7555.66
35621.0,7676.1
34765.0,5482.69
33909.0,0.0
33053.0,6556.97
32197.0,5968.82
31341.0,6015.88
30485.0,6224.09
29629.0,6473.33
28773.0,5615.48
27917.0,0.0
27061.0,10003.64
26205.0,8193.57
25349.0,7804.17
24493.0,7458.05
23637.0,7442.44
22781.0,5485.47
21925.0,0.0
21069.0,6219.03
20213.0,5622.83
19357.0,5635.44
18501.0,5831.12
17645.0,7021.38
16789.0,6190.59
15933.0,0.0
15077.0,13004.47
14221.0,9369.3
13365.0,8259.7
12509.0,7869.06
11653.0,7844.32
10797.0,5574.09
9941.0,0.0
9085.0,6525.69
8229.0,5922.77
7373.0,6023.71
6517.0,6169.04
5661.0,6523.17
4805.0,5640.32
3949.0,0.0
3093.0,10347.04
2237.0,8281.59
1381.0,7744.12
525.0,7490.96
40758.0,5507.55
39902.0,0.0
39046.0,7910.19
38190.0,6656.37
37334.0,6133.3
36478.0,5869.08
35622.0,5729.51
34766.0,5056.41
33910.0,0.0
33054.0,5063.75
32198.0,4522.55
31342.0,4363.37
30486.0,4362.89
29630.0,4534.49
28774.0,5023.71
27918.0,0.0
27062.0,7676.0
26206.0,6340.84
25350.0,5848.03
24494.0,5595.01
23638.0,5549.0
22782.0,4896.69
21926.0,0.0
21070.0,4588.94
20214.0,4135.66
19358.0,3951.46
18502.0,4146.52
17646.0,4867.0
16790.0,5591.51
15934.0,0.0
15078.0,9263.24
14222.0,7148.58
13366.0,6274.87
12510.0,6044.26
11654.0,6016.6
10798.0,5163.31
9942.0,0.0
9086.0,5042.27
8230.0,4429.49
7374.0,4288.18
6518.0,4350.3
5662.0,4671.95
4806.0,5168.38
3950.0,0.0
3094.0,7757.0
2238.0,6321.2
1382.0,5760.21
526.0,5597.9
40759.0,3595.7
39903.0,0.0
39047.0,5810.36
38191.0,4921.25
37335.0,4585.72
36479.0,4627.59
35623.0,4608.99
34767.0,3657.05
33911.0,0.0
33055.0,4236.56
32199.0,3928.43
31343.0,3775.37
30487.0,3775.76
29631.0,3886.63
28775.0,3315.9
27919.0,0.0
27063.0,5722.37
26207.0,4987.39
25351.0,4737.21
24495.0,4545.07
23639.0,4546.49
22783.0,3666.54
21927.0,0.0
21071.0,3910.38
20215.0,3614.09
19359.0,3478.69
18503.0,3448.91
17647.0,3849.22
16791.0,3727.33
15935.0,0.0
15079.0,6813.37
14223.0,5328.2
13367.0,4738.73
12511.0,4735.72
11655.0,4633.46
10799.0,3620.78
9943.0,0.0
9087.0,4270.2
8231.0,3863.5
7375.0,3773.28
6519.0,3752.9
5663.0,3763.71
4807.0,3424.56
3951.0,0.0
3095.0,5927.53
2239.0,5013.24
1383.0,4584.37
527.0,4512.83
40760.0,10879.13
39904.0,0.0
39048.0,13387.86
38192.0,10824.64
37336.0,10185.96
36480.0,9646.97
35624.0,9310.78
34768.0,9857.41
33912.0,0.0
33056.0,8790.54
32200.0,7837.4
31344.0,7647.53
30488.0,7692.62
29632.0,7958.58
28776.0,0.0
27920.0,0.0
27064.0,12739.41
26208.0,10653.49
25352.0,9510.42
24496.0,9033.67
23640.0,8819.12
22784.0,8785.73
21928.0,0.0
21072.0,7977.87
20216.0,7059.83
19360.0,6838.8
18504.0,7078.36
17648.0,8055.47
16792.0,9133.15
15936.0,0.0
15080.0,15646.09
14224.0,11325.76
13368.0,10263.54
12512.0,9843.61
11656.0,9386.16
10800.0,9074.2
9944.0,0.0
9088.0,8228.68
8232.0,7412.01
7376.0,7316.62
6520.0,7495.86
5664.0,7642.86
4808.0,8313.07
3952.0,0.0
3096.0,13110.32
2240.0,10555.54
1384.0,9367.73
528.0,9184.06
40761.0,3167.68
39905.0,0.0
39049.0,8436.33
38193.0,6994.04
37337.0,6375.06
36481.0,6039.48
35625.0,5905.79
34769.0,2847.77
33913.0,0.0
33057.0,5304.65
32201.0,5001.39
31345.0,4932.15
30489.0,4951.07
29633.0,5139.8
28777.0,2789.52
27921.0,0.0
27065.0,8401.9
26209.0,6861.07
25353.0,6330.44
24497.0,6059.93
23641.0,5998.97
22785.0,2821.62
21929.0,0.0
21073.0,5066.14
20217.0,4779.02
19361.0,4517.1
18505.0,4714.52
17649.0,5550.57
16793.0,3071.94
15937.0,0.0
15081.0,10270.05
14225.0,7833.89
13369.0,6615.47
12513.0,6275.68
11657.0,6206.61
10801.0,2829.51
9945.0,0.0
9089.0,5200.91
8233.0,4864.51
7377.0,4780.21
6521.0,4762.57
5665.0,5012.87
4809.0,2789.88
3953.0,0.0
3097.0,8651.4
2241.0,6996.9
1385.0,6150.97
529.0,5931.68
40762.0,8975.03
39906.0,0.0
39050.0,12736.48
38194.0,10334.0
37338.0,9523.16
36482.0,9170.42
35626.0,9123.42
34770.0,8367.44
33914.0,0.0
33058.0,8135.36
32202.0,7349.26
31346.0,7459.12
30490.0,7693.8
29634.0,8100.71
28778.0,8483.23
27922.0,0.0
27066.0,12454.05
26210.0,10175.47
25354.0,9436.64
24498.0,9023.25
23642.0,9351.93
22786.0,8167.01
21930.0,0.0
21074.0,7834.37
20218.0,6955.82
19362.0,6898.98
18506.0,7229.47
17650.0,8372.8
16794.0,9229.46
15938.0,0.0
15082.0,13930.67
14226.0,11179.09
13370.0,10250.74
12514.0,9759.34
11658.0,9463.32
10802.0,8412.63
9946.0,0.0
9090.0,8278.33
8234.0,7436.32
7378.0,7374.91
6522.0,7668.65
5666.0,8013.49
4810.0,8542.48
3954.0,0.0
3098.0,12357.25
2242.0,9979.11
1386.0,9173.2
530.0,9107.24
40763.0,5176.51
39907.0,0.0
39051.0,9645.24
38195.0,7538.13
37339.0,6946.16
36483.0,6903.81
35627.0,6910.3
34771.0,4850.14
33915.0,0.0
33059.0,6168.77
32203.0,5447.73
31347.0,5297.42
30491.0,5337.01
29635.0,5955.99
28779.0,4610.83
27923.0,0.0
27067.0,9501.63
26211.0,7610.77
25355.0,6909.99
24499.0,6766.96
23643.0,6779.64
22787.0,4480.46
21931.0,0.0
21075.0,5619.2
20219.0,4926.89
19363.0,4778.38
18507.0,4995.5
17651.0,5755.12
16795.0,4856.82
15939.0,0.0
15083.0,10439.05
14227.0,8121.34
13371.0,7013.94
12515.0,6849.53
11659.0,6805.64
10803.0,4589.65
9947.0,0.0
9091.0,5796.5
8235.0,5234.1
7379.0,5111.42
6523.0,5275.6
5667.0,5579.04
4811.0,4648.23
3955.0,0.0
3099.0,9353.61
2243.0,7369.95
1387.0,6664.05
531.0,6541.8
40764.0,4722.84
39908.0,0.0
39052.0,7638.17
38196.0,6356.57
37340.0,5960.97
36484.0,5551.61
35628.0,5421.18
34772.0,4109.19
33916.0,0.0
33060.0,4875.15
32204.0,4594.05
31348.0,4602.81
30492.0,4670.33
29636.0,4706.15
28780.0,4201.25
27924.0,0.0
27068.0,7330.42
26212.0,6171.87
25356.0,5789.7
24500.0,5540.87
23644.0,5442.11
22788.0,4039.49
21932.0,0.0
21076.0,4671.23
20220.0,4371.95
19364.0,4204.28
18508.0,4376.99
17652.0,5074.26
16796.0,4679.93
15940.0,0.0
15084.0,8362.16
14228.0,6963.55
13372.0,6259.43
12516.0,5906.75
11660.0,5827.86
10804.0,4212.79
9948.0,0.0
9092.0,5206.16
8236.0,4631.03
7380.0,4535.86
6524.0,4592.43
5668.0,4733.54
4812.0,4171.86
3956.0,0.0
3100.0,7175.64
2244.0,6157.25
1388.0,5689.44
532.0,5460.24
40765.0,7420.92
39909.0,0.0
39053.0,11052.2
38197.0,8691.41
37341.0,7931.59
36485.0,7900.0
35629.0,8004.18
34773.0,6888.66
33917.0,0.0
33061.0,7164.63
32205.0,6482.54
31349.0,6564.89
30493.0,6736.83
29637.0,7329.24
28781.0,7217.83
27925.0,0.0
27069.0,10970.39
26213.0,8930.04
25357.0,8437.29
24501.0,8141.11
23645.0,8249.59
22789.0,6793.61
21933.0,0.0
21077.0,6864.75
20221.0,6050.24
19365.0,5977.19
18509.0,6431.59
17653.0,7663.41
16797.0,7624.62
15941.0,0.0
15085.0,13938.48
14229.0,9710.86
13373.0,8654.84
12517.0,8353.86
11661.0,8358.42
10805.0,6859.11
9949.0,0.0
9093.0,7108.08
8237.0,6373.68
7381.0,6423.2
6525.0,6701.16
5669.0,7103.45
4813.0,6946.47
3957.0,0.0
3101.0,11226.19
2245.0,8870.41
1389.0,8227.1
533.0,8049.52
40766.0,4689.79
39910.0,0.0
39054.0,9931.15
38198.0,7591.9
37342.0,6773.49
36486.0,6412.93
35630.0,5972.3
34774.0,3759.4
33918.0,0.0
33062.0,5616.36
32206.0,5415.31
31350.0,5181.72
30494.0,5145.24
29638.0,5183.93
28782.0,3893.32
27926.0,0.0
27070.0,8996.36
26214.0,7468.95
25358.0,6744.49
24502.0,6397.0
23646.0,6014.7
22790.0,3563.08
21934.0,0.0
21078.0,5308.9
20222.0,5026.31
19366.0,4832.69
18510.0,4955.22
17654.0,5505.45
16798.0,4340.52
15942.0,0.0
15086.0,10529.3
14230.0,8317.6
13374.0,7198.66
12518.0,6741.74
11662.0,6253.32
10806.0,3823.27
9950.0,0.0
9094.0,5654.01
8238.0,5190.37
7382.0,5015.58
6526.0,5064.03
5670.0,5064.86
4814.0,3902.9
3958.0,0.0
3102.0,8962.84
2246.0,7380.63
1390.0,6541.52
534.0,6195.16
40767.0,4958.6
39911.0,0.0
39055.0,10135.57
38199.0,7694.24
37343.0,6959.03
36487.0,6704.71
35631.0,6584.24
34775.0,4427.14
33919.0,0.0
33063.0,6113.18
32207.0,5247.37
31351.0,4994.15
30495.0,5079.98
29639.0,5518.35
28783.0,4406.68
27927.0,0.0
27071.0,9830.68
26215.0,7882.78
25359.0,6938.41
24503.0,6573.55
23647.0,6490.58
22791.0,4384.54
21935.0,0.0
21079.0,5262.41
20223.0,4556.24
19367.0,4373.24
18511.0,4629.64
17655.0,5471.28
16799.0,4808.1
15943.0,0.0
15087.0,12561.95
14231.0,8654.21
13375.0,7303.47
12519.0,6880.63
11663.0,6603.04
10807.0,4528.16
9951.0,0.0
9095.0,5351.49
8239.0,4856.36
7383.0,4750.35
6527.0,4836.15
5671.0,5107.45
4815.0,4464.18
3959.0,0.0
3103.0,10053.41
2247.0,7857.96
1391.0,6771.41
535.0,6477.17
40768.0,9488.1
39912.0,0.0
39056.0,12393.26
38200.0,10114.94
37344.0,9327.86
36488.0,8988.3
35632.0,8544.51
34776.0,8807.2
33920.0,0.0
33064.0,8297.53
32208.0,7584.15
31352.0,7475.64
30496.0,7458.31
29640.0,7695.68
28784.0,0.0
27928.0,0.0
27072.0,12150.99
26216.0,9979.61
25360.0,8888.75
24504.0,8447.07
23648.0,8009.76
22792.0,8466.33
21936.0,0.0
21080.0,7592.48
20224.0,7070.88
19368.0,6811.66
18512.0,6872.48
17656.0,7654.11
16800.0,8527.3
15944.0,0.0
15088.0,13858.12
14232.0,11021.85
13376.0,9811.47
12520.0,9331.35
11664.0,8768.01
10808.0,8291.39
9952.0,0.0
9096.0,8181.54
8240.0,7582.41
7384.0,7333.19
6528.0,7422.56
5672.0,7467.09
4816.0,7504.56
3960.0,0.0
3104.0,12408.32
2248.0,10020.91
1392.0,8964.83
536.0,8643.56
40769.0,2387.47
39913.0,0.0
39057.0,8440.96
38201.0,6614.68
37345.0,6269.99
36489.0,5964.01
35633.0,5617.1
34777.0,2597.31
33921.0,0.0
33065.0,5425.91
32209.0,5028.21
31353.0,4940.66
30497.0,4909.78
29641.0,5173.56
28785.0,2417.09
27929.0,0.0
27073.0,8150.21
26217.0,6588.88
25361.0,6120.13
24505.0,5909.96
23649.0,5652.64
22793.0,2455.5
21937.0,0.0
21081.0,4990.58
20225.0,4605.52
19369.0,4469.42
18513.0,4590.65
17657.0,5340.77
16801.0,2534.98
15945.0,0.0
15089.0,10448.8
14233.0,7793.64
13377.0,6597.42
12521.0,6233.76
11665.0,6088.6
10809.0,2469.34
9953.0,0.0
9097.0,5221.83
8241.0,4768.63
7385.0,4697.36
6529.0,4652.41
5673.0,4898.02
4817.0,2411.25
3961.0,0.0
3105.0,8554.83
2249.0,6851.84
1393.0,6063.26
537.0,5817.31
40770.0,8305.07
39914.0,0.0
39058.0,13339.7
38202.0,10916.33
37346.0,10325.58
36490.0,10166.87
35634.0,10173.87
34778.0,7145.29
33922.0,0.0
33066.0,9247.44
32210.0,8393.25
31354.0,7905.61
30498.0,8011.83
29642.0,8072.71
28786.0,7729.86
27930.0,0.0
27074.0,12961.77
26218.0,11140.79
25362.0,10170.42
24506.0,9759.65
23650.0,9435.86
22794.0,7132.82
21938.0,0.0
21082.0,8605.34
20226.0,7858.41
19370.0,7572.56
18514.0,7761.23
17658.0,8779.3
16802.0,8337.27
15946.0,0.0
15090.0,14703.17
14234.0,11778.12
13378.0,10776.81
12522.0,10177.61
11666.0,9755.53
10810.0,7324.47
9954.0,0.0
9098.0,9020.72
8242.0,8307.68
7386.0,8015.62
6530.0,8048.68
5674.0,8083.89
4818.0,7596.98
3962.0,0.0
3106.0,12770.91
2250.0,10913.36
1394.0,9689.0
538.0,9392.11
40771.0,10088.74
39915.0,0.0
39059.0,14982.39
38203.0,11997.11
37347.0,11115.5
36491.0,10845.1
35635.0,11024.38
34779.0,9131.72
33923.0,0.0
33067.0,9463.31
32211.0,8534.19
31355.0,8584.44
30499.0,9075.97
29643.0,9627.72
28787.0,9389.53
27931.0,0.0
27075.0,14194.9
26219.0,11896.66
25363.0,11196.27
24507.0,10712.48
23651.0,10692.04
22795.0,9077.67
21939.0,0.0
21083.0,8940.22
20227.0,7933.38
19371.0,7765.59
18515.0,8339.45
17659.0,9889.46
16803.0,10334.08
15947.0,0.0
15091.0,18558.41
14235.0,13050.67
13379.0,11904.02
12523.0,11185.44
11667.0,11076.69
10811.0,9236.93
9955.0,0.0
9099.0,9412.8
8243.0,8285.63
7387.0,8137.4
6531.0,8299.95
5675.0,8866.43
4819.0,9452.13
3963.0,0.0
3107.0,15008.13
2251.0,11944.08
1395.0,10867.83
539.0,10504.06
40772.0,7402.34
39916.0,0.0
39060.0,11357.9
38204.0,9844.09
37348.0,8842.79
36492.0,8431.21
35636.0,8200.0
34780.0,6825.0
33924.0,0.0
33068.0,7643.38
32212.0,7180.13
31356.0,6858.42
30500.0,6792.58
29644.0,6851.3
28788.0,6429.81
27932.0,0.0
27076.0,11422.44
26220.0,9650.6
25364.0,8829.02
24508.0,8342.21
23652.0,7953.1
22796.0,6329.77
21940.0,0.0
21084.0,7167.72
20228.0,6690.84
19372.0,6291.89
18516.0,6509.0
17660.0,7284.08
16804.0,6955.48
15948.0,0.0
15092.0,13895.41
14236.0,10732.28
13380.0,9401.63
12524.0,8700.09
11668.0,8330.35
10812.0,6633.36
9956.0,0.0
9100.0,7633.22
8244.0,7004.35
7388.0,6740.07
6532.0,6817.34
5676.0,6865.63
4820.0,6430.04
3964.0,0.0
3108.0,11873.48
2252.0,9678.77
1396.0,8651.49
540.0,8307.69
40773.0,2813.56
39917.0,0.0
39061.0,6719.24
38205.0,5697.61
37349.0,5169.94
36493.0,5112.43
35637.0,4963.83
34781.0,2535.85
33925.0,0.0
33069.0,4410.06
32213.0,4150.12
31357.0,3995.4
30501.0,4030.29
29645.0,4215.88
28789.0,2466.82
27933.0,0.0
27077.0,6519.73
26221.0,5484.13
25365.0,5024.69
24509.0,4885.63
23653.0,4781.18
22797.0,2395.88
21941.0,0.0
21085.0,4003.35
20229.0,3741.9
19373.0,3659.71
18517.0,3705.41
17661.0,4208.87
16805.0,2635.93
15949.0,0.0
15093.0,7675.22
14237.0,5959.29
13381.0,5275.13
12525.0,5025.66
11669.0,4891.65
10813.0,2500.62
9957.0,0.0
9101.0,4354.08
8245.0,4030.55
7389.0,3898.65
6533.0,3905.99
5677.0,4031.73
4821.0,2439.77
3965.0,0.0
3109.0,6457.85
2253.0,5367.59
1397.0,4873.76
541.0,4720.17
40774.0,5292.01
39918.0,0.0
39062.0,8903.95
38206.0,6681.55
37350.0,6445.0
36494.0,6450.96
35638.0,6332.26
34782.0,5013.19
33926.0,0.0
33070.0,5462.9
32214.0,4917.4
31358.0,4782.67
30502.0,4886.42
29646.0,5224.5
28790.0,0.0
27934.0,0.0
27078.0,8742.95
26222.0,6825.05
25366.0,6086.84
24510.0,5950.66
23654.0,5956.31
22798.0,5560.6
21942.0,0.0
21086.0,4903.55
20230.0,4291.7
19374.0,4178.7
18518.0,4397.65
17662.0,5282.19
16806.0,5589.85
15950.0,0.0
15094.0,11131.17
14238.0,7882.63
13382.0,6752.15
12526.0,6418.02
11670.0,6277.37
10814.0,5372.85
9958.0,0.0
9102.0,5129.16
8246.0,4491.73
7390.0,4537.91
6534.0,4627.76
5678.0,4925.75
4822.0,5100.97
3966.0,0.0
3110.0,8961.79
2254.0,7071.52
1398.0,6222.33
542.0,6085.77
40775.0,3939.49
39919.0,0.0
39063.0,6225.45
38207.0,5174.59
37351.0,4907.94
36495.0,5065.32
35639.0,5006.55
34783.0,3632.36
33927.0,0.0
33071.0,4243.59
32215.0,4016.2
31359.0,3831.32
30503.0,3833.84
29647.0,4076.46
28791.0,0.0
27935.0,0.0
27079.0,6049.75
26223.0,5119.35
25367.0,4754.01
24511.0,4687.67
23655.0,4666.7
22799.0,3660.61
21943.0,0.0
21087.0,3749.21
20231.0,3499.94
19375.0,3358.24
18519.0,3481.03
17663.0,4032.96
16807.0,3424.12
15951.0,0.0
15095.0,6554.29
14239.0,5396.06
13383.0,4948.68
12527.0,4839.78
11671.0,4868.07
10815.0,3470.2
9959.0,0.0
9103.0,3974.26
8247.0,3698.07
7391.0,3666.13
6535.0,3756.72
5679.0,3860.39
4823.0,3151.6
3967.0,0.0
3111.0,6029.2
2255.0,5153.08
1399.0,4712.9
543.0,4679.61
40776.0,2166.29
39920.0,0.0
39064.0,4431.21
38208.0,3675.53
37352.0,3430.82
36496.0,3320.51
35640.0,3250.99
34784.0,2086.65
33928.0,0.0
33072.0,2998.76
32216.0,2811.19
31360.0,2833.18
30504.0,2697.57
29648.0,2823.42
28792.0,2053.93
27936.0,0.0
27080.0,4366.37
26224.0,3714.84
25368.0,3431.14
24512.0,3329.39
23656.0,3300.02
22800.0,1932.72
21944.0,0.0
21088.0,2855.64
20232.0,2688.86
19376.0,2624.35
18520.0,2612.75
17664.0,2899.06
16808.0,2094.07
15952.0,0.0
15096.0,5161.07
14240.0,4189.03
13384.0,3785.81
12528.0,3608.5
11672.0,3562.71
10816.0,1991.76
9960.0,0.0
9104.0,3011.55
8248.0,2681.0
7392.0,2647.89
6536.0,2704.4
5680.0,2731.27
4824.0,1889.51
3968.0,0.0
3112.0,0.0
2256.0,0.0
1400.0,0.0
544.0,0.0
40777.0,4785.38
39921.0,0.0
39065.0,10759.87
38209.0,9196.7
37353.0,8383.18
36497.0,8152.42
35641.0,8050.57
34785.0,4366.01
33929.0,0.0
33073.0,7137.86
32217.0,6557.55
31361.0,6345.94
30505.0,6484.26
29649.0,6783.56
28793.0,4557.22
27937.0,0.0
27081.0,10212.43
26225.0,8641.74
25369.0,8098.73
24513.0,7829.28
23657.0,7609.72
22801.0,4189.8
21945.0,0.0
21089.0,6756.98
20233.0,6115.62
19377.0,5916.09
18521.0,6229.14
17665.0,7304.9
16809.0,4868.53
15953.0,0.0
15097.0,12295.25
14241.0,9651.31
13385.0,8691.43
12529.0,8224.78
11673.0,8038.69
10817.0,4343.39
9961.0,0.0
9105.0,6976.25
8249.0,6403.2
7393.0,6297.37
6537.0,6434.54
5681.0,6705.31
4825.0,4391.5
3969.0,0.0
3113.0,10493.23
2257.0,8579.19
1401.0,7933.6
545.0,7764.42
40778.0,6705.91
39922.0,0.0
39066.0,8032.42
38210.0,6304.79
37354.0,6097.7
36498.0,6116.22
35642.0,6190.48
34786.0,6257.67
33930.0,0.0
33074.0,5529.65
32218.0,4922.49
31362.0,4835.52
30506.0,5067.57
29650.0,5450.71
28794.0,0.0
27938.0,0.0
27082.0,7891.8
26226.0,6158.94
25370.0,5619.11
24514.0,5556.08
23658.0,5625.18
22802.0,5782.44
21946.0,0.0
21090.0,4828.09
20234.0,4233.85
19378.0,4194.27
18522.0,4375.88
17666.0,5219.7
16810.0,5562.25
15954.0,0.0
15098.0,9237.92
14242.0,6934.81
13386.0,6143.69
12530.0,6028.84
11674.0,6078.83
10818.0,5748.48
9962.0,0.0
9106.0,5162.46
8250.0,4497.47
7394.0,4514.86
6538.0,4695.38
5682.0,5102.62
4826.0,5248.48
3970.0,0.0
3114.0,7773.16
2258.0,6247.47
1402.0,5771.08
546.0,5752.29
40779.0,5415.48
39923.0,0.0
39067.0,12000.86
38211.0,10093.89
37355.0,8991.01
36499.0,8700.23
35643.0,8918.36
34787.0,4948.96
33931.0,0.0
33075.0,8169.84
32219.0,7515.11
31363.0,7202.76
30507.0,7358.67
29651.0,7910.01
28795.0,5222.32
27939.0,0.0
27083.0,11502.74
26227.0,9735.03
25371.0,8911.08
24515.0,8539.96
23659.0,8625.05
22803.0,4691.1
21947.0,0.0
21091.0,7619.6
20235.0,7126.47
19379.0,6802.23
18523.0,7015.06
17667.0,8311.22
16811.0,5279.3
15955.0,0.0
15099.0,13654.49
14243.0,10780.26
13387.0,9566.03
12531.0,8903.11
11675.0,8764.23
10819.0,4946.5
9963.0,0.0
9107.0,8063.73
8251.0,7381.66
7395.0,7170.78
6539.0,7157.19
5683.0,7424.18
4827.0,5000.09
3971.0,0.0
3115.0,11709.65
2259.0,9555.96
1403.0,8553.55
547.0,8318.27
40780.0,4924.49
39924.0,0.0
39068.0,6968.86
38212.0,5623.57
37356.0,5174.08
36500.0,5274.52
35644.0,5340.3
34788.0,4521.74
33932.0,0.0
33076.0,4612.91
32220.0,4129.08
31364.0,4087.69
30508.0,4186.77
29652.0,4560.88
28796.0,0.0
27940.0,0.0
27084.0,6955.65
26228.0,5503.03
25372.0,5033.22
24516.0,4984.59
23660.0,5141.49
22804.0,4773.2
21948.0,0.0
21092.0,3966.99
20236.0,3559.38
19380.0,3536.1
18524.0,3729.54
17668.0,4380.55
16812.0,4773.2
15956.0,0.0
15100.0,8361.16
14244.0,6173.86
13388.0,5439.32
12532.0,5199.77
11676.0,5232.78
10820.0,4653.1
9964.0,0.0
9108.0,4332.41
8252.0,3808.08
7396.0,3858.76
6540.0,3948.54
5684.0,4154.42
4828.0,4380.65
3972.0,0.0
3116.0,7076.26
2260.0,5674.86
1404.0,5174.57
548.0,5085.29
40781.0,5535.98
39925.0,0.0
39069.0,8318.18
38213.0,6663.9
37357.0,6361.74
36501.0,6319.56
35645.0,6257.12
34789.0,5078.17
33933.0,0.0
33077.0,5517.99
32221.0,4962.58
31365.0,4872.07
30509.0,5166.09
29653.0,5529.71
28797.0,4727.74
27941.0,0.0
27085.0,8562.2
26229.0,7084.53
25373.0,6523.55
24517.0,6322.2
23661.0,6219.58
22805.0,4878.23
21949.0,0.0
21093.0,5151.5
20237.0,4540.97
19381.0,4446.53
18525.0,4807.06
17669.0,5588.16
16813.0,5406.98
15957.0,0.0
15101.0,10157.26
14245.0,7631.42
13389.0,6741.17
12533.0,6488.72
11677.0,6347.91
10821.0,5082.17
9965.0,0.0
9109.0,5470.28
8253.0,4796.76
7397.0,4845.15
6541.0,5051.82
5685.0,5343.89
4829.0,5052.73
3973.0,0.0
3117.0,8818.86
2261.0,7001.82
1405.0,6411.57
549.0,6294.28
40782.0,5068.14
39926.0,0.0
39070.0,8650.36
38214.0,7074.73
37358.0,6520.45
36502.0,6425.75
35646.0,6397.74
34790.0,4759.19
33934.0,0.0
33078.0,5663.99
32222.0,5367.03
31366.0,5163.1
30510.0,5216.07
29654.0,5385.48
28798.0,0.0
27942.0,0.0
27086.0,8522.34
26230.0,7137.46
25374.0,6389.86
24518.0,6124.44
23662.0,6045.81
22806.0,5019.71
21950.0,0.0
21094.0,5298.61
20238.0,4886.14
19382.0,4669.03
18526.0,4941.48
17670.0,5438.15
16814.0,5003.11
15958.0,0.0
15102.0,9902.15
14246.0,7728.02
13390.0,6739.77
12534.0,6433.22
11678.0,6339.91
10822.0,4872.45
9966.0,0.0
9110.0,5782.87
8254.0,5230.16
7398.0,5038.84
6542.0,5133.09
5686.0,5314.69
4830.0,4460.53
3974.0,0.0
3118.0,8706.28
2262.0,7191.07
1406.0,6473.51
550.0,6265.57
40783.0,7929.89
39927.0,0.0
39071.0,12058.1
38215.0,10043.45
37359.0,9420.85
36503.0,8988.17
35647.0,8630.56
34791.0,6894.3
33935.0,0.0
33079.0,8013.38
32223.0,7334.82
31367.0,7380.71
30511.0,7345.7
29655.0,7555.82
28799.0,7404.56
27943.0,0.0
27087.0,11697.95
26231.0,9937.25
25375.0,9275.01
24519.0,8753.92
23663.0,8373.14
22807.0,6607.69
21951.0,0.0
21095.0,7677.56
20239.0,7075.22
19383.0,6879.35
18527.0,7017.74
17671.0,8080.32
16815.0,7856.39
15959.0,0.0
15103.0,14858.43
14247.0,11552.68
13391.0,10083.46
12535.0,9564.06
11679.0,8954.42
10823.0,6926.68
9967.0,0.0
9111.0,8036.11
8255.0,7351.24
7399.0,7176.19
6543.0,7277.2
5687.0,7372.22
4831.0,7028.4
3975.0,0.0
3119.0,12015.83
2263.0,10023.3
1407.0,9106.33
551.0,8718.39
40784.0,5751.71
39928.0,0.0
39072.0,7419.44
38216.0,6048.53
37360.0,5860.26
36504.0,5854.06
35648.0,5979.9
34792.0,5382.52
33936.0,0.0
33080.0,5128.34
32224.0,4577.71
31368.0,4552.16
30512.0,4729.5
29656.0,5163.18
28800.0,5373.94
27944.0,0.0
27088.0,7562.53
26232.0,6147.78
25376.0,5774.2
24520.0,5834.38
23664.0,5862.42
22808.0,5371.09
21952.0,0.0
21096.0,4757.67
20240.0,4231.89
19384.0,4178.21
18528.0,4427.87
17672.0,5378.4
16816.0,6035.48
15960.0,0.0
15104.0,8860.88
14248.0,6735.43
13392.0,6124.81
12536.0,6071.58
11680.0,6146.36
10824.0,5473.05
9968.0,0.0
9112.0,5221.64
8256.0,4513.41
7400.0,4566.39
6544.0,4828.85
5688.0,5149.71
4832.0,5512.83
3976.0,0.0
3120.0,7633.94
2264.0,6142.47
1408.0,5709.32
552.0,5760.83
40785.0,6099.14
39929.0,0.0
39073.0,8170.82
38217.0,6430.72
37361.0,6193.26
36505.0,6010.13
35649.0,6107.38
34793.0,6111.57
33937.0,0.0
33081.0,5282.61
32225.0,4810.36
31369.0,4681.8
30513.0,4848.16
29657.0,5162.79
28801.0,0.0
27945.0,0.0
27089.0,8029.66
26233.0,6401.37
25377.0,5757.26
24521.0,5529.44
23665.0,5672.86
22809.0,6243.29
21953.0,0.0
21097.0,4750.14
20241.0,4191.29
19385.0,4102.17
18529.0,4243.21
17673.0,5203.25
16817.0,5673.07
15961.0,0.0
15105.0,9778.64
14249.0,7096.15
13393.0,6236.83
12537.0,5995.66
11681.0,6093.18
10825.0,5883.47
9969.0,0.0
9113.0,5109.55
8257.0,4511.07
7401.0,4513.21
6545.0,4620.42
5689.0,4985.41
4833.0,5261.24
3977.0,0.0
3121.0,8337.12
2265.0,6551.79
1409.0,5995.64
553.0,5837.02
40786.0,4179.0
39930.0,0.0
39074.0,7981.81
38218.0,6286.64
37362.0,5891.16
36506.0,5638.13
35650.0,5491.83
34794.0,3711.85
33938.0,0.0
33082.0,4739.75
32226.0,4262.82
31370.0,4268.53
30514.0,4338.8
29658.0,4555.94
28802.0,3936.79
27946.0,0.0
27090.0,7667.14
26234.0,6026.08
25378.0,5600.7
24522.0,5447.42
23666.0,5509.41
22810.0,3758.98
21954.0,0.0
21098.0,4402.74
20242.0,3931.61
19386.0,3824.09
18530.0,3951.72
17674.0,4841.18
16818.0,4337.63
15962.0,0.0
15106.0,9453.9
14250.0,6913.83
13394.0,6050.82
12538.0,5764.9
11682.0,5788.34
10826.0,3926.53
9970.0,0.0
9114.0,4664.35
8258.0,4076.23
7402.0,4027.19
6546.0,4063.51
5690.0,4403.62
4834.0,4024.39
3978.0,0.0
3122.0,7827.33
2266.0,6123.01
1410.0,5564.92
554.0,5319.58
40787.0,5931.54
39931.0,0.0
39075.0,10304.38
38219.0,8647.07
37363.0,8045.39
36507.0,7772.32
35651.0,7552.13
34795.0,5492.05
33939.0,0.0
33083.0,7043.35
32227.0,6567.59
31371.0,6211.27
30515.0,6189.04
29659.0,6533.95
28803.0,5314.42
27947.0,0.0
27091.0,10242.52
26235.0,8563.2
25379.0,7957.2
24523.0,7542.93
23667.0,7284.17
22811.0,5022.15
21955.0,0.0
21099.0,6666.19
20243.0,6052.38
19387.0,5862.86
18531.0,5855.58
17675.0,6545.39
16819.0,5340.74
15963.0,0.0
15107.0,11427.28
14251.0,9246.29
13395.0,8308.07
12539.0,7797.81
11683.0,7544.95
10827.0,5096.63
9971.0,0.0
9115.0,7039.8
8259.0,6477.97
7403.0,6330.73
6547.0,6278.21
5691.0,6307.39
4835.0,4985.42
3979.0,0.0
3123.0,9902.67
2267.0,8173.8
1411.0,7633.58
555.0,7277.93
40788.0,5616.76
39932.0,0.0
39076.0,7954.11
38220.0,6136.18
37364.0,5825.09
36508.0,5870.21
35652.0,5999.77
34796.0,5847.32
33940.0,0.0
33084.0,5135.19
32228.0,4645.72
31372.0,4631.14
30516.0,4796.52
29660.0,5205.22
28804.0,0.0
27948.0,0.0
27092.0,7348.73
26236.0,5951.71
25380.0,5428.59
24524.0,5413.81
23668.0,5602.42
22812.0,5981.21
21956.0,0.0
21100.0,4464.37
20244.0,4009.38
19388.0,4020.93
18532.0,4284.3
17676.0,5145.99
16820.0,5226.13
15964.0,0.0
15108.0,8153.22
14252.0,6413.72
13396.0,5874.45
12540.0,5819.62
11684.0,5854.6
10828.0,5528.28
9972.0,0.0
9116.0,5001.83
8260.0,4342.17
7404.0,4375.02
6548.0,4519.69
5692.0,4908.77
4836.0,5114.47
3980.0,0.0
3124.0,7302.36
2268.0,5997.26
1412.0,5592.93
556.0,5517.57
40789.0,6664.01
39933.0,0.0
39077.0,10497.92
38221.0,8548.59
37365.0,8480.59
36509.0,8092.68
35653.0,8056.74
34797.0,6189.36
33941.0,0.0
33085.0,7103.41
32229.0,6648.7
31373.0,6299.63
30517.0,6361.42
29661.0,6604.61
28805.0,6031.73
27949.0,0.0
27093.0,10346.0
26237.0,8752.78
25381.0,8287.47
24525.0,8045.04
23669.0,7839.01
22813.0,5995.1
21957.0,0.0
21101.0,6856.82
20245.0,6144.66
19389.0,5891.88
18533.0,6227.81
17677.0,6960.33
16821.0,6447.22
15965.0,0.0
15109.0,12185.45
14253.0,9498.5
13397.0,8606.09
12541.0,8243.12
11685.0,8133.75
10829.0,5868.72
9973.0,0.0
9117.0,7236.4
8261.0,6562.49
7405.0,6362.1
6549.0,6460.29
5693.0,6695.61
4837.0,5831.52
3981.0,0.0
3125.0,10529.35
2269.0,8555.46
1413.0,8054.66
557.0,7819.85
40790.0,7930.85
39934.0,0.0
39078.0,10423.22
38222.0,8375.3
37366.0,8206.53
36510.0,8027.29
35654.0,7951.75
34798.0,7537.81
33942.0,0.0
33086.0,7236.76
32230.0,6493.8
31374.0,6333.0
30518.0,6510.12
29662.0,7204.93
28806.0,7361.78
27950.0,0.0
27094.0,10729.77
26238.0,8989.62
25382.0,8571.04
24526.0,8278.46
23670.0,8118.31
22814.0,7202.3
21958.0,0.0
21102.0,7133.1
20246.0,6318.03
19390.0,6162.3
18534.0,6450.45
17678.0,7489.68
16822.0,8030.6
15966.0,0.0
15110.0,13389.76
14254.0,9645.98
13398.0,8705.28
12542.0,8484.66
11686.0,8400.59
10830.0,7207.21
9974.0,0.0
9118.0,7604.65
8262.0,6745.29
7406.0,6504.47
6550.0,6668.68
5694.0,7042.47
4838.0,7008.18
3982.0,0.0
3126.0,11062.61
2270.0,9013.75
1414.0,8342.11
558.0,8081.15
40791.0,6324.09
39935.0,0.0
39079.0,10398.34
38223.0,8914.13
37367.0,8189.61
36511.0,7907.41
35655.0,7605.11
34799.0,6044.27
33943.0,0.0
33087.0,7096.63
32231.0,6538.76
31375.0,6154.44
30519.0,6147.83
29663.0,6247.97
28807.0,5745.11
27951.0,0.0
27095.0,10321.58
26239.0,8752.97
25383.0,8099.58
24527.0,7638.71
23671.0,7294.88
22815.0,5461.86
21959.0,0.0
21103.0,6550.21
20247.0,5974.23
19391.0,5663.76
18535.0,5744.59
17679.0,6279.19
16823.0,5898.71
15967.0,0.0
15111.0,11684.01
14255.0,9636.98
13399.0,8549.34
12543.0,7998.0
11687.0,7588.8
10831.0,5640.72
9975.0,0.0
9119.0,6946.31
8263.0,6352.89
7407.0,6189.09
6551.0,6145.11
5695.0,6043.49
4839.0,5554.65
3983.0,0.0
3127.0,9949.05
2271.0,8310.14
1415.0,7687.05
559.0,7339.33
40792.0,8782.57
39936.0,0.0
39080.0,12406.04
38224.0,9888.02
37368.0,9353.25
36512.0,8804.74
35656.0,8889.38
34800.0,8254.5
33944.0,0.0
33088.0,7696.94
32232.0,7038.57
31376.0,7148.71
30520.0,7272.37
29664.0,7634.86
28808.0,7966.24
27952.0,0.0
27096.0,12125.09
26240.0,9779.28
25384.0,9142.6
24528.0,8731.45
23672.0,8656.47
22816.0,7776.89
21960.0,0.0
21104.0,7368.92
20248.0,6521.79
19392.0,6433.23
18536.0,6818.74
17680.0,7811.18
16824.0,8553.88
15968.0,0.0
15112.0,13639.71
14256.0,10347.09
13400.0,9420.42
12544.0,8813.31
11688.0,8775.35
10832.0,7997.4
9976.0,0.0
9120.0,7646.47
8264.0,6955.18
7408.0,6880.62
6552.0,7126.56
5696.0,7505.87
4840.0,7799.18
3984.0,0.0
3128.0,12249.41
2272.0,9668.39
1416.0,8764.83
560.0,8467.21
40793.0,5546.03
39937.0,0.0
39081.0,8655.33
38225.0,7142.49
37369.0,6765.42
36513.0,6758.49
35657.0,6798.61
34801.0,5212.24
33945.0,0.0
33089.0,5900.01
32233.0,5231.76
31377.0,5241.12
30521.0,5486.67
29665.0,6093.57
28809.0,5301.31
27953.0,0.0
27097.0,8505.8
26241.0,6989.66
25385.0,6551.9
24529.0,6480.17
23673.0,6664.32
22817.0,4908.74
21961.0,0.0
21105.0,5760.56
20249.0,4996.38
19393.0,4822.72
18537.0,5186.14
17681.0,6226.41
16825.0,5630.68
15969.0,0.0
15113.0,9344.62
14257.0,7608.61
13401.0,7066.45
12545.0,6878.54
11689.0,6826.89
10833.0,5211.26
9977.0,0.0
9121.0,5860.68
8265.0,5279.25
7409.0,5173.18
6553.0,5327.52
5697.0,5794.71
4841.0,5361.99
3985.0,0.0
3129.0,8260.74
2273.0,6659.76
1417.0,6301.14
561.0,6258.3
40794.0,5659.12
39938.0,0.0
39082.0,8326.03
38226.0,6602.41
37370.0,6228.5
36514.0,6268.4
35658.0,6317.14
34802.0,5091.97
33946.0,0.0
33090.0,5554.95
32234.0,4874.02
31378.0,4867.61
30522.0,5083.59
29666.0,5560.12
28810.0,5354.96
27954.0,0.0
27098.0,8140.58
26242.0,6628.57
25386.0,6181.79
24530.0,6068.78
23674.0,6225.82
22818.0,5165.53
21962.0,0.0
21106.0,5343.35
20250.0,4631.87
19394.0,4564.91
18538.0,4791.44
17682.0,5610.03
16826.0,5846.79
15970.0,0.0
15114.0,8934.03
14258.0,7167.02
13402.0,6418.08
12546.0,6288.03
11690.0,6348.82
10834.0,5288.29
9978.0,0.0
9122.0,5626.39
8266.0,4826.63
7410.0,4776.16
6554.0,4957.7
5698.0,5391.74
4842.0,5398.41
3986.0,0.0
3130.0,7764.69
2274.0,6328.31
1418.0,5908.64
562.0,5872.75
40795.0,3532.37
39939.0,0.0
39083.0,6927.05
38227.0,5822.92
37371.0,5321.15
36515.0,5135.23
35659.0,5080.73
34803.0,3065.56
33947.0,0.0
33091.0,4632.33
32235.0,4269.27
31379.0,4093.63
30523.0,4078.49
29667.0,4338.36
28811.0,2949.49
27955.0,0.0
27099.0,6788.04
26243.0,5553.9
25387.0,5153.02
24531.0,4972.17
23675.0,4966.95
22819.0,2870.37
21963.0,0.0
21107.0,4235.73
20251.0,3908.28
19395.0,3804.04
18539.0,3825.09
17683.0,4324.67
16827.0,3132.34
15971.0,0.0
15115.0,7320.48
14259.0,6162.9
13403.0,5487.23
12547.0,5166.5
11691.0,4996.86
10835.0,2891.52
9979.0,0.0
9123.0,4731.93
8267.0,4258.29
7411.0,4149.73
6555.0,4090.44
5699.0,4168.44
4843.0,2878.23
3987.0,0.0
3131.0,6526.57
2275.0,5554.45
1419.0,5061.18
563.0,4871.36
40796.0,6401.13
39940.0,0.0
39084.0,7759.47
38228.0,6314.45
37372.0,5950.71
36516.0,5959.63
35660.0,6078.97
34804.0,5600.66
33948.0,0.0
33092.0,5179.76
32236.0,4668.08
31380.0,4656.12
30524.0,4783.68
29668.0,5211.49
28812.0,5769.49
27956.0,0.0
27100.0,7930.44
26244.0,6493.18
25388.0,6121.29
24532.0,6032.57
23676.0,6047.73
22820.0,5653.63
21964.0,0.0
21108.0,4824.62
20252.0,4286.87
19396.0,4238.62
18540.0,4502.28
17684.0,5340.35
16828.0,6253.6
15972.0,0.0
15116.0,9554.15
14260.0,7148.8
13404.0,6370.32
12548.0,6259.46
11692.0,6238.87
10836.0,5681.76
9980.0,0.0
9124.0,5323.81
8268.0,4639.15
7412.0,4669.69
6556.0,4852.28
5700.0,5143.3
4844.0,5708.93
3988.0,0.0
3132.0,8229.88
2276.0,6655.23
1420.0,6173.08
564.0,6049.21
40797.0,9244.83
39941.0,0.0
39085.0,15484.09
38229.0,12190.0
37373.0,11325.52
36517.0,10999.95
35661.0,11122.09
34805.0,7667.38
33949.0,0.0
33093.0,10297.96
32237.0,9321.07
31381.0,9056.6
30525.0,9067.96
29669.0,9805.66
28813.0,8323.48
27957.0,0.0
27101.0,13867.55
26245.0,11542.2
25389.0,10900.73
24533.0,10764.41
23677.0,10679.34
22821.0,7795.41
21965.0,0.0
21109.0,9721.06
20253.0,8974.26
19397.0,8524.71
18541.0,8667.14
17685.0,10234.3
16829.0,8900.61
15973.0,0.0
15117.0,16056.8
14261.0,12883.42
13405.0,11810.97
12549.0,11025.4
11693.0,10859.32
10837.0,7929.57
9981.0,0.0
9125.0,9840.66
8269.0,9066.74
7413.0,8854.74
6557.0,8761.16
5701.0,9255.04
4845.0,7937.63
3989.0,0.0
3133.0,14218.91
2277.0,11545.33
1421.0,10457.79
565.0,10185.33
40798.0,6379.52
39942.0,0.0
39086.0,12269.22
38230.0,10237.12
37374.0,9494.98
36518.0,9120.94
35662.0,8731.79
34806.0,6107.22
33950.0,0.0
33094.0,7843.52
32238.0,7425.38
31382.0,7456.34
30526.0,7523.19
29670.0,7928.5
28814.0,6102.22
27958.0,0.0
27102.0,12006.44
26246.0,10120.14
25390.0,9434.68
24534.0,9013.18
23678.0,8782.61
22822.0,5639.26
21966.0,0.0
21110.0,7647.19
20254.0,7048.33
19398.0,6912.01
18542.0,7127.75
17686.0,8172.62
16830.0,6177.65
15974.0,0.0
15118.0,14070.42
14262.0,11284.53
13406.0,10070.25
12550.0,9563.96
11694.0,9011.7
10838.0,5742.59
9982.0,0.0
9126.0,7927.06
8270.0,7333.68
7414.0,7204.3
6558.0,7399.78
5702.0,7556.53
4846.0,5699.15
3990.0,0.0
3134.0,12383.35
2278.0,10251.75
1422.0,9168.62
566.0,8885.9
40799.0,8547.45
39943.0,6370.88
39087.0,13726.92
38231.0,11629.86
37375.0,10848.8
36519.0,10587.69
35663.0,9969.66
34807.0,7444.94
33951.0,5340.07
33095.0,11332.09
32239.0,9455.08
31383.0,8975.78
30527.0,8979.26
29671.0,8632.25
28815.0,7406.87
27959.0,5331.03
27103.0,13439.82
26247.0,11626.91
25391.0,10579.95
24535.0,10328.76
23679.0,9555.02
22823.0,6997.77
21967.0,4804.28
21111.0,10394.33
20255.0,9269.04
19399.0,8498.87
18543.0,8462.53
17687.0,8645.08
16831.0,7812.13
15975.0,5040.51
15119.0,12973.73
14263.0,11239.5
13407.0,10259.77
12551.0,10016.08
11695.0,9224.69
10839.0,6735.44
9983.0,4113.38
9127.0,9581.94
8271.0,8723.69
7415.0,8066.66
6559.0,8037.46
5703.0,7867.71
4847.0,6757.0
3991.0,3902.48
3135.0,11144.3
2279.0,9643.86
1423.0,8898.92
567.0,8965.7
40800.0,13963.07
39944.0,16883.97
39088.0,16053.28
38232.0,14869.08
37376.0,14574.48
36520.0,13765.83
35664.0,14051.34
34808.0,13287.08
33952.0,16130.45
33096.0,14115.3
32240.0,12786.55
31384.0,12902.4
30528.0,13221.43
29672.0,14408.57
28816.0,13417.2
27960.0,16169.16
27104.0,15533.64
26248.0,14945.21
25392.0,14751.94
24536.0,14129.09
23680.0,14387.33
22824.0,12966.27
21968.0,15842.13
21112.0,13647.13
20256.0,12432.07
19400.0,12395.35
18544.0,12518.39
17688.0,14313.46
16832.0,14048.36
15976.0,16786.36
15120.0,18133.86
14264.0,16296.44
13408.0,15424.06
12552.0,14927.46
11696.0,14928.51
10840.0,13198.82
9984.0,15607.46
9128.0,14136.47
8272.0,13065.75
7416.0,12842.84
6560.0,13006.64
5704.0,13531.34
4848.0,13069.15
3992.0,15813.09
3136.0,15732.35
2280.0,14677.03
1424.0,14299.77
568.0,13914.1
40801.0,3082.29
39945.0,0.0
39089.0,7217.33
38233.0,6131.49
37377.0,5427.37
36521.0,5219.95
35665.0,5134.01
34809.0,2868.57
33953.0,0.0
33097.0,4496.76
32241.0,4244.71
31385.0,4170.16
30529.0,4231.26
29673.0,4488.79
28817.0,2888.89
27961.0,0.0
27105.0,6955.44
26249.0,5912.56
25393.0,5327.75
24537.0,5127.58
23681.0,5101.33
22825.0,2724.7
21969.0,0.0
21113.0,4125.98
20257.0,3915.2
19401.0,3854.31
18545.0,3996.23
17689.0,4742.18
16833.0,3076.66
15977.0,0.0
15121.0,8340.85
14265.0,6403.93
13409.0,5666.54
12553.0,5349.41
11697.0,5232.05
10841.0,2806.06
9985.0,0.0
9129.0,4520.29
8273.0,4147.97
7417.0,4068.34
6561.0,4061.61
5705.0,4225.23
4849.0,2771.75
3993.0,0.0
3137.0,6904.42
2281.0,5787.5
1425.0,5216.0
569.0,4981.58
40802.0,4464.92
39946.0,0.0
39090.0,7056.52
38234.0,5491.32
37378.0,5329.05
36522.0,5452.92
35666.0,5203.71
34810.0,4146.87
33954.0,0.0
33098.0,4526.33
32242.0,4009.63
31386.0,3961.49
30530.0,4025.33
29674.0,4404.94
28818.0,0.0
27962.0,0.0
27106.0,6780.98
26250.0,5364.57
25394.0,4954.09
24538.0,4894.33
23682.0,4826.71
22826.0,4169.57
21970.0,0.0
21114.0,4012.52
20258.0,3626.72
19402.0,3576.43
18546.0,3767.14
17690.0,4361.26
16834.0,4294.16
15978.0,0.0
15122.0,8381.39
14266.0,6112.46
13410.0,5370.49
12554.0,5200.71
11698.0,5044.11
10842.0,4230.64
9986.0,0.0
9130.0,4461.58
8274.0,3885.1
7418.0,3838.42
6562.0,3922.28
5706.0,4107.32
4850.0,4069.14
3994.0,0.0
3138.0,6958.0
2282.0,5584.47
1426.0,5031.27
570.0,4938.9
40803.0,3482.79
39947.0,0.0
39091.0,8662.08
38235.0,7425.55
37379.0,6648.87
36523.0,6295.01
35667.0,6152.83
34811.0,3114.28
33955.0,0.0
33099.0,5510.81
32243.0,5248.45
31387.0,5055.79
30531.0,5096.83
29675.0,5331.33
28819.0,3386.92
27963.0,0.0
27107.0,8420.39
26251.0,6994.58
25395.0,6426.19
24539.0,6081.92
23683.0,5925.49
22827.0,2981.05
21971.0,0.0
21115.0,5105.67
20259.0,4855.54
19403.0,4627.7
18547.0,4850.36
17691.0,5868.43
16835.0,3555.83
15979.0,0.0
15123.0,10936.19
14267.0,8329.09
13411.0,6978.89
12555.0,6529.05
11699.0,6274.29
10843.0,3209.97
9987.0,0.0
9131.0,5389.9
8275.0,4965.23
7419.0,4815.69
6563.0,4921.79
5707.0,5099.94
4851.0,3191.92
3995.0,0.0
3139.0,8813.87
2283.0,7064.73
1427.0,6257.42
571.0,6007.36
40804.0,8054.35
39948.0,0.0
39092.0,11844.37
38236.0,9610.86
37380.0,8735.49
36524.0,8466.92
35668.0,8470.85
34812.0,7541.73
33956.0,0.0
33100.0,7595.37
32244.0,6932.97
31388.0,6872.82
30532.0,7155.54
29676.0,7572.04
28820.0,7600.32
27964.0,0.0
27108.0,11490.46
26252.0,9508.6
25396.0,8897.2
24540.0,8561.46
23684.0,8701.53
22828.0,7201.94
21972.0,0.0
21116.0,7265.67
20260.0,6550.45
19404.0,6390.47
18548.0,6853.05
17692.0,7999.99
16836.0,8154.44
15980.0,0.0
15124.0,12868.9
14268.0,10201.84
13412.0,9233.74
12556.0,8765.31
11700.0,8814.2
10844.0,7431.91
9988.0,0.0
9132.0,7621.62
8276.0,6888.98
7420.0,6807.5
6564.0,7104.79
5708.0,7486.4
4852.0,7531.24
3996.0,0.0
3140.0,11195.21
2284.0,9047.74
1428.0,8411.87
572.0,8245.77
40805.0,10042.6
39949.0,0.0
39093.0,14269.09
38237.0,11302.64
37381.0,10512.85
36525.0,10513.8
35669.0,10305.03
34813.0,9644.06
33957.0,0.0
33101.0,9324.43
32245.0,8411.24
31389.0,8537.9
30533.0,8392.12
29677.0,8786.61
28821.0,0.0
27965.0,0.0
27109.0,13373.92
26253.0,11010.54
25397.0,9966.66
24541.0,9650.46
23685.0,9504.33
22829.0,8633.09
21973.0,0.0
21117.0,8318.37
20261.0,7211.43
19405.0,7013.88
18549.0,7373.97
17693.0,8653.98
16837.0,9458.1
15981.0,0.0
15125.0,16616.0
14269.0,11783.64
13413.0,10672.19
12557.0,10369.73
11701.0,10256.91
10845.0,9207.37
9989.0,0.0
9133.0,8789.34
8277.0,7789.31
7421.0,7646.46
6565.0,7874.14
5709.0,8328.99
4853.0,8656.03
3997.0,0.0
3141.0,14044.14
2285.0,11020.81
1429.0,9851.24
573.0,9645.56
40806.0,8857.73
39950.0,0.0
39094.0,11147.72
38238.0,8559.75
37382.0,8205.2
36526.0,7827.87
35670.0,8022.72
34814.0,8100.38
33958.0,0.0
33102.0,7416.19
32246.0,6702.54
31390.0,6417.44
30534.0,6431.72
29678.0,6795.04
28822.0,7585.15
27966.0,0.0
27110.0,11083.72
26254.0,8890.63
25398.0,8408.56
24542.0,8091.71
23686.0,7977.84
22830.0,7482.64
21974.0,0.0
21118.0,7021.13
20262.0,6169.12
19406.0,5915.51
18550.0,6160.56
17694.0,7029.81
16838.0,7843.58
15982.0,0.0
15126.0,12461.14
14270.0,9629.91
13414.0,8677.61
12558.0,8310.44
11702.0,8187.62
10846.0,7696.21
9990.0,0.0
9134.0,7330.49
8278.0,6514.87
7422.0,6457.8
6566.0,6595.94
5710.0,6876.62
4854.0,7408.73
3998.0,0.0
3142.0,10819.22
2286.0,8678.01
1430.0,8141.24
574.0,7967.63
40807.0,8073.53
39951.0,0.0
39095.0,11896.1
38239.0,9689.41
37383.0,8699.37
36527.0,8644.88
35671.0,8631.76
34815.0,7277.84
33959.0,0.0
33103.0,7807.62
32247.0,6957.0
31391.0,6775.35
30535.0,7117.68
29679.0,7549.27
28823.0,7186.48
27967.0,0.0
27111.0,11841.16
26255.0,9691.62
25399.0,8867.81
24543.0,8612.76
23687.0,8519.72
22831.0,6774.23
21975.0,0.0
21119.0,7285.92
20263.0,6508.68
19407.0,6252.22
18551.0,6699.21
17695.0,7568.75
16839.0,7349.48
15983.0,0.0
15127.0,12776.61
14271.0,10098.94
13415.0,9023.19
12559.0,8613.29
11703.0,8542.29
10847.0,6962.78
9991.0,0.0
9135.0,7517.96
8279.0,6725.82
7423.0,6702.76
6567.0,6938.94
5711.0,7253.54
4855.0,6997.78
3999.0,0.0
3143.0,11149.83
2287.0,9002.58
1431.0,8294.81
575.0,8104.26
40808.0,7767.31
39952.0,0.0
39096.0,11347.37
38240.0,8797.98
37384.0,8399.5
36528.0,8199.57
35672.0,8139.54
34816.0,6933.19
33960.0,0.0
33104.0,7462.55
32248.0,6529.24
31392.0,6570.24
30536.0,6742.85
29680.0,7189.88
28824.0,7034.99
27968.0,0.0
27112.0,10899.57
26256.0,8805.16
25400.0,8342.02
24544.0,8105.73
23688.0,8220.47
22832.0,6791.96
21976.0,0.0
21120.0,6987.88
20264.0,6119.06
19408.0,6002.76
18552.0,6406.27
17696.0,7655.24
16840.0,7530.29
15984.0,0.0
15128.0,12669.54
14272.0,9739.43
13416.0,8814.93
12560.0,8398.86
11704.0,8392.36
10848.0,6848.82
9992.0,0.0
9136.0,7275.49
8280.0,6418.12
7424.0,6469.76
6568.0,6716.81
5712.0,7092.23
4856.0,6925.03
4000.0,0.0
3144.0,10657.73
2288.0,8512.49
1432.0,7946.32
576.0,7733.4
40809.0,8755.97
39953.0,0.0
39097.0,10767.83
38241.0,8659.08
37385.0,8262.01
36529.0,7672.42
35673.0,7679.87
34817.0,7803.8
33961.0,0.0
33105.0,7669.38
32249.0,6849.03
31393.0,6557.35
30537.0,6493.48
29681.0,6692.3
28825.0,0.0
27969.0,0.0
27113.0,10631.15
26257.0,8705.18
25401.0,7767.46
24545.0,7231.28
23689.0,7071.44
22833.0,7357.25
21977.0,0.0
21121.0,6870.53
20265.0,6156.83
19409.0,5859.31
18553.0,6043.85
17697.0,6625.22
16841.0,7211.22
15985.0,0.0
15129.0,12377.2
14273.0,9522.11
13417.0,8346.72
12561.0,7842.08
11705.0,7613.72
10849.0,7078.89
9993.0,0.0
9137.0,7444.5
8281.0,6788.78
7425.0,6507.02
6569.0,6480.64
5713.0,6578.45
4857.0,6515.66
4001.0,0.0
3145.0,10582.96
2289.0,8618.96
1433.0,7896.32
577.0,7651.33
40810.0,6962.68
39954.0,0.0
39098.0,9549.89
38242.0,7489.45
37386.0,7094.08
36530.0,6947.73
35674.0,7196.32
34818.0,6428.29
33962.0,0.0
33106.0,6123.18
32250.0,5562.73
31394.0,5474.61
30538.0,5720.21
29682.0,6177.51
28826.0,6239.06
27970.0,0.0
27114.0,9662.86
26258.0,7649.34
25402.0,7092.34
24546.0,6963.3
23690.0,7119.51
22834.0,5962.27
21978.0,0.0
21122.0,5915.71
20266.0,5122.07
19410.0,5004.87
18554.0,5294.14
17698.0,6193.61
16842.0,6900.08
15986.0,0.0
15130.0,11861.99
14274.0,8347.78
13418.0,7396.6
12562.0,7250.21
11706.0,7324.34
10850.0,6250.11
9994.0,0.0
9138.0,6121.8
8282.0,5448.35
7426.0,5426.76
6570.0,5594.57
5714.0,5910.78
4858.0,6269.03
4002.0,0.0
3146.0,9730.47
2290.0,7534.78
1434.0,6948.2
578.0,6875.12
40811.0,5422.13
39955.0,0.0
39099.0,7968.52
38243.0,6392.51
37387.0,5959.37
36531.0,5824.24
35675.0,5866.52
34819.0,4949.03
33963.0,0.0
33107.0,5140.49
32251.0,4587.75
31395.0,4580.26
30539.0,4791.06
29683.0,5036.94
28827.0,5120.41
27971.0,0.0
27115.0,7901.27
26259.0,6372.99
25403.0,6002.59
24547.0,5867.54
23691.0,6028.21
22835.0,4937.9
21979.0,0.0
21123.0,4800.92
20267.0,4310.07
19411.0,4267.21
18555.0,4497.31
17699.0,5559.55
16843.0,5747.36
15987.0,0.0
15131.0,9987.53
14275.0,7419.16
13419.0,6601.74
12563.0,6349.49
11707.0,6315.8
10851.0,5147.59
9995.0,0.0
9139.0,5102.13
8283.0,4565.46
7427.0,4567.06
6571.0,4724.76
5715.0,5154.01
4859.0,5210.41
4003.0,0.0
3147.0,8301.44
2291.0,6626.18
1435.0,6105.11
579.0,5982.56
40812.0,2121.69
39956.0,0.0
39100.0,6559.98
38244.0,5582.25
37388.0,5116.39
36532.0,5039.85
35676.0,5002.42
34820.0,1968.71
33964.0,0.0
33108.0,4430.49
32252.0,4076.57
31396.0,3906.26
30540.0,3843.03
29684.0,4189.61
28828.0,2063.8
27972.0,0.0
27116.0,6229.7
26260.0,5246.18
25404.0,4818.48
24548.0,4685.05
23692.0,4607.6
22836.0,1906.35
21980.0,0.0
21124.0,3880.33
20268.0,3564.89
19412.0,3514.23
18556.0,3493.49
17700.0,4165.58
16844.0,2153.66
15988.0,0.0
15132.0,7038.25
14276.0,5641.97
13420.0,5083.98
12564.0,4810.71
11708.0,4761.8
10852.0,2039.96
9996.0,0.0
9140.0,4250.98
8284.0,3770.73
7428.0,3753.85
6572.0,3804.05
5716.0,3976.03
4860.0,2018.98
4004.0,0.0
3148.0,6252.85
2292.0,5182.07
1436.0,4571.3
580.0,4544.36
40813.0,5194.77
39957.0,0.0
39101.0,7101.04
38245.0,5630.38
37389.0,5383.38
36533.0,5513.07
35677.0,5581.25
34821.0,4597.42
33965.0,0.0
33109.0,4781.81
32253.0,4298.01
31397.0,4253.99
30541.0,4378.31
29685.0,4766.88
28829.0,0.0
27973.0,0.0
27117.0,7065.63
26261.0,5534.48
25405.0,5128.43
24549.0,5270.64
23693.0,5189.48
22837.0,4782.03
21981.0,0.0
21125.0,4061.46
20269.0,3669.83
19413.0,3604.98
18557.0,3806.29
17701.0,4567.69
16845.0,4903.46
15989.0,0.0
15133.0,8210.52
14277.0,6115.41
13421.0,5471.16
12565.0,5358.36
11709.0,5476.72
10853.0,4762.43
9997.0,0.0
9141.0,4478.27
8285.0,3920.02
7429.0,3939.09
6573.0,4059.2
5717.0,4391.24
4861.0,4514.91
4005.0,0.0
3149.0,7091.05
2293.0,5609.48
1437.0,5193.89
581.0,5149.33
40814.0,2939.77
39958.0,0.0
39102.0,5440.9
38246.0,4485.29
37390.0,4033.44
36534.0,4015.77
35678.0,3957.45
34822.0,2711.42
33966.0,0.0
33110.0,3761.77
32254.0,3417.52
31398.0,3239.81
30542.0,3324.83
29686.0,3424.42
28830.0,2851.26
27974.0,0.0
27118.0,5536.48
26262.0,4666.0
25406.0,4203.34
24550.0,4098.74
23694.0,4054.5
22838.0,2622.93
21982.0,0.0
21126.0,3591.26
20270.0,3306.93
19414.0,3171.62
18558.0,3177.11
17702.0,3641.75
16846.0,2901.85
15990.0,0.0
15134.0,6175.99
14278.0,5011.19
13422.0,4577.75
12566.0,4308.77
11710.0,4255.28
10854.0,2719.14
9998.0,0.0
9142.0,3936.19
8286.0,3504.29
7430.0,3342.86
6574.0,3354.75
5718.0,3462.39
4862.0,2719.4
4006.0,0.0
3150.0,5594.84
2294.0,4672.71
1438.0,4182.01
582.0,4047.66
40815.0,3039.7
39959.0,0.0
39103.0,7870.63
38247.0,6232.89
37391.0,5695.16
36535.0,5445.85
35679.0,5429.42
34823.0,2843.38
33967.0,0.0
33111.0,4836.38
32255.0,4559.4
31399.0,4427.75
30543.0,4425.27
29687.0,4575.11
28831.0,2716.31
27975.0,0.0
27119.0,7476.01
26263.0,6011.68
25407.0,5521.03
24551.0,5307.91
23695.0,5275.41
22839.0,2609.32
21983.0,0.0
21127.0,4558.79
20271.0,4096.96
19415.0,3996.22
18559.0,4166.01
17703.0,4922.12
16847.0,2877.81
15991.0,0.0
15135.0,8487.59
14279.0,6508.37
13423.0,5851.99
12567.0,5556.71
11711.0,5522.18
10855.0,2742.16
9999.0,0.0
9143.0,4794.19
8287.0,4318.9
7431.0,4202.73
6575.0,4204.81
5719.0,4428.88
4863.0,2662.06
4007.0,0.0
3151.0,7337.17
2295.0,5984.88
1439.0,5399.38
583.0,5187.9
40816.0,6312.8
39960.0,0.0
39104.0,11145.1
38248.0,8668.85
37392.0,8267.13
36536.0,8107.21
35680.0,7878.78
34824.0,6033.75
33968.0,0.0
33112.0,6921.68
32256.0,6275.92
31400.0,6178.02
30544.0,6297.16
29688.0,6681.9
28832.0,6010.22
27976.0,0.0
27120.0,10559.88
26264.0,8659.95
25408.0,8173.75
24552.0,7915.21
23696.0,7937.06
22840.0,5960.99
21984.0,0.0
21128.0,6555.69
20272.0,5814.7
19416.0,5723.03
18560.0,6049.52
17704.0,7139.88
16848.0,6792.86
15992.0,0.0
15136.0,13461.15
14280.0,9476.04
13424.0,8415.09
12568.0,8142.31
11712.0,8094.59
10856.0,6144.07
10000.0,0.0
9144.0,6866.78
8288.0,6135.38
7432.0,6170.28
6576.0,6201.29
5720.0,6562.61
4864.0,6111.14
4008.0,0.0
3152.0,10740.99
2296.0,8475.91
1440.0,7847.41
584.0,7615.07
40817.0,18847.02
39961.0,0.0
39105.0,21815.14
38249.0,18898.65
37393.0,17053.97
36537.0,16549.78
35681.0,16001.47
34825.0,15193.87
33969.0,0.0
33113.0,16563.73
32257.0,15060.12
31401.0,14482.06
30545.0,14597.37
29689.0,15909.87
28833.0,17033.76
27977.0,0.0
27121.0,20979.81
26265.0,18218.02
25409.0,17169.47
24553.0,16396.91
23697.0,15731.73
22841.0,14993.6
21985.0,0.0
21129.0,15356.85
20273.0,14168.17
19417.0,13082.87
18561.0,13528.42
17705.0,16601.16
16849.0,18469.66
15993.0,0.0
15137.0,27382.97
14281.0,20348.12
13425.0,18222.24
12569.0,17290.76
11713.0,17154.25
10857.0,16179.38
10001.0,0.0
9145.0,15437.55
8289.0,13897.42
7433.0,12912.64
6577.0,12996.75
5721.0,14588.6
4865.0,16389.58
4009.0,0.0
3153.0,20760.46
2297.0,17984.33
1441.0,16657.4
585.0,15777.6
40818.0,5614.87
39962.0,0.0
39106.0,10325.99
38250.0,8170.11
37394.0,7530.94
36538.0,7143.38
35682.0,7264.87
34826.0,5573.03
33970.0,0.0
33114.0,6919.03
32258.0,6350.77
31402.0,5933.03
30546.0,5985.28
29690.0,6388.25
28834.0,5405.77
27978.0,0.0
27122.0,10016.17
26266.0,8300.59
25410.0,7584.89
24554.0,7215.93
23698.0,7121.66
22842.0,5338.06
21986.0,0.0
21130.0,6429.41
20274.0,5771.53
19418.0,5624.71
18562.0,5703.97
17706.0,6514.33
16850.0,5679.08
15994.0,0.0
15138.0,11680.61
14282.0,9257.83
13426.0,8079.8
12570.0,7599.16
11714.0,7519.3
10858.0,5320.96
10002.0,0.0
9146.0,6963.58
8290.0,6384.07
7434.0,6223.61
6578.0,6299.61
5722.0,6414.44
4866.0,5217.75
4010.0,0.0
3154.0,9888.38
2298.0,8024.88
1442.0,7353.6
586.0,7137.4
40819.0,3531.93
39963.0,0.0
39107.0,7445.38
38251.0,5986.27
37395.0,5572.01
36539.0,5487.63
35683.0,5456.39
34827.0,3217.2
33971.0,0.0
33115.0,4936.78
32259.0,4588.14
31403.0,4463.3
30547.0,4482.54
29691.0,4800.39
28835.0,3147.15
27979.0,0.0
27123.0,7278.59
26267.0,5911.2
25411.0,5429.29
24555.0,5382.18
23699.0,5363.27
22843.0,3121.9
21987.0,0.0
21131.0,4662.32
20275.0,4268.74
19419.0,4043.28
18563.0,4180.26
17707.0,4844.89
16851.0,3274.98
15995.0,0.0
15139.0,7891.57
14283.0,6342.64
13427.0,5758.16
12571.0,5524.49
11715.0,5402.61
10859.0,3089.49
10003.0,0.0
9147.0,5169.69
8291.0,4511.04
7435.0,4398.47
6579.0,4477.7
5723.0,4659.29
4867.0,3061.31
4011.0,0.0
3155.0,6879.44
2299.0,5724.5
1443.0,5265.33
587.0,5177.84
40820.0,4322.59
39964.0,0.0
39108.0,10615.27
38252.0,8714.82
37396.0,8170.38
36540.0,7788.35
35684.0,7737.45
34828.0,4023.58
33972.0,0.0
33116.0,6731.07
32260.0,6171.05
31404.0,5985.19
30548.0,6009.47
29692.0,6222.15
28836.0,4162.78
27980.0,0.0
27124.0,9887.05
26268.0,8298.12
25412.0,7692.62
24556.0,7273.25
23700.0,7192.98
22844.0,3900.6
21988.0,0.0
21132.0,6288.23
20276.0,5719.46
19420.0,5496.8
18564.0,5604.09
17708.0,6518.91
16852.0,4558.42
15996.0,0.0
15140.0,12585.74
14284.0,9501.82
13428.0,8269.36
12572.0,7825.58
11716.0,7578.52
10860.0,4115.4
10004.0,0.0
9148.0,6506.5
8292.0,6042.98
7436.0,5943.46
6580.0,5920.96
5724.0,6082.8
4868.0,4092.54
4012.0,0.0
3156.0,10143.76
2300.0,8219.18
1444.0,7461.6
588.0,7138.57
40821.0,4838.45
39965.0,0.0
39109.0,6544.76
38253.0,4982.46
37397.0,5011.56
36541.0,4866.38
35685.0,4856.09
34829.0,4473.41
33973.0,0.0
33117.0,4244.07
32261.0,3940.22
31405.0,3913.96
30549.0,3926.64
29693.0,4255.82
28837.0,4468.19
27981.0,0.0
27125.0,6547.33
26269.0,5116.7
25413.0,4929.0
24557.0,4820.69
23701.0,4904.04
22845.0,4466.77
21989.0,0.0
21133.0,3908.54
20277.0,3552.06
19421.0,3542.64
18565.0,3651.02
17709.0,4338.78
16853.0,4994.43
15997.0,0.0
15141.0,7879.84
14285.0,5791.2
13429.0,5163.1
12573.0,5017.46
11717.0,5032.15
10861.0,4636.21
10005.0,0.0
9149.0,4370.31
8293.0,3845.92
7437.0,3870.6
6581.0,3942.39
5725.0,4174.27
4869.0,4587.69
4013.0,0.0
3157.0,6573.33
2301.0,5356.77
1445.0,4921.95
589.0,4829.42
40822.0,5859.7
39966.0,0.0
39110.0,9191.57
38254.0,7252.87
37398.0,6769.83
36542.0,6634.44
35686.0,6706.8
34830.0,5508.77
33974.0,0.0
33118.0,6032.66
32262.0,5367.08
31406.0,5298.79
30550.0,5481.55
29694.0,5925.47
28838.0,5520.59
27982.0,0.0
27126.0,9000.24
26270.0,7157.78
25414.0,6684.58
24558.0,6648.68
23702.0,6716.62
22846.0,5297.18
21990.0,0.0
21134.0,5879.89
20278.0,5184.0
19422.0,4964.32
18566.0,5154.69
17710.0,5957.13
16854.0,5887.15
15998.0,0.0
15142.0,9903.36
14286.0,7740.29
13430.0,7164.48
12574.0,6883.78
11718.0,6835.64
10862.0,5452.68
10006.0,0.0
9150.0,5987.32
8294.0,5317.23
7438.0,5152.76
6582.0,5262.43
5726.0,5632.14
4870.0,5427.13
4014.0,0.0
3158.0,8608.66
2302.0,6886.53
1446.0,6434.18
590.0,6315.65
40823.0,2324.99
39967.0,0.0
39111.0,5883.12
38255.0,5054.71
37399.0,4697.33
36543.0,4726.31
35687.0,4663.64
34831.0,2163.88
33975.0,0.0
33119.0,4193.8
32263.0,3899.11
31407.0,3787.56
30551.0,3814.46
29695.0,4008.81
28839.0,2143.59
27983.0,0.0
27127.0,5712.99
26271.0,4941.18
25415.0,4659.43
24559.0,4558.8
23703.0,4485.65
22847.0,2060.22
21991.0,0.0
21135.0,3776.25
20279.0,3539.65
19423.0,3469.43
18567.0,3457.6
17711.0,4047.97
16855.0,2378.65
15999.0,0.0
15143.0,6694.05
14287.0,5410.91
13431.0,4871.92
12575.0,4741.26
11719.0,4670.0
10863.0,2138.6
10007.0,0.0
9151.0,4022.81
8295.0,3771.44
7439.0,3729.82
6583.0,3772.23
5727.0,3882.63
4871.0,2137.21
4015.0,0.0
3159.0,5686.69
2303.0,4866.23
1447.0,4437.84
591.0,4400.44
40824.0,7639.23
39968.0,0.0
39112.0,13881.2
38256.0,10867.26
37400.0,9972.64
36544.0,10214.42
35688.0,9753.51
34832.0,6331.45
33976.0,0.0
33120.0,8664.9
32264.0,8062.09
31408.0,7759.16
30552.0,7979.15
29696.0,8071.61
28840.0,6771.04
27984.0,0.0
27128.0,13492.13
26272.0,11204.28
25416.0,10147.08
24560.0,10019.63
23704.0,9454.34
22848.0,6250.1
21992.0,0.0
21136.0,8457.13
20280.0,7537.49
19424.0,7266.98
18568.0,7619.8
17712.0,8345.76
16856.0,7155.25
16000.0,0.0
15144.0,16358.81
14288.0,11897.88
13432.0,10629.66
12576.0,10492.17
11720.0,9954.34
10864.0,6305.99
10008.0,0.0
9152.0,9094.86
8296.0,8287.75
7440.0,7993.6
6584.0,8179.7
5728.0,8056.4
4872.0,6613.56
4016.0,0.0
3160.0,13622.43
2304.0,11217.69
1448.0,9940.18
592.0,9872.46
40825.0,7626.79
39969.0,0.0
39113.0,9789.07
38257.0,7725.27
37401.0,7285.43
36545.0,7018.14
35689.0,7194.03
34833.0,6892.83
33977.0,0.0
33121.0,6567.4
32265.0,5810.65
31409.0,5797.29
30553.0,5964.14
29697.0,6569.98
28841.0,0.0
27985.0,0.0
27129.0,9430.0
26273.0,7581.98
25417.0,6871.18
24561.0,6773.56
23705.0,6875.65
22849.0,6675.42
21993.0,0.0
21137.0,5922.86
20281.0,5270.98
19425.0,5071.32
18569.0,5286.15
17713.0,6409.63
16857.0,6821.01
16001.0,0.0
15145.0,10854.02
14289.0,8229.63
13433.0,7385.78
12577.0,7235.41
11721.0,7207.47
10865.0,6580.49
10009.0,0.0
9153.0,6378.55
8297.0,5630.22
7441.0,5685.39
6585.0,5889.22
5729.0,6178.72
4873.0,6437.56
4017.0,0.0
3161.0,9326.59
2305.0,7407.96
1449.0,6877.42
593.0,6865.18
40826.0,4013.98
39970.0,0.0
39114.0,8891.48
38258.0,7253.04
37402.0,6581.28
36546.0,6350.5
35690.0,6574.75
34834.0,3552.03
33978.0,0.0
33122.0,5988.22
32266.0,5532.94
31410.0,5322.74
30554.0,5329.45
29698.0,5800.47
28842.0,3669.21
27986.0,0.0
27130.0,8551.81
26274.0,7240.33
25418.0,6586.69
24562.0,6334.78
23706.0,6376.28
22850.0,3427.49
21994.0,0.0
21138.0,5550.01
20282.0,5174.14
19426.0,4943.3
18570.0,5044.69
17714.0,5726.27
16858.0,3804.07
16002.0,0.0
15146.0,9447.7
14290.0,7555.45
13434.0,6843.08
12578.0,6545.37
11722.0,6464.01
10866.0,3497.59
10010.0,0.0
9154.0,5972.01
8298.0,5492.68
7442.0,5249.99
6586.0,5238.12
5730.0,5479.57
4874.0,3557.85
4018.0,0.0
3162.0,8225.01
2306.0,6805.91
1450.0,6194.06
594.0,5976.47
40827.0,12691.85
39971.0,0.0
39115.0,18372.72
38259.0,15203.15
37403.0,13991.96
36547.0,12954.69
35691.0,13199.29
34835.0,10924.54
33979.0,0.0
33123.0,13495.0
32267.0,11745.54
31411.0,11137.37
30555.0,11452.04
29699.0,11857.12
28843.0,11281.2
27987.0,0.0
27131.0,17198.41
26275.0,15503.26
25419.0,14384.72
24563.0,13614.8
23707.0,13052.12
22851.0,11032.51
21995.0,0.0
21139.0,11614.42
20283.0,11389.74
19427.0,11089.76
18571.0,11007.98
17715.0,11981.93
16859.0,12403.18
16003.0,0.0
15147.0,19567.24
14291.0,16365.52
13435.0,14740.53
12579.0,13465.68
11723.0,12847.71
10867.0,11271.38
10011.0,0.0
9155.0,12302.74
8299.0,11244.38
7443.0,11078.91
6587.0,10976.27
5731.0,11021.1
4875.0,11253.27
4019.0,0.0
3163.0,17207.98
2307.0,14778.78
1451.0,13194.61
595.0,12369.95
40828.0,12207.73
39972.0,12341.25
39116.0,12433.38
38260.0,11557.59
37404.0,11897.91
36548.0,11483.32
35692.0,12116.93
34836.0,10862.76
33980.0,11956.38
33124.0,10890.12
32268.0,10228.56
31412.0,10365.19
30556.0,10572.8
29700.0,11509.13
28844.0,11112.65
27988.0,12089.14
27132.0,12506.95
26276.0,12074.24
25420.0,12446.34
24564.0,12125.9
23708.0,12477.85
22852.0,10628.79
21996.0,11818.1
21140.0,10624.47
20284.0,9907.58
19428.0,10009.08
18572.0,10285.21
17716.0,12163.55
16860.0,12230.99
16004.0,13349.39
15148.0,14557.75
14292.0,13072.09
13436.0,12607.86
12580.0,12334.0
11724.0,12456.56
10868.0,10709.96
10012.0,11985.38
9156.0,10842.89
8300.0,10174.58
7444.0,10122.57
6588.0,10394.14
5732.0,11197.3
4876.0,10847.64
4020.0,12195.91
3164.0,12561.37
2308.0,11826.55
1452.0,11778.39
596.0,11850.22
40829.0,3073.83
39973.0,0.0
39117.0,7275.27
38261.0,6044.28
37405.0,5416.94
36549.0,5406.86
35693.0,5135.76
34837.0,2869.79
33981.0,0.0
33125.0,4636.41
32269.0,4321.23
31413.0,4340.62
30557.0,4292.79
29701.0,4427.29
28845.0,2868.41
27989.0,0.0
27133.0,6758.49
26277.0,5708.44
25421.0,5308.93
24565.0,5145.0
23709.0,5075.55
22853.0,2817.44
21997.0,0.0
21141.0,4591.07
20285.0,4196.58
19429.0,4069.78
18573.0,4108.04
17717.0,4689.95
16861.0,3022.27
16005.0,0.0
15149.0,7774.14
14293.0,6298.48
13437.0,5685.35
12581.0,5381.03
11725.0,5156.28
10869.0,2847.76
10013.0,0.0
9157.0,4815.53
8301.0,4286.73
7445.0,4213.91
6589.0,4161.71
5733.0,4265.37
4877.0,2832.02
4021.0,0.0
3165.0,6680.35
2309.0,5600.33
1453.0,5080.93
597.0,4968.54
40830.0,5763.01
39974.0,0.0
39118.0,10088.52
38262.0,8294.63
37406.0,7744.25
36550.0,7650.96
35694.0,7177.52
34838.0,5238.43
33982.0,0.0
33126.0,6753.25
32270.0,6238.99
31414.0,5889.08
30558.0,6103.39
29702.0,6346.9
28846.0,0.0
27990.0,0.0
27134.0,9828.5
26278.0,8341.48
25422.0,7340.73
24566.0,7108.83
23710.0,6855.8
22854.0,5089.46
21998.0,0.0
21142.0,6218.14
20286.0,5677.93
19430.0,5400.85
18574.0,5656.82
17718.0,6246.35
16862.0,4935.09
16006.0,0.0
15150.0,11259.38
14294.0,9043.58
13438.0,7754.46
12582.0,7526.04
11726.0,7260.42
10870.0,4822.02
10014.0,0.0
9158.0,6608.22
8302.0,6214.42
7446.0,6010.65
6590.0,6051.11
5734.0,5990.46
4878.0,4461.17
4022.0,0.0
3166.0,9954.79
2310.0,8139.16
1454.0,7247.31
598.0,7111.55
40831.0,3668.21
39975.0,0.0
39119.0,5631.07
38263.0,4416.15
37407.0,4352.77
36551.0,4284.55
35695.0,4251.93
34839.0,3681.65
33983.0,0.0
33127.0,3909.78
32271.0,3490.8
31415.0,3420.15
30559.0,3365.85
29703.0,3583.39
28847.0,3641.89
27991.0,0.0
27135.0,5558.48
26279.0,4527.39
25423.0,4274.92
24567.0,4171.31
23711.0,4182.16
22855.0,3548.33
21999.0,0.0
21143.0,3595.53
20287.0,3243.38
19431.0,3112.08
18575.0,3244.37
17719.0,3928.27
16863.0,3975.12
16007.0,0.0
15151.0,6274.96
14295.0,4906.03
13439.0,4499.29
12583.0,4308.91
11727.0,4403.85
10871.0,3784.14
10015.0,0.0
9159.0,3873.11
8303.0,3470.18
7447.0,3398.86
6591.0,3389.0
5735.0,3644.99
4879.0,3738.43
4023.0,0.0
3167.0,5561.04
2311.0,4528.04
1455.0,4201.43
599.0,4102.36
40832.0,3941.79
39976.0,0.0
39120.0,7428.99
38264.0,6211.34
37408.0,5781.44
36552.0,5613.04
35696.0,5371.75
34840.0,3542.68
33984.0,0.0
33128.0,5034.16
32272.0,4627.39
31416.0,4461.24
30560.0,4417.07
29704.0,4415.9
28848.0,3418.93
27992.0,0.0
27136.0,7293.62
26280.0,6202.88
25424.0,5624.85
24568.0,5324.26
23712.0,5203.23
22856.0,3253.52
22000.0,0.0
21144.0,4566.31
20288.0,4187.59
19432.0,4003.62
18576.0,4043.7
17720.0,4602.65
16864.0,3569.73
16008.0,0.0
15152.0,8022.51
14296.0,6603.71
13440.0,5963.65
12584.0,5515.32
11728.0,5360.62
10872.0,3427.17
10016.0,0.0
9160.0,4981.81
8304.0,4434.91
7448.0,4313.92
6592.0,4253.97
5736.0,4319.19
4880.0,3394.57
4024.0,0.0
3168.0,7008.6
2312.0,5896.01
1456.0,5372.93
600.0,5141.69
40833.0,4507.33
39977.0,0.0
39121.0,7377.19
38265.0,6110.47
37409.0,5635.96
36553.0,5464.87
35697.0,5400.7
34841.0,3935.9
33985.0,0.0
33129.0,5155.72
32273.0,4714.69
31417.0,4514.49
30561.0,4467.04
29705.0,4515.71
28849.0,4071.97
27993.0,0.0
27137.0,7302.44
26281.0,6126.84
25425.0,5598.76
24569.0,5362.79
23713.0,5282.7
22857.0,3865.28
22001.0,0.0
21145.0,5055.26
20289.0,4484.34
19433.0,4212.8
18577.0,4227.47
17721.0,4793.56
16865.0,4493.74
16009.0,0.0
15153.0,8204.09
14297.0,6715.35
13441.0,6014.8
12585.0,5729.73
11729.0,5656.41
10873.0,3963.89
10017.0,0.0
9161.0,5468.08
8305.0,4778.72
7449.0,4562.89
6593.0,4403.38
5737.0,4526.56
4881.0,4017.02
4025.0,0.0
3169.0,7133.32
2313.0,5921.26
1457.0,5453.65
601.0,5296.32
40834.0,8587.82
39978.0,0.0
39122.0,12629.11
38266.0,10210.4
37410.0,9402.27
36554.0,9303.05
35698.0,9279.49
34842.0,8361.58
33986.0,0.0
33130.0,7996.29
32274.0,7240.71
31418.0,7277.14
30562.0,7503.0
29706.0,8102.57
28850.0,0.0
27994.0,0.0
27138.0,12743.27
26282.0,10374.2
25426.0,9182.54
24570.0,8930.96
23714.0,8856.57
22858.0,7857.24
22002.0,0.0
21146.0,7534.12
20290.0,6688.36
19434.0,6447.41
18578.0,6847.32
17722.0,7902.6
16866.0,8609.17
16010.0,0.0
15154.0,15053.1
14298.0,11066.61
13442.0,9865.02
12586.0,9466.18
11730.0,9165.89
10874.0,8103.87
10018.0,0.0
9162.0,7994.43
8306.0,7082.59
7450.0,7056.68
6594.0,7338.94
5738.0,7791.26
4882.0,7726.15
4026.0,0.0
3170.0,12971.26
2314.0,10190.57
1458.0,9125.15
602.0,8899.43
40835.0,3589.48
39979.0,0.0
39123.0,6917.27
38267.0,5403.16
37411.0,4985.06
36555.0,4977.65
35699.0,5105.11
34843.0,3444.73
33987.0,0.0
33131.0,4505.19
32275.0,4017.35
31419.0,4008.48
30563.0,4067.34
29707.0,4393.87
28851.0,3549.66
27995.0,0.0
27139.0,6746.54
26283.0,5539.62
25427.0,5080.24
24571.0,4945.92
23715.0,5142.8
22859.0,3359.67
22003.0,0.0
21147.0,3986.25
20291.0,3698.41
19435.0,3661.8
18579.0,3812.28
17723.0,4603.24
16867.0,3839.69
16011.0,0.0
15155.0,8323.98
14299.0,6281.78
13443.0,5519.16
12587.0,5204.65
11731.0,5202.41
10875.0,3488.57
10019.0,0.0
9163.0,4395.09
8307.0,3934.13
7451.0,3897.65
6595.0,3980.82
5739.0,4237.14
4883.0,3553.18
4027.0,0.0
3171.0,6959.73
2315.0,5742.69
1459.0,5185.76
603.0,4943.49
40836.0,4882.93
39980.0,0.0
39124.0,6412.86
38268.0,5047.51
37412.0,4985.97
36556.0,4989.95
35700.0,5195.37
34844.0,4578.01
33988.0,0.0
33132.0,4335.59
32276.0,3924.22
31420.0,4006.77
30564.0,4035.85
29708.0,4427.73
28852.0,4472.95
27996.0,0.0
27140.0,6366.95
26284.0,5166.43
25428.0,4964.06
24572.0,4925.62
23716.0,5143.84
22860.0,4666.32
22004.0,0.0
21148.0,3974.56
20292.0,3579.48
19436.0,3591.89
18580.0,3774.96
17724.0,4444.09
16868.0,5179.02
16012.0,0.0
15156.0,7508.62
14300.0,5720.8
13444.0,5179.18
12588.0,5058.39
11732.0,5175.69
10876.0,4757.67
10020.0,0.0
9164.0,4425.06
8308.0,3867.38
7452.0,3938.44
6596.0,4039.5
5740.0,4353.31
4884.0,4701.68
4028.0,0.0
3172.0,6395.72
2316.0,5287.49
1460.0,4927.13
604.0,4882.69
40837.0,4701.0
39981.0,0.0
39125.0,8281.09
38269.0,6966.78
37413.0,6476.82
36557.0,6015.74
35701.0,5736.21
34845.0,4204.53
33989.0,0.0
33133.0,5455.12
32277.0,5164.23
31421.0,4945.69
30565.0,4912.33
29709.0,4966.11
28853.0,0.0
27997.0,0.0
27141.0,7996.98
26285.0,6722.24
25429.0,5957.63
24573.0,5539.42
23717.0,5268.63
22861.0,4598.81
22005.0,0.0
21149.0,4963.66
20293.0,4441.88
19437.0,4228.28
18581.0,4376.07
17725.0,4931.07
16869.0,4549.49
16013.0,0.0
15157.0,9363.54
14301.0,7361.09
13445.0,6401.05
12589.0,5990.8
11733.0,5847.22
10877.0,4294.21
10021.0,0.0
9165.0,5488.22
8309.0,4945.05
7453.0,4663.02
6597.0,4714.88
5741.0,4771.61
4885.0,4071.51
4029.0,0.0
3173.0,7997.07
2317.0,6578.39
1461.0,5918.3
605.0,5717.06
40838.0,5361.08
39982.0,0.0
39126.0,7898.71
38270.0,6344.0
37414.0,6057.85
36558.0,5827.27
35702.0,5956.0
34846.0,5022.34
33990.0,0.0
33134.0,5236.68
32278.0,4673.73
31422.0,4546.34
30566.0,4610.57
29710.0,4857.03
28854.0,4959.59
27998.0,0.0
27142.0,7826.14
26286.0,6244.44
25430.0,5831.12
24574.0,5695.36
23718.0,5746.5
22862.0,4950.2
22006.0,0.0
21150.0,4822.75
20294.0,4242.13
19438.0,4100.35
18582.0,4315.43
17726.0,5155.42
16870.0,5585.45
16014.0,0.0
15158.0,9560.64
14302.0,7091.1
13446.0,6226.22
12590.0,6040.77
11734.0,6056.77
10878.0,5180.82
10022.0,0.0
9166.0,5137.45
8310.0,4522.93
7454.0,4453.36
6598.0,4572.27
5742.0,4956.19
4886.0,5220.42
4030.0,0.0
3174.0,7892.08
2318.0,6235.51
1462.0,5760.12
606.0,5657.74
40839.0,4974.34
39983.0,0.0
39127.0,9400.49
38271.0,7718.11
37415.0,6963.35
36559.0,6534.88
35703.0,6591.69
34847.0,4510.69
33991.0,0.0
33135.0,5918.75
32279.0,5473.71
31423.0,5395.86
30567.0,5463.13
29711.0,5780.25
28855.0,4683.95
27999.0,0.0
27143.0,9042.27
26287.0,7509.06
25431.0,6905.26
24575.0,6556.76
23719.0,6517.7
22863.0,4401.49
22007.0,0.0
21151.0,5786.85
20295.0,5337.48
19439.0,5139.16
18583.0,5353.07
17727.0,6266.46
16871.0,5063.72
16015.0,0.0
15159.0,11457.84
14303.0,8519.24
13447.0,7449.86
12591.0,6995.74
11735.0,6762.55
10879.0,4632.1
10023.0,0.0
9167.0,5988.53
8311.0,5572.03
7455.0,5375.19
6599.0,5457.64
5743.0,5658.62
4887.0,4682.9
4031.0,0.0
3175.0,9328.41
2319.0,7607.07
1463.0,6853.78
607.0,6519.51
40840.0,7065.37
39984.0,0.0
39128.0,10913.79
38272.0,8606.9
37416.0,7986.11
36560.0,7738.86
35704.0,7745.42
34848.0,6929.86
33992.0,0.0
33136.0,6865.4
32280.0,6245.98
31424.0,5992.67
30568.0,6112.56
29712.0,6461.69
28856.0,6670.38
28000.0,0.0
27144.0,10394.54
26288.0,8470.12
25432.0,7887.01
24576.0,7535.3
23720.0,7508.33
22864.0,6535.76
22008.0,0.0
21152.0,6426.74
20296.0,5698.05
19440.0,5594.44
18584.0,5771.34
17728.0,6806.67
16872.0,7220.21
16016.0,0.0
15160.0,12429.61
14304.0,9347.52
13448.0,8241.01
12592.0,7869.2
11736.0,7788.94
10880.0,6819.04
10024.0,0.0
9168.0,6830.68
8312.0,6105.46
7456.0,6121.13
6600.0,6130.79
5744.0,6433.35
4888.0,6615.93
4032.0,0.0
3176.0,10391.73
2320.0,8262.57
1464.0,7691.36
608.0,7454.76
40841.0,3711.74
39985.0,0.0
39129.0,5297.26
38273.0,4509.11
37417.0,4235.64
36561.0,4366.01
35705.0,4336.09
34849.0,3329.69
33993.0,0.0
33137.0,4000.86
32281.0,3711.9
31425.0,3574.27
30569.0,3677.66
29713.0,3744.61
28857.0,3329.36
28001.0,0.0
27145.0,5375.4
26289.0,4630.51
25433.0,4326.65
24577.0,4271.58
23721.0,4314.82
22865.0,3276.81
22009.0,0.0
21153.0,3786.25
20297.0,3382.21
19441.0,3271.71
18585.0,3370.66
17729.0,3766.0
16873.0,3650.61
16017.0,0.0
15161.0,6060.6
14305.0,4941.11
13449.0,4502.56
12593.0,4413.28
11737.0,4445.82
10881.0,3330.81
10025.0,0.0
9169.0,4158.01
8313.0,3739.5
7457.0,3669.68
6601.0,3759.98
5745.0,3832.73
4889.0,3367.58
4033.0,0.0
3177.0,5393.58
2321.0,4593.61
1465.0,4246.14
609.0,4143.38
40842.0,8932.95
39986.0,0.0
39130.0,10555.01
38274.0,8198.94
37418.0,7779.23
36562.0,7719.87
35706.0,8026.32
34850.0,7923.51
33994.0,0.0
33138.0,7188.13
32282.0,6445.89
31426.0,6261.91
30570.0,6391.7
29714.0,7098.85
28858.0,7888.71
28002.0,0.0
27146.0,10709.52
26290.0,8679.84
25434.0,8120.66
24578.0,7896.81
23722.0,8044.48
22866.0,7606.21
22010.0,0.0
21154.0,6973.46
20298.0,6028.56
19442.0,5926.34
18586.0,6257.81
17730.0,7287.98
16874.0,8178.16
16018.0,0.0
15162.0,12263.48
14306.0,9488.56
13450.0,8518.23
12594.0,8202.14
11738.0,8252.21
10882.0,7659.4
10026.0,0.0
9170.0,7375.59
8314.0,6510.65
7458.0,6432.38
6602.0,6630.8
5746.0,7114.28
4890.0,7532.22
4034.0,0.0
3178.0,10542.93
2322.0,8516.29
1466.0,7923.37
610.0,7837.89
40843.0,7394.66
39987.0,0.0
39131.0,12202.53
38275.0,10193.44
37419.0,8894.72
36563.0,8635.66
35707.0,8519.49
34851.0,5939.35
33995.0,0.0
33139.0,8022.7
32283.0,7526.42
31427.0,7227.04
30571.0,7450.66
29715.0,7755.7
28859.0,6619.44
28003.0,0.0
27147.0,11844.57
26291.0,9982.73
25435.0,9342.15
24579.0,8787.48
23723.0,8560.16
22867.0,5724.55
22011.0,0.0
21155.0,7813.06
20299.0,7235.83
19443.0,6991.82
18587.0,7123.1
17731.0,8156.98
16875.0,6853.94
16019.0,0.0
15163.0,13386.68
14307.0,11149.83
13451.0,10010.81
12595.0,9418.9
11739.0,8943.82
10883.0,5975.78
10027.0,0.0
9171.0,8233.4
8315.0,7592.89
7459.0,7408.99
6603.0,7473.22
5747.0,7634.54
4891.0,6180.01
4035.0,0.0
3179.0,11776.23
2323.0,9801.71
1467.0,9013.13
611.0,8678.75
40844.0,4677.22
39988.0,0.0
39132.0,9781.37
38276.0,7822.26
37420.0,7580.89
36564.0,7443.95
35708.0,7387.76
34852.0,4619.19
33996.0,0.0
33140.0,6049.73
32284.0,5555.45
31428.0,5572.65
30572.0,5737.12
29716.0,6008.53
28860.0,4345.99
28004.0,0.0
27148.0,9587.02
26292.0,7774.38
25436.0,7281.76
24580.0,7151.56
23724.0,7181.0
22868.0,4328.61
22012.0,0.0
21156.0,5683.74
20300.0,5035.54
19444.0,5034.24
18588.0,5328.58
17732.0,6277.24
16876.0,4784.47
16020.0,0.0
15164.0,10935.86
14308.0,8325.43
13452.0,7536.75
12596.0,7474.49
11740.0,7397.41
10884.0,4502.3
10028.0,0.0
9172.0,5831.01
8316.0,5292.34
7460.0,5215.01
6604.0,5452.71
5748.0,5827.85
4892.0,4466.07
4036.0,0.0
3180.0,9616.76
2324.0,7735.32
1468.0,7023.89
612.0,6985.83
40845.0,3960.52
39989.0,0.0
39133.0,7112.31
38277.0,5383.06
37421.0,5047.61
36565.0,4876.93
35709.0,4917.75
34853.0,3486.87
33997.0,0.0
33141.0,4589.56
32285.0,4020.78
31429.0,4059.44
30573.0,4102.09
29717.0,4357.5
28861.0,3683.36
28005.0,0.0
27149.0,6854.69
26293.0,5409.48
25437.0,5034.37
24581.0,4890.13
23725.0,5034.34
22869.0,3460.02
22013.0,0.0
21157.0,4111.17
20301.0,3705.47
19445.0,3706.99
18589.0,3745.41
17733.0,4504.81
16877.0,3908.97
16021.0,0.0
15165.0,7589.59
14309.0,6046.62
13453.0,5436.56
12597.0,5097.62
11741.0,5126.28
10885.0,3593.4
10029.0,0.0
9173.0,4322.68
8317.0,3852.69
7461.0,3868.31
6605.0,3960.96
5749.0,4194.41
4893.0,3679.84
4037.0,0.0
3181.0,6657.06
2325.0,5436.01
1469.0,5028.29
613.0,4818.83
40846.0,3758.0
39990.0,0.0
39134.0,6468.48
38278.0,5088.97
37422.0,4850.39
36566.0,4645.24
35710.0,4529.27
34854.0,3504.82
33998.0,0.0
33142.0,3864.22
32286.0,3538.26
31430.0,3563.69
30574.0,3592.82
29718.0,3817.44
28862.0,3470.11
28006.0,0.0
27150.0,6404.18
26294.0,5075.52
25438.0,4846.12
24582.0,4664.14
23726.0,4658.43
22870.0,3419.61
22014.0,0.0
21158.0,3560.89
20302.0,3322.32
19446.0,3271.19
18590.0,3356.49
17734.0,4035.6
16878.0,3929.98
16022.0,0.0
15166.0,7566.7
14310.0,5637.85
13454.0,5007.28
12598.0,4849.13
11742.0,4902.41
10886.0,3689.91
10030.0,0.0
9174.0,3745.93
8318.0,3424.01
7462.0,3403.51
6606.0,3394.51
5750.0,3640.73
4894.0,3639.14
4038.0,0.0
3182.0,6474.9
2326.0,5165.65
1470.0,4694.08
614.0,4538.0
40847.0,5079.7
39991.0,0.0
39135.0,10646.47
38279.0,9124.16
37423.0,8248.99
36567.0,8110.35
35711.0,7807.89
34855.0,4626.37
33999.0,0.0
33143.0,7366.34
32287.0,6834.3
31431.0,6665.27
30575.0,6626.27
29719.0,6984.71
28863.0,4762.52
28007.0,0.0
27151.0,10410.28
26295.0,8671.01
25439.0,8127.0
24583.0,7834.35
23727.0,7710.07
22871.0,4536.19
22015.0,0.0
21159.0,7216.57
20303.0,6455.83
19447.0,6203.09
18591.0,6393.15
17735.0,7295.12
16879.0,5025.51
16023.0,0.0
15167.0,12102.35
14311.0,9659.72
13455.0,8665.03
12599.0,8158.88
11743.0,7943.33
10887.0,4640.11
10031.0,0.0
9175.0,7417.58
8319.0,6796.42
7463.0,6596.34
6607.0,6637.8
5751.0,6862.68
4895.0,4681.44
4039.0,0.0
3183.0,10370.31
2327.0,8363.23
1471.0,7783.25
615.0,7547.72
40848.0,5261.04
39992.0,0.0
39136.0,7303.35
38280.0,5763.91
37424.0,5332.19
36568.0,5296.93
35712.0,5287.7
34856.0,5090.45
34000.0,0.0
33144.0,4800.82
32288.0,4508.7
31432.0,4287.02
30576.0,4343.44
29720.0,4569.08
28864.0,0.0
28008.0,0.0
27152.0,7088.04
26296.0,5673.06
25440.0,5161.87
24584.0,5041.42
23728.0,4926.53
22872.0,4746.08
22016.0,0.0
21160.0,4307.59
20304.0,3980.73
19448.0,3843.64
18592.0,3921.6
17736.0,4474.68
16880.0,4516.06
16024.0,0.0
15168.0,7937.18
14312.0,6175.82
13456.0,5502.19
12600.0,5269.23
11744.0,5299.61
10888.0,4594.32
10032.0,0.0
9176.0,4862.72
8320.0,4260.54
7464.0,4135.3
6608.0,4150.93
5752.0,4296.26
4896.0,4143.91
4040.0,0.0
3184.0,6901.54
2328.0,5735.37
1472.0,5231.81
616.0,5129.21
40849.0,9848.51
39993.0,0.0
39137.0,13644.78
38281.0,11157.54
37425.0,10368.28
36569.0,9951.79
35713.0,10121.53
34857.0,8804.84
34001.0,0.0
33145.0,9338.33
32289.0,8541.51
31433.0,8303.29
30577.0,8264.59
29721.0,8447.92
28865.0,8786.21
28009.0,0.0
27153.0,13190.33
26297.0,11147.19
25441.0,10233.15
24585.0,9766.02
23729.0,9832.25
22873.0,8377.12
22017.0,0.0
21161.0,8986.5
20305.0,8219.11
19449.0,7852.71
18593.0,7892.23
17737.0,8919.78
16881.0,9574.84
16025.0,0.0
15169.0,14828.22
14313.0,11850.17
13457.0,10924.13
12601.0,10425.01
11745.0,10200.3
10889.0,8672.4
10033.0,0.0
9177.0,9565.94
8321.0,8713.46
7465.0,8306.31
6609.0,8239.2
5753.0,8380.14
4897.0,8586.37
4041.0,0.0
3185.0,13290.6
2329.0,10944.73
1473.0,9977.48
617.0,9625.14
40850.0,4747.97
39994.0,0.0
39138.0,6844.86
38282.0,5266.27
37426.0,5019.17
36570.0,5119.63
35714.0,5042.91
34858.0,4541.52
34002.0,0.0
33146.0,4406.76
32290.0,3989.81
31434.0,3905.39
30578.0,3944.95
29722.0,4323.78
28866.0,4345.92
28010.0,0.0
27154.0,6763.23
26298.0,5395.98
25442.0,5015.49
24586.0,5010.41
23730.0,5088.54
22874.0,4517.6
22018.0,0.0
21162.0,3997.1
20306.0,3647.47
19450.0,3619.98
18594.0,3702.45
17738.0,4295.11
16882.0,4838.09
16026.0,0.0
15170.0,7705.32
14314.0,6009.79
13458.0,5373.61
12602.0,5204.47
11746.0,5136.02
10890.0,4514.54
10034.0,0.0
9178.0,4392.79
8322.0,3891.58
7466.0,3866.36
6610.0,3944.44
5754.0,4214.56
4898.0,4403.94
4042.0,0.0
3186.0,6759.8
2330.0,5493.45
1474.0,5054.52
618.0,4965.42
40851.0,4761.22
39995.0,0.0
39139.0,9148.67
38283.0,6988.6
37427.0,6364.03
36571.0,6514.02
35715.0,6265.52
34859.0,4236.69
34003.0,0.0
33147.0,5820.71
32291.0,5162.06
31435.0,4950.86
30579.0,5130.11
29723.0,5487.04
28867.0,4244.49
28011.0,0.0
27155.0,8788.9
26299.0,6796.12
25443.0,6173.23
24587.0,6012.34
23731.0,6052.21
22875.0,4237.33
22019.0,0.0
21163.0,5261.31
20307.0,4643.95
19451.0,4461.68
18595.0,4649.82
17739.0,5478.7
16883.0,4757.0
16027.0,0.0
15171.0,9616.29
14315.0,7359.68
13459.0,6417.98
12603.0,6109.98
11747.0,6088.14
10891.0,4285.63
10035.0,0.0
9179.0,5505.15
8323.0,4855.2
7467.0,4615.78
6611.0,4796.53
5755.0,5109.7
4899.0,4308.44
4043.0,0.0
3187.0,8168.32
2331.0,6335.55
1475.0,5714.96
619.0,5577.07
40852.0,6659.84
39996.0,0.0
39140.0,9869.91
38284.0,8123.48
37428.0,7543.87
36572.0,7484.48
35716.0,7555.03
34860.0,6330.71
34004.0,0.0
33148.0,6611.56
32292.0,6188.82
31436.0,5873.36
30580.0,5930.14
29724.0,6103.79
28868.0,6115.6
28012.0,0.0
27156.0,9768.69
26300.0,8269.47
25444.0,7718.05
24588.0,7393.14
23732.0,7239.6
22876.0,6092.65
22020.0,0.0
21164.0,6303.88
20308.0,5716.33
19452.0,5604.31
18596.0,5634.65
17740.0,6444.46
16884.0,6646.63
16028.0,0.0
15172.0,11244.14
14316.0,8746.19
13460.0,7747.36
12604.0,7584.82
11748.0,7557.38
10892.0,6082.06
10036.0,0.0
9180.0,6592.05
8324.0,6091.57
7468.0,5908.7
6612.0,5893.89
5756.0,6045.1
4900.0,5966.83
4044.0,0.0
3188.0,9776.17
2332.0,8044.47
1476.0,7407.68
620.0,7226.8
40853.0,4956.72
39997.0,0.0
39141.0,8321.43
38285.0,6589.57
37429.0,6053.41
36573.0,5801.51
35717.0,5735.46
34861.0,4494.87
34005.0,0.0
33149.0,5158.14
32293.0,4653.7
31437.0,4543.31
30581.0,4522.69
29725.0,4898.27
28869.0,4464.18
28013.0,0.0
27157.0,8131.8
26301.0,6421.54
25445.0,5814.63
24589.0,5655.81
23733.0,5610.19
22877.0,4156.87
22021.0,0.0
21165.0,4574.04
20309.0,4104.0
19453.0,3953.81
18597.0,4141.64
17741.0,4966.64
16885.0,4799.29
16029.0,0.0
15173.0,9863.61
14317.0,7238.1
13461.0,6256.84
12605.0,5940.06
11749.0,5943.43
10893.0,4442.84
10037.0,0.0
9181.0,4994.4
8325.0,4432.92
7469.0,4355.14
6613.0,4421.4
5757.0,4843.0
4901.0,4469.49
4045.0,0.0
3189.0,8130.51
2333.0,6342.22
1477.0,5787.43
621.0,5677.68
40854.0,6058.86
39998.0,0.0
39142.0,7518.79
38286.0,6094.0
37430.0,5591.7
36574.0,5492.84
35718.0,5587.41
34862.0,5759.8
34006.0,0.0
33150.0,4917.1
32294.0,4462.05
31438.0,4445.03
30582.0,4506.35
29726.0,4806.11
28870.0,0.0
28014.0,0.0
27158.0,7273.8
26302.0,5715.81
25446.0,5232.13
24590.0,5216.21
23734.0,5183.27
22878.0,5642.63
22022.0,0.0
21166.0,4425.41
20310.0,3928.43
19454.0,3789.22
18598.0,3986.65
17742.0,4709.08
16886.0,5199.65
16030.0,0.0
15174.0,8803.03
14318.0,6577.55
13462.0,5741.67
12606.0,5604.82
11750.0,5554.54
10894.0,5334.26
10038.0,0.0
9182.0,4834.88
8326.0,4195.46
7470.0,4150.27
6614.0,4237.16
5758.0,4498.57
4902.0,4907.25
4046.0,0.0
3190.0,7478.26
2334.0,5917.45
1478.0,5380.31
622.0,5261.37
40855.0,4785.16
39999.0,0.0
39143.0,8409.69
38287.0,6425.32
37431.0,6079.65
36575.0,5867.3
35719.0,5855.24
34863.0,4343.91
34007.0,0.0
33151.0,5385.84
32295.0,4779.41
31439.0,4642.04
30583.0,4738.27
29727.0,5177.38
28871.0,0.0
28015.0,0.0
27159.0,8054.82
26303.0,6257.93
25447.0,5631.64
24591.0,5427.55
23735.0,5495.64
22879.0,4458.88
22023.0,0.0
21167.0,4706.9
20311.0,4141.11
19455.0,4088.7
18599.0,4232.01
17743.0,5018.28
16887.0,4551.85
16031.0,0.0
15175.0,9543.43
14319.0,7056.43
13463.0,6121.51
12607.0,5915.94
11751.0,5911.02
10895.0,4353.2
10039.0,0.0
9183.0,5031.79
8327.0,4353.01
7471.0,4371.23
6615.0,4466.3
5759.0,4896.86
4903.0,4286.69
4047.0,0.0
3191.0,8109.43
2335.0,6264.16
1479.0,5682.6
623.0,5583.57
40856.0,6156.08
40000.0,0.0
39144.0,10178.42
38288.0,8393.0
37432.0,7877.76
36576.0,7532.94
35720.0,7314.18
34864.0,5700.33
34008.0,0.0
33152.0,6321.64
32296.0,5729.72
31440.0,5644.68
30584.0,5703.85
29728.0,5818.61
28872.0,0.0
28016.0,0.0
27160.0,9811.51
26304.0,8168.64
25448.0,7319.27
24592.0,6877.98
23736.0,6748.37
22880.0,5864.37
22024.0,0.0
21168.0,5724.45
20312.0,5102.8
19456.0,4858.07
18600.0,5061.54
17744.0,5968.04
16888.0,6218.9
16032.0,0.0
15176.0,11309.98
14320.0,8714.93
13464.0,7613.57
12608.0,7247.46
11752.0,7045.77
10896.0,5861.49
10040.0,0.0
9184.0,5944.76
8328.0,5314.87
7472.0,5221.93
6616.0,5238.93
5760.0,5396.67
4904.0,5812.97
4048.0,0.0
3192.0,9825.1
2336.0,7886.7
1480.0,7029.89
624.0,6819.91
40857.0,11008.89
40001.0,0.0
39145.0,13943.56
38289.0,11460.31
37433.0,10776.38
36577.0,10193.64
35721.0,10241.72
34865.0,9948.86
34009.0,0.0
33153.0,9774.54
32297.0,8900.09
31441.0,8483.21
30585.0,8323.44
29729.0,8803.63
28873.0,9587.57
28017.0,0.0
27161.0,13798.53
26305.0,11653.56
25449.0,10831.98
24593.0,10344.51
23737.0,10173.2
22881.0,9294.11
22025.0,0.0
21169.0,9185.08
20313.0,8480.05
19457.0,8070.42
18601.0,7916.6
17745.0,8829.56
16889.0,9855.81
16033.0,0.0
15177.0,15741.3
14321.0,12481.62
13465.0,11278.79
12609.0,10774.69
11753.0,10433.94
10897.0,9337.82
10041.0,0.0
9185.0,10141.35
8329.0,9335.98
7473.0,8760.69
6617.0,8556.03
5761.0,8784.26
4905.0,9231.67
4049.0,0.0
3193.0,14317.14
2337.0,11701.92
1481.0,10569.07
625.0,10095.31
40858.0,6538.35
40002.0,0.0
39146.0,13225.07
38290.0,10817.08
37434.0,10058.61
36578.0,9552.1
35722.0,9380.78
34866.0,5989.73
34010.0,0.0
33154.0,8837.94
32298.0,7901.65
31442.0,7894.44
30586.0,8015.52
29730.0,8342.94
28874.0,5962.57
28018.0,0.0
27162.0,12712.71
26306.0,10654.24
25450.0,9900.92
24594.0,9297.51
23738.0,9339.38
22882.0,5708.59
22026.0,0.0
21170.0,8224.64
20314.0,7519.09
19458.0,7357.74
18602.0,7505.66
17746.0,8410.78
16890.0,6219.25
16034.0,0.0
15178.0,14229.76
14322.0,11575.53
13466.0,10505.72
12610.0,9873.59
11754.0,9453.24
10898.0,5666.84
10042.0,0.0
9186.0,8471.6
8330.0,7753.54
7474.0,7540.74
6618.0,7659.65
5762.0,7975.71
4906.0,5584.15
4050.0,0.0
3194.0,12496.72
2338.0,10292.19
1482.0,9362.47
626.0,9007.95
40859.0,6418.17
40003.0,0.0
39147.0,8032.27
38291.0,6583.58
37435.0,6286.15
36579.0,6114.79
35723.0,6300.2
34867.0,5904.81
34011.0,0.0
33155.0,5516.75
32299.0,4904.43
31443.0,4911.3
30587.0,5059.48
29731.0,5482.42
28875.0,6097.85
28019.0,0.0
27163.0,8009.19
26307.0,6636.56
25451.0,6291.51
24595.0,6149.65
23739.0,6305.8
22883.0,5959.16
22027.0,0.0
21171.0,5494.83
20315.0,4767.69
19459.0,4627.14
18603.0,4857.24
17747.0,5612.84
16891.0,6552.64
16035.0,0.0
15179.0,8875.26
14323.0,7188.26
13467.0,6501.6
12611.0,6399.49
11755.0,6346.49
10899.0,5947.89
10043.0,0.0
9187.0,5668.02
8331.0,4906.34
7475.0,4863.92
6619.0,5065.35
5763.0,5439.27
4907.0,6173.8
4051.0,0.0
3195.0,7823.86
2339.0,6361.6
1483.0,6035.04
627.0,6024.4
40860.0,3660.13
40004.0,0.0
39148.0,5872.43
38292.0,5084.89
37436.0,4592.57
36580.0,4392.53
35724.0,4236.59
34868.0,3523.05
34012.0,0.0
33156.0,4215.33
32300.0,3828.56
31444.0,3621.15
30588.0,3628.31
29732.0,3659.19
28876.0,3399.28
28020.0,0.0
27164.0,5742.43
26308.0,4947.0
25452.0,4539.14
24596.0,4413.06
23740.0,4331.01
22884.0,3363.37
22028.0,0.0
21172.0,3941.68
20316.0,3591.5
19460.0,3411.38
18604.0,3372.65
17748.0,3845.17
16892.0,3677.03
16036.0,0.0
15180.0,6514.44
14324.0,5444.2
13468.0,4880.23
12612.0,4624.85
11756.0,4526.45
10900.0,3528.22
10044.0,0.0
9188.0,4274.15
8332.0,3817.59
7476.0,3627.6
6620.0,3605.14
5764.0,3666.74
4908.0,3434.69
4052.0,0.0
3196.0,5812.52
2340.0,4954.26
1484.0,4469.95
628.0,4337.68
40861.0,5448.12
40005.0,0.0
39149.0,8444.94
38293.0,7083.97
37437.0,6503.09
36581.0,6408.76
35725.0,6404.68
34869.0,5175.67
34013.0,0.0
33157.0,6032.1
32301.0,5592.25
31445.0,5338.5
30589.0,5303.9
29733.0,5506.71
28877.0,5045.61
28021.0,0.0
27165.0,8629.34
26309.0,7289.67
25453.0,6618.52
24597.0,6379.5
23741.0,6219.54
22885.0,5135.68
22029.0,0.0
21173.0,5866.39
20317.0,5328.22
19461.0,5091.09
18605.0,5131.37
17749.0,5745.85
16893.0,5629.87
16037.0,0.0
15181.0,9710.2
14325.0,7912.03
13469.0,7027.71
12613.0,6628.39
11757.0,6366.36
10901.0,5190.69
10045.0,0.0
9189.0,6576.08
8333.0,5927.35
7477.0,5697.46
6621.0,5471.95
5765.0,5483.95
4909.0,5140.54
4053.0,0.0
3197.0,8738.8
2341.0,7204.76
1485.0,6605.34
629.0,6332.04
40862.0,6499.52
40006.0,0.0
39150.0,8753.89
38294.0,7156.3
37438.0,6411.83
36582.0,6349.13
35726.0,6092.4
34870.0,5896.35
34014.0,0.0
33158.0,5843.28
32302.0,5401.45
31446.0,5081.14
30590.0,4990.31
29734.0,5268.91
28878.0,0.0
28022.0,0.0
27166.0,8710.01
26310.0,7165.3
25454.0,6216.02
24598.0,6005.82
23742.0,5829.69
22886.0,6306.73
22030.0,0.0
21174.0,5417.97
20318.0,4950.89
19462.0,4655.4
18606.0,4768.36
17750.0,5409.67
16894.0,6023.87
16038.0,0.0
15182.0,10025.94
14326.0,7773.57
13470.0,6767.38
12614.0,6333.36
11758.0,6180.72
10902.0,5917.12
10046.0,0.0
9190.0,5932.43
8334.0,5434.96
7478.0,5142.17
6622.0,4998.97
5766.0,5128.05
4910.0,5296.57
4054.0,0.0
3198.0,8657.27
2342.0,7213.96
1486.0,6462.15
630.0,6153.04
40863.0,3247.97
40007.0,0.0
39151.0,6260.51
38295.0,5202.72
37439.0,4762.1
36583.0,4730.55
35727.0,4730.78
34871.0,3036.66
34015.0,0.0
33159.0,4267.45
32303.0,3880.79
31447.0,3793.93
30591.0,3749.89
29735.0,4062.21
28879.0,3051.04
28023.0,0.0
27167.0,5868.75
26311.0,5066.14
25455.0,4772.18
24599.0,4528.07
23743.0,4547.39
22887.0,2895.31
22031.0,0.0
21175.0,3816.57
20319.0,3569.72
19463.0,3499.12
18607.0,3506.17
17751.0,4279.23
16895.0,3247.63
16039.0,0.0
15183.0,6744.9
14327.0,5486.38
13471.0,4942.89
12615.0,4702.57
11759.0,4586.77
10903.0,2982.78
10047.0,0.0
9191.0,4022.29
8335.0,3693.44
7479.0,3713.61
6623.0,3730.31
5767.0,3891.87
4911.0,3065.79
4055.0,0.0
3199.0,5767.44
2343.0,4887.06
1487.0,4459.05
631.0,4334.36
40864.0,5139.19
40008.0,0.0
39152.0,8597.53
38296.0,7019.59
37440.0,6402.5
36584.0,6186.5
35728.0,5977.46
34872.0,4549.96
34016.0,0.0
33160.0,5090.41
32304.0,4704.4
31448.0,4483.5
30592.0,4491.02
29736.0,4874.98
28880.0,4476.26
28024.0,0.0
27168.0,8542.06
26312.0,6957.02
25456.0,6210.71
24600.0,5935.43
23744.0,5838.64
22888.0,4399.49
22032.0,0.0
21176.0,4547.05
20320.0,4107.02
19464.0,3958.07
18608.0,4118.97
17752.0,4974.98
16896.0,4886.71
16040.0,0.0
15184.0,10186.52
14328.0,7590.96
13472.0,6460.41
12616.0,6148.19
11760.0,6057.52
10904.0,4549.96
10048.0,0.0
9192.0,4925.36
8336.0,4403.25
7480.0,4303.96
6624.0,4359.4
5768.0,4679.39
4912.0,4571.88
4056.0,0.0
3200.0,8632.43
2344.0,6794.25
1488.0,6030.99
632.0,5878.8
40865.0,5294.1
40009.0,0.0
39153.0,8227.57
38297.0,6862.99
37441.0,6287.42
36585.0,5994.66
35729.0,5904.32
34873.0,4813.04
34017.0,0.0
33161.0,5753.44
32305.0,5267.05
31449.0,5080.77
30593.0,5094.15
29737.0,5342.05
28881.0,4909.31
28025.0,0.0
27169.0,8110.06
26313.0,6839.92
25457.0,6312.52
24601.0,6006.45
23745.0,5906.18
22889.0,4716.7
22033.0,0.0
21177.0,5433.45
20321.0,5005.22
19465.0,4836.17
18609.0,4851.48
17753.0,5357.92
16897.0,5362.78
16041.0,0.0
15185.0,9291.63
14329.0,7684.68
13473.0,6768.02
12617.0,6418.9
11761.0,6187.23
10905.0,4896.51
10049.0,0.0
9193.0,5943.61
8337.0,5359.87
7481.0,5085.18
6625.0,5022.04
5769.0,5155.91
4913.0,4848.01
4057.0,0.0
3201.0,7968.05
2345.0,6685.83
1489.0,6188.45
633.0,6028.78
40866.0,12301.18
40010.0,0.0
39154.0,16767.22
38298.0,14095.06
37442.0,12808.66
36586.0,12757.49
35730.0,12415.48
34874.0,11377.14
34018.0,0.0
33162.0,11670.22
32306.0,10810.87
31450.0,10105.88
30594.0,10929.46
29738.0,11119.41
28882.0,0.0
28026.0,0.0
27170.0,15917.45
26314.0,13589.67
25458.0,12622.88
24602.0,12189.08
23746.0,11830.6
22890.0,10850.79
22034.0,0.0
21178.0,10721.52
20322.0,10094.64
19466.0,9691.02
18610.0,10107.62
17754.0,11520.92
16898.0,11340.58
16042.0,0.0
15186.0,19039.85
14330.0,15137.17
13474.0,13466.67
12618.0,12732.89
11762.0,12481.93
10906.0,10809.83
10050.0,0.0
9194.0,11262.2
8338.0,10429.88
7482.0,10185.2
6626.0,10255.7
5770.0,10510.04
4914.0,10091.25
4058.0,0.0
3202.0,17380.51
2346.0,14400.13
1490.0,12681.82
634.0,11983.85
40867.0,7071.89
40011.0,0.0
39155.0,11541.39
38299.0,9050.35
37443.0,8407.6
36587.0,8044.79
35731.0,7817.9
34875.0,6810.87
34019.0,0.0
33163.0,7288.28
32307.0,6732.42
31451.0,6397.83
30595.0,6601.32
29739.0,6798.84
28883.0,6578.14
28027.0,0.0
27171.0,11430.47
26315.0,9445.88
25459.0,8757.69
24603.0,8269.41
23747.0,7928.99
22891.0,6811.73
22035.0,0.0
21179.0,6933.14
20323.0,6320.89
19467.0,5977.93
18611.0,6232.61
17755.0,7132.33
16899.0,7379.18
16043.0,0.0
15187.0,13691.7
14331.0,9966.0
13475.0,8935.5
12619.0,8407.55
11763.0,8188.37
10907.0,6682.52
10051.0,0.0
9195.0,7287.4
8339.0,6611.97
7483.0,6428.63
6627.0,6501.72
5771.0,6738.72
4915.0,6505.62
4059.0,0.0
3203.0,11644.74
2347.0,9449.11
1491.0,8440.17
635.0,8064.59
40868.0,4276.9
40012.0,0.0
39156.0,8438.5
38300.0,6954.2
37444.0,6344.19
36588.0,6172.87
35732.0,6317.38
34876.0,3854.68
34020.0,0.0
33164.0,5748.49
32308.0,5339.21
31452.0,5171.1
30596.0,5284.66
29740.0,5536.41
28884.0,3980.71
28028.0,0.0
27172.0,8230.87
26316.0,6952.43
25460.0,6361.92
24604.0,6128.28
23748.0,6104.02
22892.0,3677.36
22036.0,0.0
21180.0,5467.98
20324.0,5071.68
19468.0,4765.27
18612.0,4960.95
17756.0,5657.7
16900.0,4160.79
16044.0,0.0
15188.0,9077.69
14332.0,7420.18
13476.0,6548.23
12620.0,6290.47
11764.0,6231.14
10908.0,3722.19
10052.0,0.0
9196.0,5801.63
8340.0,5265.46
7484.0,4999.43
6628.0,5089.85
5772.0,5338.86
4916.0,3865.31
4060.0,0.0
3204.0,7963.65
2348.0,6486.51
1492.0,5990.15
636.0,5871.82
40869.0,5430.21
40013.0,0.0
39157.0,10085.9
38301.0,8435.17
37445.0,7968.72
36589.0,7594.42
35733.0,7588.46
34877.0,4965.02
34021.0,0.0
33165.0,6775.49
32309.0,6312.21
31453.0,6037.61
30597.0,6079.95
29741.0,6420.67
28885.0,4968.07
28029.0,0.0
27173.0,10099.4
26317.0,8534.15
25461.0,7889.24
24605.0,7537.28
23749.0,7325.33
22893.0,4664.01
22037.0,0.0
21181.0,6414.84
20325.0,5852.98
19469.0,5697.17
18613.0,5722.03
17757.0,6434.07
16901.0,4991.49
16045.0,0.0
15189.0,11313.66
14333.0,9087.17
13477.0,8179.49
12621.0,7795.6
11765.0,7485.09
10909.0,4617.18
10053.0,0.0
9197.0,6793.76
8341.0,6356.59
7485.0,6196.47
6629.0,6240.57
5773.0,6228.0
4917.0,4601.34
4061.0,0.0
3205.0,9982.21
2349.0,8271.35
1493.0,7611.16
637.0,7340.31
40870.0,5115.77
40014.0,0.0
39158.0,7535.29
38302.0,6201.89
37446.0,5594.71
36590.0,5443.05
35734.0,5275.55
34878.0,4964.99
34022.0,0.0
33166.0,4992.81
32310.0,4706.13
31454.0,4492.54
30598.0,4497.53
29742.0,4548.31
28886.0,0.0
28030.0,0.0
27174.0,7382.86
26318.0,6067.7
25462.0,5375.1
24606.0,5151.41
23750.0,4987.56
22894.0,4873.42
22038.0,0.0
21182.0,4562.87
20326.0,4122.32
19470.0,3878.2
18614.0,3995.86
17758.0,4526.84
16902.0,4756.29
16046.0,0.0
15190.0,8304.32
14334.0,6482.68
13478.0,5741.57
12622.0,5442.69
11766.0,5333.38
10910.0,4740.78
10054.0,0.0
9198.0,5052.19
8342.0,4410.09
7486.0,4225.39
6630.0,4214.93
5774.0,4318.73
4918.0,4342.62
4062.0,0.0
3206.0,7338.16
2350.0,6037.87
1494.0,5479.0
638.0,5215.83
40871.0,6213.69
40015.0,0.0
39159.0,12421.25
38303.0,10038.88
37447.0,9227.73
36591.0,8754.22
35735.0,8752.36
34879.0,5775.6
34023.0,0.0
33167.0,8352.88
32311.0,7545.14
31455.0,7370.53
30599.0,7424.48
29743.0,7881.96
28887.0,5813.23
28031.0,0.0
27175.0,11749.04
26319.0,9881.88
25463.0,9224.08
24607.0,8796.33
23751.0,8708.14
22895.0,5458.03
22039.0,0.0
21183.0,7797.09
20327.0,7224.63
19471.0,6997.63
18615.0,7053.33
17759.0,8289.6
16903.0,5855.16
16047.0,0.0
15191.0,13225.71
14335.0,10826.54
13479.0,9863.78
12623.0,9081.97
11767.0,8863.34
10911.0,5537.0
10055.0,0.0
9199.0,8257.04
8343.0,7605.44
7487.0,7384.1
6631.0,7429.28
5775.0,7534.71
4919.0,5413.15
4063.0,0.0
3207.0,11424.47
2351.0,9520.56
1495.0,8684.66
639.0,8450.72
40872.0,5473.16
40016.0,0.0
39160.0,8423.93
38304.0,6917.99
37448.0,6300.11
36592.0,6107.6
35736.0,5867.94
34880.0,5389.21
34024.0,0.0
33168.0,5510.76
32312.0,5015.84
31456.0,4823.67
30600.0,4889.51
29744.0,5005.88
28888.0,5096.96
28032.0,0.0
27176.0,8259.57
26320.0,6928.97
25464.0,6262.69
24608.0,6023.02
23752.0,5846.59
22896.0,5046.47
22040.0,0.0
21184.0,4981.52
20328.0,4466.51
19472.0,4308.57
18616.0,4482.27
17760.0,5129.42
16904.0,5360.48
16048.0,0.0
15192.0,9346.14
14336.0,7567.59
13480.0,6616.8
12624.0,6212.3
11768.0,5987.15
10912.0,5262.51
10056.0,0.0
9200.0,5443.8
8344.0,4866.68
7488.0,4715.67
6632.0,4760.08
5776.0,4981.82
4920.0,5176.32
4064.0,0.0
3208.0,8100.47
2352.0,6718.33
1496.0,6101.97
640.0,5849.48
40873.0,9258.15
40017.0,0.0
39161.0,16963.28
38305.0,14253.68
37449.0,13216.92
36593.0,12305.12
35737.0,11842.03
34881.0,8112.37
34025.0,0.0
33169.0,11745.54
32313.0,10852.05
31457.0,10972.86
30601.0,10753.99
29745.0,10686.06
28889.0,8337.44
28033.0,0.0
27177.0,15759.25
26321.0,13801.14
25465.0,13018.52
24609.0,12267.16
23753.0,11903.41
22897.0,7894.75
22041.0,0.0
21185.0,11234.52
20329.0,10473.75
19473.0,10474.71
18617.0,10339.19
17761.0,11643.18
16905.0,9398.87
16049.0,0.0
15193.0,17896.51
14337.0,15219.63
13481.0,13915.6
12625.0,12824.36
11769.0,12273.88
10913.0,8356.33
10057.0,0.0
9201.0,11633.13
8345.0,10745.51
7489.0,10368.52
6633.0,10339.24
5777.0,10415.32
4921.0,8405.79
4065.0,0.0
3209.0,15963.0
2353.0,13451.58
1497.0,12423.05
641.0,11709.4
40874.0,6468.97
40018.0,0.0
39162.0,9591.82
38306.0,7665.7
37450.0,7096.96
36594.0,6956.53
35738.0,7141.85
34882.0,6659.13
34026.0,0.0
33170.0,6028.5
32314.0,5484.85
31458.0,5412.49
30602.0,5543.21
29746.0,6162.85
28890.0,5991.15
28034.0,0.0
27178.0,9527.83
26322.0,7726.2
25466.0,7175.24
24610.0,6985.2
23754.0,7131.62
22898.0,6157.06
22042.0,0.0
21186.0,5646.51
20330.0,5001.89
19474.0,4916.59
18618.0,5151.13
17762.0,6087.11
16906.0,6497.41
16050.0,0.0
15194.0,10444.73
14338.0,8005.87
13482.0,7200.15
12626.0,7036.01
11770.0,7074.67
10914.0,6266.86
10058.0,0.0
9202.0,5836.88
8346.0,5280.91
7490.0,5250.33
6634.0,5365.5
5778.0,5766.28
4922.0,6189.9
4066.0,0.0
3210.0,9339.6
2354.0,7455.83
1498.0,6864.15
642.0,6813.36
40875.0,5102.49
40019.0,0.0
39163.0,7818.1
38307.0,6204.41
37451.0,5819.29
36595.0,5700.67
35739.0,5646.31
34883.0,4858.12
34027.0,0.0
33171.0,5008.61
32315.0,4437.45
31459.0,4364.95
30603.0,4432.93
29747.0,4846.48
28891.0,4753.77
28035.0,0.0
27179.0,7698.88
26323.0,6065.02
25467.0,5666.74
24611.0,5532.68
23755.0,5650.31
22899.0,4768.92
22043.0,0.0
21187.0,4552.58
20331.0,3981.94
19475.0,3973.38
18619.0,4230.63
17763.0,5054.1
16907.0,5464.58
16051.0,0.0
15195.0,9401.1
14339.0,6803.23
13483.0,6064.64
12627.0,5894.13
11771.0,6002.76
10915.0,5031.12
10059.0,0.0
9203.0,5008.22
8347.0,4337.16
7491.0,4273.99
6635.0,4416.12
5779.0,4867.3
4923.0,5019.98
4067.0,0.0
3211.0,7885.46
2355.0,6172.18
1499.0,5640.92
643.0,5617.13
40876.0,4078.14
40020.0,0.0
39164.0,7624.92
38308.0,6015.3
37452.0,5562.47
36596.0,5500.32
35740.0,5561.2
34884.0,3583.16
34028.0,0.0
33172.0,4977.17
32316.0,4563.54
31460.0,4524.84
30604.0,4666.04
29748.0,4731.44
28892.0,3857.06
28036.0,0.0
27180.0,7446.64
26324.0,6042.8
25468.0,5672.67
24612.0,5481.14
23756.0,5526.05
22900.0,3554.75
22044.0,0.0
21188.0,4728.67
20332.0,4420.95
19476.0,4250.53
18620.0,4429.1
17764.0,5253.77
16908.0,4108.96
16052.0,0.0
15196.0,9217.85
14340.0,7019.48
13484.0,6106.77
12628.0,5905.88
11772.0,5913.87
10916.0,3583.18
10060.0,0.0
9204.0,5189.53
8348.0,4623.07
7492.0,4498.28
6636.0,4594.08
5780.0,4837.8
4924.0,3722.68
4068.0,0.0
3212.0,7817.87
2356.0,6274.21
1500.0,5669.98
644.0,5460.74
40877.0,2349.58
40021.0,0.0
39165.0,5537.16
38309.0,4640.77
37453.0,4389.72
36597.0,4323.04
35741.0,4477.37
34885.0,2182.17
34029.0,0.0
33173.0,3837.01
32317.0,3610.69
31461.0,3538.09
30605.0,3538.38
29749.0,3800.72
28893.0,2034.38
28037.0,0.0
27181.0,5479.11
26325.0,4597.32
25469.0,4269.2
24613.0,4213.3
23757.0,4240.18
22901.0,1974.35
22045.0,0.0
21189.0,3524.03
20333.0,3287.32
19477.0,3136.65
18621.0,3241.85
17765.0,3817.66
16909.0,2121.44
16053.0,0.0
15197.0,5930.27
14341.0,4810.71
13485.0,4419.93
12629.0,4279.12
11773.0,4370.28
10917.0,2069.06
10061.0,0.0
9205.0,3801.44
8349.0,3437.89
7493.0,3361.28
6637.0,3422.29
5781.0,3568.06
4925.0,2034.35
4069.0,0.0
3213.0,5153.85
2357.0,4328.21
1501.0,3998.0
645.0,3985.27
40878.0,3527.17
40022.0,0.0
39166.0,8586.43
38310.0,7496.74
37454.0,6872.65
36598.0,6547.87
35742.0,6317.14
34886.0,3106.23
34030.0,0.0
33174.0,6104.83
32318.0,5615.0
31462.0,5322.48
30606.0,5242.03
29750.0,5331.01
28894.0,3038.89
28038.0,0.0
27182.0,8645.11
26326.0,7290.24
25470.0,6624.53
24614.0,6269.21
23758.0,6135.29
22902.0,2887.54
22046.0,0.0
21190.0,5593.05
20334.0,5179.3
19478.0,4891.74
18622.0,4914.24
17766.0,5405.73
16910.0,3237.78
16054.0,0.0
15198.0,9488.19
14342.0,7840.31
13486.0,6799.55
12630.0,6478.2
11774.0,6331.44
10918.0,2983.36
10062.0,0.0
9206.0,6016.46
8350.0,5435.43
7494.0,5141.04
6638.0,5071.1
5782.0,5150.38
4926.0,2991.75
4070.0,0.0
3214.0,8363.47
2358.0,6862.24
1502.0,6208.92
646.0,5958.04
40879.0,22088.53
40023.0,0.0
39167.0,27030.65
38311.0,19519.13
37455.0,20116.34
36599.0,20792.57
35743.0,20676.9
34887.0,21646.77
34031.0,0.0
33175.0,20777.0
32319.0,18620.02
31463.0,18540.67
30607.0,17888.96
29751.0,20470.74
28895.0,0.0
28039.0,0.0
27183.0,25080.14
26327.0,20361.21
25471.0,18788.62
24615.0,18924.29
23759.0,19085.54
22903.0,19022.05
22047.0,0.0
21191.0,18908.9
20335.0,16499.55
19479.0,16475.07
18623.0,16452.26
17767.0,18192.65
16911.0,20904.42
16055.0,0.0
15199.0,25982.86
14343.0,21132.6
13487.0,21393.4
12631.0,21082.3
11775.0,21350.0
10919.0,21485.61
10063.0,0.0
9207.0,19213.56
8351.0,17918.87
7495.0,17760.01
6639.0,17947.99
5783.0,18079.43
4927.0,20920.09
4071.0,0.0
3215.0,23970.05
2359.0,21087.73
1503.0,21343.01
647.0,21479.77
40880.0,2344.06
40024.0,0.0
39168.0,5760.71
38312.0,4721.84
37456.0,4536.64
36600.0,4305.47
35744.0,4312.56
34888.0,1987.74
34032.0,0.0
33176.0,3888.15
32320.0,3470.21
31464.0,3464.97
30608.0,3486.57
29752.0,3791.32
28896.0,2100.35
28040.0,0.0
27184.0,5639.96
26328.0,4751.84
25472.0,4432.81
24616.0,4239.03
23760.0,4239.29
22904.0,1841.43
22048.0,0.0
21192.0,3490.73
20336.0,3253.57
19480.0,3171.59
18624.0,3230.42
17768.0,3961.29
16912.0,2348.83
16056.0,0.0
15200.0,6371.68
14344.0,5061.55
13488.0,4563.73
12632.0,4373.06
11776.0,4395.65
10920.0,2074.75
10064.0,0.0
9208.0,3816.07
8352.0,3443.04
7496.0,3373.11
6640.0,3388.74
5784.0,3565.13
4928.0,2139.22
4072.0,0.0
3216.0,5756.56
2360.0,4792.42
1504.0,4338.81
648.0,4182.87
40881.0,5065.29
40025.0,0.0
39169.0,7292.95
38313.0,5817.88
37457.0,5374.5
36601.0,5335.41
35745.0,5620.58
34889.0,4803.97
34033.0,0.0
33177.0,4650.4
32321.0,4253.44
31465.0,4348.22
30609.0,4508.36
29753.0,4950.47
28897.0,4918.1
28041.0,0.0
27185.0,7240.67
26329.0,5882.28
25473.0,5576.24
24617.0,5507.38
23761.0,5815.37
22905.0,4770.49
22049.0,0.0
21193.0,4444.9
20337.0,4013.22
19481.0,3999.97
18625.0,4182.7
17769.0,5108.6
16913.0,5455.51
16057.0,0.0
15201.0,8568.32
14345.0,6643.94
13489.0,6032.29
12633.0,5943.61
11777.0,6068.34
10921.0,5043.08
10065.0,0.0
9209.0,4800.59
8353.0,4196.95
7497.0,4260.94
6641.0,4493.91
5785.0,4935.73
4929.0,5024.81
4073.0,0.0
3217.0,7438.8
2361.0,6089.18
1505.0,5637.59
649.0,5588.29
40882.0,5691.51
40026.0,0.0
39170.0,12555.13
38314.0,10437.81
37458.0,9577.39
36602.0,9458.13
35746.0,9649.9
34890.0,5359.06
34034.0,0.0
33178.0,8192.0
32322.0,7711.09
31466.0,7632.16
30610.0,7775.16
29754.0,8264.5
28898.0,5396.99
28042.0,0.0
27186.0,12563.54
26330.0,10645.36
25474.0,9888.52
24618.0,9284.8
23762.0,9371.68
22906.0,5115.14
22050.0,0.0
21194.0,7810.65
20338.0,7281.03
19482.0,7162.63
18626.0,7305.58
17770.0,8558.52
16914.0,5602.78
16058.0,0.0
15202.0,15272.79
14346.0,11618.06
13490.0,10296.48
12634.0,9716.48
11778.0,9565.93
10922.0,5093.14
10066.0,0.0
9210.0,8203.71
8354.0,7643.42
7498.0,7443.12
6642.0,7553.82
5786.0,7929.7
4930.0,5064.04
4074.0,0.0
3218.0,12771.56
2362.0,10622.11
1506.0,9442.48
650.0,9129.78
40883.0,6252.13
40027.0,0.0
39171.0,9555.76
38315.0,7741.57
37459.0,7211.28
36603.0,6848.05
35747.0,6895.44
34891.0,5557.84
34035.0,0.0
33179.0,5970.26
32323.0,5419.2
31467.0,5361.34
30611.0,5339.0
29755.0,5537.94
28899.0,5726.61
28043.0,0.0
27187.0,9059.36
26331.0,7353.15
25475.0,6863.26
24619.0,6592.38
23763.0,6605.58
22907.0,5331.16
22051.0,0.0
21195.0,5758.19
20339.0,5017.39
19483.0,4920.42
18627.0,5081.69
17771.0,6370.64
16915.0,6253.78
16059.0,0.0
15203.0,11286.26
14347.0,8322.87
13491.0,7262.66
12635.0,6964.38
11779.0,6826.22
10923.0,5653.57
10067.0,0.0
9211.0,5923.53
8355.0,5277.54
7499.0,5148.47
6643.0,5174.77
5787.0,5674.86
4931.0,5714.74
4075.0,0.0
3219.0,9074.95
2363.0,7245.47
1507.0,6606.99
651.0,6348.83
40884.0,5718.39
40028.0,0.0
39172.0,10380.93
38316.0,8664.53
37460.0,8286.88
36604.0,7919.76
35748.0,7710.21
34892.0,5466.63
34036.0,0.0
33180.0,7059.18
32324.0,6724.75
31468.0,6387.01
30612.0,6287.14
29756.0,6316.97
28900.0,5336.91
28044.0,0.0
27188.0,10612.68
26332.0,8912.4
25476.0,8321.9
24620.0,7891.41
23764.0,7578.66
22908.0,5294.85
22052.0,0.0
21196.0,6773.77
20340.0,6190.03
19484.0,5851.83
18628.0,6167.85
17772.0,6750.6
16916.0,5678.72
16060.0,0.0
15204.0,13341.05
14348.0,9798.78
13492.0,8677.72
12636.0,8233.85
11780.0,7904.81
10924.0,5348.21
10068.0,0.0
9212.0,7277.7
8356.0,6615.67
7500.0,6485.29
6644.0,6489.5
5788.0,6500.74
4932.0,5195.6
4076.0,0.0
3220.0,10818.92
2364.0,8771.76
1508.0,8089.38
652.0,7782.88
40885.0,9253.3
40029.0,0.0
39173.0,12162.45
38317.0,9772.22
37461.0,9078.3
36605.0,8830.47
35749.0,8707.47
34893.0,8201.78
34037.0,0.0
33181.0,7952.72
32325.0,7153.25
31469.0,7181.8
30613.0,7256.06
29757.0,7612.07
28901.0,8115.49
28045.0,0.0
27189.0,12217.13
26333.0,10005.38
25477.0,9151.17
24621.0,8686.76
23765.0,8604.39
22909.0,7880.22
22053.0,0.0
21197.0,7558.05
20341.0,6838.05
19485.0,6608.81
18629.0,6831.23
17773.0,7808.79
16917.0,8701.2
16061.0,0.0
15205.0,13542.16
14349.0,10764.05
13493.0,9732.89
12637.0,9165.8
11781.0,8933.58
10925.0,8166.2
10069.0,0.0
9213.0,7965.45
8357.0,7145.79
7501.0,7057.99
6645.0,7225.59
5789.0,7572.59
4933.0,8167.81
4077.0,0.0
3221.0,12145.57
2365.0,9568.51
1509.0,8822.45
653.0,8559.11
40886.0,5490.73
40030.0,0.0
39174.0,8914.18
38318.0,6808.35
37462.0,6228.77
36606.0,6038.38
35750.0,6137.79
34894.0,4906.74
34038.0,0.0
33182.0,5495.41
32326.0,4888.38
31470.0,4788.94
30614.0,4941.65
29758.0,5271.3
28902.0,5205.58
28046.0,0.0
27190.0,8528.93
26334.0,6996.77
25478.0,6391.03
24622.0,6132.83
23766.0,6115.26
22910.0,4904.53
22054.0,0.0
21198.0,5075.97
20342.0,4525.71
19486.0,4423.39
18630.0,4671.56
17774.0,5791.91
16918.0,5872.87
16062.0,0.0
15206.0,10786.81
14350.0,8036.77
13494.0,7013.63
12638.0,6501.64
11782.0,6423.29
10926.0,5194.79
10070.0,0.0
9214.0,5365.34
8358.0,4770.95
7502.0,4775.86
6646.0,4851.97
5790.0,5204.13
4934.0,5271.21
4078.0,0.0
3222.0,8699.28
2366.0,7052.61
1510.0,6366.56
654.0,6159.28
40887.0,6145.8
40031.0,0.0
39175.0,7748.62
38319.0,5926.84
37463.0,5573.53
36607.0,5588.11
35751.0,5625.06
34895.0,5731.94
34039.0,0.0
33183.0,5032.57
32327.0,4464.34
31471.0,4428.0
30615.0,4494.2
29759.0,4947.06
28903.0,0.0
28047.0,0.0
27191.0,7297.38
26335.0,5676.61
25479.0,5212.25
24623.0,5254.24
23767.0,5210.61
22911.0,5654.69
22055.0,0.0
21199.0,4490.32
20343.0,3893.98
19487.0,3806.33
18631.0,3935.89
17775.0,4756.73
16919.0,5165.92
16063.0,0.0
15207.0,8223.96
14351.0,6142.17
13495.0,5502.75
12639.0,5347.55
11783.0,5515.73
10927.0,5275.86
10071.0,0.0
9215.0,4818.66
8359.0,4091.66
7503.0,4074.86
6647.0,4139.22
5791.0,4495.27
4935.0,4921.17
4079.0,0.0
3223.0,7222.94
2367.0,5746.06
1511.0,5252.6
655.0,5147.39
40888.0,2800.42
40032.0,0.0
39176.0,6463.44
38320.0,5269.92
37464.0,4782.36
36608.0,4832.51
35752.0,4601.01
34896.0,2500.0
34040.0,0.0
33184.0,4178.65
32328.0,3824.24
31472.0,3670.37
30616.0,3612.52
29760.0,3836.15
28904.0,2496.64
28048.0,0.0
27192.0,6307.65
26336.0,5247.4
25480.0,4709.29
24624.0,4561.26
23768.0,4509.74
22912.0,2377.74
22056.0,0.0
21200.0,3706.55
20344.0,3293.85
19488.0,3258.25
18632.0,3320.82
17776.0,3865.03
16920.0,2649.72
16064.0,0.0
15208.0,7546.59
14352.0,5689.9
13496.0,4934.34
12640.0,4696.15
11784.0,4568.54
10928.0,2524.33
10072.0,0.0
9216.0,3847.18
8360.0,3591.55
7504.0,3531.26
6648.0,3519.83
5792.0,3707.88
4936.0,2485.74
4080.0,0.0
3224.0,6358.01
2368.0,5222.5
1512.0,4570.77
656.0,4444.2
40889.0,8958.98
40033.0,0.0
39177.0,14590.03
38321.0,11826.94
37465.0,10529.73
36609.0,10242.74
35753.0,10021.8
34897.0,7976.96
34041.0,0.0
33185.0,9421.68
32329.0,8720.58
31473.0,8391.76
30617.0,8537.67
29761.0,8845.31
28905.0,7795.71
28049.0,0.0
27193.0,14141.6
26337.0,11633.43
25481.0,10485.59
24625.0,10021.02
23769.0,9632.06
22913.0,7481.76
22057.0,0.0
21201.0,8865.06
20345.0,8048.59
19489.0,7588.41
18633.0,7729.72
17777.0,8498.34
16921.0,8436.41
16065.0,0.0
15209.0,15262.38
14353.0,12440.03
13497.0,11128.3
12641.0,10590.29
11785.0,10129.8
10929.0,7420.44
10073.0,0.0
9217.0,9661.05
8361.0,8850.53
7505.0,8445.53
6649.0,8313.6
5793.0,8432.06
4937.0,7524.52
4081.0,0.0
3225.0,14063.0
2369.0,11613.96
1513.0,10288.24
657.0,9865.88
40890.0,4511.71
40034.0,0.0
39178.0,8859.47
38322.0,7425.14
37466.0,7042.76
36610.0,6754.53
35754.0,6678.05
34898.0,4361.33
34042.0,0.0
33186.0,5845.47
32330.0,5479.25
31474.0,5276.48
30618.0,5267.27
29762.0,5476.14
28906.0,4237.25
28050.0,0.0
27194.0,8730.59
26338.0,7491.05
25482.0,6944.28
24626.0,6626.0
23770.0,6533.91
22914.0,4238.15
22058.0,0.0
21202.0,5584.21
20346.0,5085.8
19490.0,4914.06
18634.0,5091.31
17778.0,5816.49
16922.0,4685.75
16066.0,0.0
15210.0,9567.58
14354.0,7713.55
13498.0,6921.92
12642.0,6757.46
11786.0,6690.81
10930.0,4362.87
10074.0,0.0
9218.0,5893.09
8362.0,5446.44
7506.0,5293.4
6650.0,5293.25
5794.0,5426.63
4938.0,4338.2
4082.0,0.0
3226.0,8696.98
2370.0,7249.31
1514.0,6646.42
658.0,6429.72
40891.0,6856.72
40035.0,0.0
39179.0,9938.43
38323.0,8404.9
37467.0,7754.83
36611.0,7435.34
35755.0,7455.86
34899.0,6597.6
34043.0,0.0
33187.0,6960.04
32331.0,6364.35
31475.0,6055.48
30619.0,6136.77
29763.0,6463.45
28907.0,6474.39
28051.0,0.0
27195.0,9971.31
26339.0,8576.8
25483.0,7952.36
24627.0,7589.84
23771.0,7395.87
22915.0,6266.24
22059.0,0.0
21203.0,6721.7
20347.0,6030.69
19491.0,5786.6
18635.0,6161.2
17779.0,6994.8
16923.0,6791.29
16067.0,0.0
15211.0,11450.66
14355.0,9255.48
13499.0,8366.57
12643.0,7971.13
11787.0,7767.66
10931.0,6309.61
10075.0,0.0
9219.0,7285.93
8363.0,6524.24
7507.0,6329.06
6651.0,6356.13
5795.0,6531.23
4939.0,6184.89
4083.0,0.0
3227.0,10166.03
2371.0,8354.1
1515.0,7754.74
659.0,7453.48
40892.0,9893.87
40036.0,0.0
39180.0,12495.68
38324.0,9980.65
37468.0,9154.44
36612.0,8772.89
35756.0,8520.6
34900.0,9193.14
34044.0,0.0
33188.0,7980.68
32332.0,7185.67
31476.0,7140.99
30620.0,7225.87
29764.0,7701.16
28908.0,8742.83
28052.0,0.0
27196.0,12578.45
26340.0,10262.11
25484.0,9381.98
24628.0,8842.88
23772.0,8724.35
22916.0,8600.9
22060.0,0.0
21204.0,7515.79
20348.0,6724.17
19492.0,6535.04
18636.0,6867.28
17780.0,7795.16
16924.0,9180.04
16068.0,0.0
15212.0,14261.56
14356.0,10987.05
13500.0,9722.38
12644.0,9046.28
11788.0,8930.51
10932.0,8841.18
10076.0,0.0
9220.0,7907.22
8364.0,7128.25
7508.0,7027.87
6652.0,7267.61
5796.0,7659.9
4940.0,8812.44
4084.0,0.0
3228.0,12490.47
2372.0,9964.47
1516.0,9039.85
660.0,8691.4
40893.0,4679.68
40037.0,0.0
39181.0,7592.08
38325.0,6331.26
37469.0,5699.71
36613.0,5544.17
35757.0,5354.54
34901.0,4548.0
34045.0,0.0
33189.0,4950.84
32333.0,4693.06
31477.0,4471.36
30621.0,4475.16
29765.0,4494.47
28909.0,0.0
28053.0,0.0
27197.0,7302.23
26341.0,6015.98
25485.0,5370.78
24629.0,5261.34
23773.0,5089.92
22917.0,4607.56
22061.0,0.0
21205.0,4514.7
20349.0,4084.38
19493.0,3887.89
18637.0,3998.13
17781.0,4540.84
16925.0,4260.24
16069.0,0.0
15213.0,8328.67
14357.0,6433.32
13501.0,5663.67
12645.0,5406.99
11789.0,5404.95
10933.0,4429.83
10077.0,0.0
9221.0,4976.23
8365.0,4366.92
7509.0,4244.62
6653.0,4271.74
5797.0,4419.44
4941.0,4113.23
4085.0,0.0
3229.0,7152.63
2373.0,5943.92
1517.0,5357.16
661.0,5198.28
40894.0,9107.4
40038.0,0.0
39182.0,11054.87
38326.0,8857.52
37470.0,8476.44
36614.0,8323.53
35758.0,8227.55
34902.0,8442.37
34046.0,0.0
33190.0,7884.47
32334.0,7065.15
31478.0,6888.91
30622.0,6836.83
29766.0,7233.49
28910.0,0.0
28054.0,0.0
27198.0,11245.44
26342.0,9044.35
25486.0,8130.07
24630.0,7854.96
23774.0,7843.74
22918.0,7696.38
22062.0,0.0
21206.0,7099.16
20350.0,6382.07
19494.0,6047.53
18638.0,6321.95
17782.0,7115.13
16926.0,7303.65
16070.0,0.0
15214.0,12429.42
14358.0,9806.34
13502.0,8696.83
12646.0,8291.61
11790.0,8151.79
10934.0,7654.59
10078.0,0.0
9222.0,7470.02
8366.0,6710.75
7510.0,6545.29
6654.0,6724.6
5798.0,6959.71
4942.0,6965.05
4086.0,0.0
3230.0,11109.66
2374.0,8839.78
1518.0,8160.89
662.0,7933.21
40895.0,6482.28
40039.0,0.0
39183.0,9218.17
38327.0,7508.17
37471.0,6868.77
36615.0,6974.27
35759.0,7065.18
34903.0,6397.62
34047.0,0.0
33191.0,6116.3
32335.0,5486.34
31479.0,5433.54
30623.0,5532.21
29767.0,5975.68
28911.0,6226.12
28055.0,0.0
27199.0,9100.07
26343.0,7372.79
25487.0,6926.69
24631.0,6810.64
23775.0,6883.36
22919.0,6248.7
22063.0,0.0
21207.0,5900.04
20351.0,5176.51
19495.0,5030.36
18639.0,5358.83
17783.0,6538.37
16927.0,6990.47
16071.0,0.0
15215.0,10385.0
14359.0,8193.2
13503.0,7361.85
12647.0,7142.91
11791.0,7216.53
10935.0,6377.74
10079.0,0.0
9223.0,6308.72
8367.0,5540.49
7511.0,5464.91
6655.0,5589.8
5799.0,5990.38
4943.0,6455.35
4087.0,0.0
3231.0,8937.85
2375.0,7194.1
1519.0,6738.98
663.0,6694.0
40896.0,3694.3
40040.0,0.0
39184.0,5568.54
38328.0,4599.16
37472.0,4488.65
36616.0,4343.58
35760.0,4296.51
34904.0,3315.48
34048.0,0.0
33192.0,3936.31
32336.0,3596.95
31480.0,3540.24
30624.0,3510.01
29768.0,3587.2
28912.0,3502.67
28056.0,0.0
27200.0,5609.8
26344.0,4739.16
25488.0,4416.15
24632.0,4282.79
23776.0,4290.15
22920.0,3343.25
22064.0,0.0
21208.0,3606.95
20352.0,3305.78
19496.0,3228.18
18640.0,3229.54
17784.0,3802.82
16928.0,3853.84
16072.0,0.0
15216.0,6845.21
14360.0,5065.69
13504.0,4520.07
12648.0,4409.39
11792.0,4417.63
10936.0,3514.31
10080.0,0.0
9224.0,3797.58
8368.0,3491.83
7512.0,3460.27
6656.0,3446.48
5800.0,3634.58
4944.0,3611.82
4088.0,0.0
3232.0,5730.53
2376.0,4748.55
1520.0,4309.63
664.0,4217.19
40897.0,5704.43
40041.0,0.0
39185.0,12114.05
38329.0,9863.94
37473.0,9017.58
36617.0,8767.66
35761.0,8631.54
34905.0,5756.68
34049.0,0.0
33193.0,7870.86
32337.0,7270.97
31481.0,6983.47
30625.0,7116.6
29769.0,7442.11
28913.0,5633.91
28057.0,0.0
27201.0,11815.48
26345.0,9797.59
25489.0,8938.95
24633.0,8594.86
23777.0,8394.87
22921.0,5298.85
22065.0,0.0
21209.0,7511.39
20353.0,6927.17
19497.0,6587.3
18641.0,6837.02
17785.0,7836.75
16929.0,5756.1
16073.0,0.0
15217.0,14917.63
14361.0,11092.06
13505.0,9685.48
12649.0,8947.98
11793.0,8718.96
10937.0,5383.11
10081.0,0.0
9225.0,7836.35
8369.0,7163.92
7513.0,6950.17
6657.0,6994.7
5801.0,7228.27
4945.0,5305.86
4089.0,0.0
3233.0,11880.94
2377.0,9812.89
1521.0,8679.23
665.0,8402.05
40898.0,7683.75
40042.0,3540.78
39186.0,12885.16
38330.0,11345.06
37474.0,10357.74
36618.0,10329.72
35762.0,10649.99
34906.0,6497.39
34050.0,2946.46
33194.0,10366.23
32338.0,9156.49
31482.0,8499.88
30626.0,8557.75
29770.0,8835.03
28914.0,6793.74
28058.0,2961.79
27202.0,12198.79
26346.0,10940.17
25490.0,10243.01
24634.0,10319.51
23778.0,10018.73
22922.0,6511.77
22066.0,2874.64
21210.0,9881.71
20354.0,8892.38
19498.0,8087.96
18642.0,8157.35
17786.0,8943.56
16930.0,7206.97
16074.0,3079.54
15218.0,12879.99
14362.0,11557.18
13506.0,10611.48
12650.0,10354.58
11794.0,10137.39
10938.0,6532.56
10082.0,2533.48
9226.0,9196.62
8370.0,8924.11
7514.0,8182.98
6658.0,8231.18
5802.0,8475.51
4946.0,6576.79
4090.0,2542.99
3234.0,11323.69
2378.0,10152.79
1522.0,9495.61
666.0,9673.65
40899.0,2829.7
40043.0,0.0
39187.0,6356.22
38331.0,5279.35
37475.0,4857.87
36619.0,4772.75
35763.0,4787.94
34907.0,2857.2
34051.0,0.0
33195.0,4327.57
32339.0,4012.36
31483.0,3863.05
30627.0,3775.9
29771.0,3930.92
28915.0,2780.05
28059.0,0.0
27203.0,6155.24
26347.0,5381.28
25491.0,5004.79
24635.0,4874.94
23779.0,4828.87
22923.0,2647.08
22067.0,0.0
21211.0,3955.56
20355.0,3663.82
19499.0,3564.74
18643.0,3580.24
17787.0,4102.53
16931.0,2876.55
16075.0,0.0
15219.0,6665.09
14363.0,5541.56
13507.0,4942.85
12651.0,4715.87
11795.0,4776.78
10939.0,2801.76
10083.0,0.0
9227.0,4240.7
8371.0,3823.56
7515.0,3798.55
6659.0,3772.8
5803.0,3925.5
4947.0,2753.5
4091.0,0.0
3235.0,6179.58
2379.0,5289.05
1523.0,4771.93
667.0,4648.17
40900.0,8807.28
40044.0,0.0
39188.0,10475.35
38332.0,8438.08
37476.0,8008.11
36620.0,7789.19
35764.0,7668.6
34908.0,8327.85
34052.0,0.0
33196.0,7125.63
32340.0,6430.86
31484.0,6344.92
30628.0,6476.92
29772.0,6926.04
28916.0,8011.96
28060.0,0.0
27204.0,10493.57
26348.0,8691.37
25492.0,8280.8
24636.0,7959.15
23780.0,7996.67
22924.0,8154.88
22068.0,0.0
21212.0,6887.39
20356.0,6070.14
19500.0,6033.39
18644.0,6322.27
17788.0,7583.84
16932.0,8891.21
16076.0,0.0
15220.0,12036.31
14364.0,9521.79
13508.0,8737.06
12652.0,8257.35
11796.0,8222.27
10940.0,8220.93
10084.0,0.0
9228.0,7403.5
8372.0,6506.69
7516.0,6427.48
6660.0,6616.29
5804.0,7053.74
4948.0,8058.47
4092.0,0.0
3236.0,10402.54
2380.0,8484.73
1524.0,7998.75
668.0,7823.59
40901.0,6844.54
40045.0,0.0
39189.0,9998.97
38333.0,8123.76
37477.0,7781.24
36621.0,7617.39
35765.0,7639.36
34909.0,6441.46
34053.0,0.0
33197.0,6535.74
32341.0,5880.28
31485.0,5808.38
30629.0,6015.08
29773.0,6550.22
28917.0,6140.66
28061.0,0.0
27205.0,9707.05
26349.0,7968.55
25493.0,7511.13
24637.0,7329.5
23781.0,7331.58
22925.0,6075.87
22069.0,0.0
21213.0,5947.54
20357.0,5291.01
19501.0,5210.83
18645.0,5306.21
17789.0,6218.84
16933.0,6374.89
16077.0,0.0
15221.0,11094.0
14365.0,8365.47
13509.0,7590.45
12653.0,7455.37
11797.0,7423.03
10941.0,6081.3
10085.0,0.0
9229.0,6266.14
8373.0,5636.1
7517.0,5697.27
6661.0,5830.78
5805.0,6041.72
4949.0,6063.68
4093.0,0.0
3237.0,9518.34
2381.0,7726.92
1525.0,7151.0
669.0,7097.38
40902.0,5520.81
40046.0,2830.07
39190.0,7484.26
38334.0,6305.02
37478.0,5953.27
36622.0,6037.43
35766.0,6014.43
34910.0,4833.72
34054.0,2393.79
33198.0,5727.14
32342.0,5015.71
31486.0,4964.03
30630.0,5147.18
29774.0,5413.35
28918.0,5082.95
28062.0,2529.3
27206.0,7148.47
26350.0,6248.4
25494.0,6044.76
24638.0,6086.08
23782.0,6169.54
22926.0,4960.17
22070.0,2342.15
21214.0,5411.22
20358.0,4829.07
19502.0,4622.09
18646.0,4910.53
17790.0,5548.19
16934.0,5521.9
16078.0,2625.25
15222.0,7753.68
14366.0,6566.41
13510.0,6265.79
12654.0,6308.55
11798.0,6318.15
10942.0,5030.02
10086.0,2230.92
9230.0,5200.01
8374.0,4772.88
7518.0,4798.14
6662.0,5020.58
5806.0,5378.12
4950.0,5157.66
4094.0,2273.03
3238.0,6471.73
2382.0,5868.37
1526.0,5832.97
670.0,5887.99
40903.0,10607.25
40047.0,0.0
39191.0,14196.04
38335.0,11420.55
37479.0,10351.76
36623.0,10381.05
35767.0,10333.57
34911.0,9387.99
34055.0,0.0
33199.0,9375.77
32343.0,8242.78
31487.0,7884.15
30631.0,8439.08
29775.0,8968.43
28919.0,9262.8
28063.0,0.0
27207.0,13734.9
26351.0,11319.76
25495.0,10318.72
24639.0,10080.12
23783.0,10216.27
22927.0,9068.65
22071.0,0.0
21215.0,8722.56
20359.0,7676.75
19503.0,7351.07
18647.0,7653.22
17791.0,8718.09
16935.0,9770.77
16079.0,0.0
15223.0,17329.67
14367.0,12044.11
13511.0,10884.79
12655.0,10447.66
11799.0,10228.11
10943.0,9243.34
10087.0,0.0
9231.0,9065.37
8375.0,8055.9
7519.0,7907.49
6663.0,8015.23
5807.0,8514.61
4951.0,9243.28
4095.0,0.0
3239.0,14036.62
2383.0,11065.45
1527.0,9892.49
671.0,9629.22
40904.0,9063.86
40048.0,0.0
39192.0,10068.53
38336.0,7792.75
37480.0,7562.75
36624.0,7257.03
35768.0,7351.14
34912.0,7221.16
34056.0,0.0
33200.0,6856.44
32344.0,6034.7
31488.0,6010.65
30632.0,6163.65
29776.0,6733.1
28920.0,7333.7
28064.0,0.0
27208.0,9917.16
26352.0,8132.44
25496.0,7702.06
24640.0,7463.51
23784.0,7487.63
22928.0,7173.65
22072.0,0.0
21216.0,6511.48
20360.0,5638.32
19504.0,5612.56
18648.0,5870.8
17792.0,6737.19
16936.0,7516.13
16080.0,0.0
15224.0,11327.66
14368.0,8653.03
13512.0,7805.35
12656.0,7644.88
11800.0,7645.57
10944.0,7141.52
10088.0,0.0
9232.0,6739.54
8376.0,5991.51
7520.0,6042.31
6664.0,6242.16
5808.0,6589.97
4952.0,7066.71
4096.0,0.0
3240.0,9698.77
2384.0,7781.17
1528.0,7319.31
672.0,7276.42
40905.0,6387.98
40049.0,0.0
39193.0,9871.17
38337.0,8100.81
37481.0,7469.17
36625.0,7406.44
35769.0,7490.63
34913.0,5524.45
34057.0,0.0
33201.0,6746.07
32345.0,6161.13
31489.0,6050.84
30633.0,6166.31
29777.0,6599.1
28921.0,5641.79
28065.0,0.0
27209.0,9760.31
26353.0,7956.87
25497.0,7432.02
24641.0,7169.64
23785.0,7263.45
22929.0,5380.18
22073.0,0.0
21217.0,6626.06
20361.0,6069.33
19505.0,5850.02
18649.0,6037.73
17793.0,7133.2
16937.0,5990.86
16081.0,0.0
15225.0,11249.83
14369.0,8757.0
13513.0,7847.66
12657.0,7609.88
11801.0,7617.54
10945.0,5497.04
10089.0,0.0
9233.0,6831.8
8377.0,6308.23
7521.0,6208.46
6665.0,6285.05
5809.0,6566.21
4953.0,5446.47
4097.0,0.0
3241.0,9611.56
2385.0,7860.08
1529.0,7214.08
673.0,7189.47
40906.0,4897.01
40050.0,0.0
39194.0,6709.35
38338.0,5675.3
37482.0,5124.41
36626.0,5216.61
35770.0,5197.95
34914.0,4242.13
34058.0,0.0
33202.0,4599.01
32346.0,4205.92
31490.0,4005.97
30634.0,4105.11
29778.0,4281.38
28922.0,4201.86
28066.0,0.0
27210.0,6651.81
26354.0,5658.74
25498.0,5080.86
24642.0,5103.92
23786.0,5061.39
22930.0,3990.42
22074.0,0.0
21218.0,4287.8
20362.0,3982.58
19506.0,3796.34
18650.0,3871.53
17794.0,4348.3
16938.0,4361.12
16082.0,0.0
15226.0,7345.59
14370.0,6129.77
13514.0,5466.1
12658.0,5338.11
11802.0,5234.63
10946.0,4039.57
10090.0,0.0
9234.0,4796.3
8378.0,4285.75
7522.0,4170.41
6666.0,4137.6
5810.0,4258.35
4954.0,4028.25
4098.0,0.0
3242.0,6596.15
2386.0,5621.18
1530.0,5119.47
674.0,5069.08
40907.0,4148.96
40051.0,0.0
39195.0,6913.05
38339.0,5411.57
37483.0,5405.31
36627.0,5336.4
35771.0,5409.78
34915.0,3833.52
34059.0,0.0
33203.0,4497.89
32347.0,4018.89
31491.0,3976.48
30635.0,4014.41
29779.0,4270.36
28923.0,3793.23
28067.0,0.0
27211.0,6697.95
26355.0,5373.24
25499.0,5141.06
24643.0,5010.91
23787.0,5110.05
22931.0,3545.42
22075.0,0.0
21219.0,3896.91
20363.0,3508.74
19507.0,3528.01
18651.0,3682.8
17795.0,4294.31
16939.0,3974.05
16083.0,0.0
15227.0,7358.22
14371.0,5873.01
13515.0,5420.1
12659.0,5229.46
11803.0,5213.93
10947.0,3855.92
10091.0,0.0
9235.0,4284.33
8379.0,3862.0
7523.0,3817.34
6667.0,3930.3
5811.0,4244.95
4955.0,3845.98
4099.0,0.0
3243.0,6473.34
2387.0,5367.67
1531.0,4979.77
675.0,4870.54
40908.0,5677.39
40052.0,0.0
39196.0,9667.42
38340.0,8065.18
37484.0,7717.06
36628.0,7184.44
35772.0,7071.75
34916.0,5084.39
34060.0,0.0
33204.0,6585.75
32348.0,6160.45
31492.0,5908.11
30636.0,5990.1
29780.0,6184.3
28924.0,5159.51
28068.0,0.0
27212.0,9520.07
26356.0,7968.09
25500.0,7360.14
24644.0,7127.99
23788.0,6984.3
22932.0,4983.7
22076.0,0.0
21220.0,6333.82
20364.0,5855.34
19508.0,5603.18
18652.0,5759.47
17796.0,6305.01
16940.0,5210.46
16084.0,0.0
15228.0,10497.64
14372.0,8411.26
13516.0,7620.54
12660.0,7318.2
11804.0,7102.91
10948.0,4861.98
10092.0,0.0
9236.0,6711.07
8380.0,6216.41
7524.0,6006.87
6668.0,5955.98
5812.0,5925.11
4956.0,4689.67
4100.0,0.0
3244.0,9285.38
2388.0,7625.24
1532.0,6856.46
676.0,6819.12
40909.0,3774.59
40053.0,0.0
39197.0,6358.67
38341.0,5237.18
37485.0,4832.76
36629.0,5074.09
35773.0,4882.15
34917.0,3312.29
34061.0,0.0
33205.0,4018.9
32349.0,3606.89
31493.0,3556.05
30637.0,3646.43
29781.0,3890.46
28925.0,0.0
28069.0,0.0
27213.0,5966.3
26357.0,4870.43
25501.0,4496.51
24645.0,4514.33
23789.0,4467.45
22933.0,3353.4
22077.0,0.0
21221.0,3440.45
20365.0,3067.28
19509.0,3017.63
18653.0,3214.53
17797.0,3819.62
16941.0,3518.12
16085.0,0.0
15229.0,6862.27
14373.0,5278.81
13517.0,4620.64
12661.0,4659.78
11805.0,4640.28
10949.0,3408.05
10093.0,0.0
9237.0,3723.63
8381.0,3382.82
7525.0,3276.24
6669.0,3405.79
5813.0,3601.72
4957.0,0.0
4101.0,0.0
3245.0,0.0
2389.0,0.0
1533.0,0.0
677.0,0.0
40910.0,7017.66
40054.0,0.0
39198.0,12225.43
38342.0,10341.16
37486.0,9499.83
36630.0,9154.35
35774.0,8727.53
34918.0,6303.55
34062.0,0.0
33206.0,8128.09
32350.0,7650.2
31494.0,7411.01
30638.0,7504.42
29782.0,7855.37
28926.0,6249.17
28070.0,0.0
27214.0,12118.21
26358.0,10134.84
25502.0,9256.48
24646.0,8892.69
23790.0,8637.49
22934.0,6114.6
22078.0,0.0
21222.0,7762.95
20366.0,7163.85
19510.0,6875.98
18654.0,6999.87
17798.0,7869.39
16942.0,6778.78
16086.0,0.0
15230.0,13181.08
14374.0,10997.46
13518.0,9880.75
12662.0,9313.99
11806.0,8939.69
10950.0,6253.09
10094.0,0.0
9238.0,8391.98
8382.0,7680.97
7526.0,7520.71
6670.0,7613.54
5814.0,7676.03
4958.0,6147.4
4102.0,0.0
3246.0,11659.97
2390.0,9660.57
1534.0,8855.27
678.0,8622.11
40911.0,2602.92
40055.0,0.0
39199.0,5985.43
38343.0,5038.43
37487.0,4763.44
36631.0,4583.38
35775.0,4410.01
34919.0,2346.83
34063.0,0.0
33207.0,4010.27
32351.0,3661.35
31495.0,3569.35
30639.0,3538.21
29783.0,3663.59
28927.0,2348.09
28071.0,0.0
27215.0,5824.6
26359.0,4902.23
25503.0,4574.29
24647.0,4307.46
23791.0,4248.11
22935.0,2178.81
22079.0,0.0
21223.0,3638.0
20367.0,3434.08
19511.0,3313.13
18655.0,3304.24
17799.0,4029.46
16943.0,2572.04
16087.0,0.0
15231.0,6923.64
14375.0,5492.51
13519.0,4838.52
12663.0,4535.18
11807.0,4473.4
10951.0,2383.7
10095.0,0.0
9239.0,3835.58
8383.0,3575.38
7527.0,3522.72
6671.0,3477.08
5815.0,3556.59
4959.0,2353.15
4103.0,0.0
3247.0,6045.1
2391.0,5068.11
1535.0,4449.35
679.0,4222.29
40912.0,5506.29
40056.0,0.0
39200.0,8178.44
38344.0,7112.33
37488.0,6395.43
36632.0,6145.33
35776.0,5895.76
34920.0,5151.69
34064.0,0.0
33208.0,5613.11
32352.0,5337.52
31496.0,5102.73
30640.0,5265.23
29784.0,5494.37
28928.0,5267.36
28072.0,0.0
27216.0,7889.41
26360.0,6857.34
25504.0,6427.81
24648.0,6183.24
23792.0,6047.88
22936.0,5119.18
22080.0,0.0
21224.0,5691.6
20368.0,5286.65
19512.0,4932.27
18656.0,5124.89
17800.0,5836.12
16944.0,5714.33
16088.0,0.0
15232.0,9142.36
14376.0,7731.55
13520.0,7001.7
12664.0,6507.66
11808.0,6290.98
10952.0,5218.97
10096.0,0.0
9240.0,5951.53
8384.0,5492.61
7528.0,5189.39
6672.0,5159.24
5816.0,5350.01
4960.0,5225.97
4104.0,0.0
3248.0,7994.25
2392.0,6862.78
1536.0,6328.45
680.0,6087.98
40913.0,2665.85
40057.0,0.0
39201.0,5863.03
38345.0,4956.77
37489.0,4532.76
36633.0,4402.46
35777.0,4550.57
34921.0,2531.59
34065.0,0.0
33209.0,4260.0
32353.0,3854.1
31497.0,3793.96
30641.0,3884.83
29785.0,4306.87
28929.0,2455.66
28073.0,0.0
27217.0,5808.53
26361.0,4981.47
25505.0,4684.15
24649.0,4449.94
23793.0,4601.46
22937.0,2352.55
22081.0,0.0
21225.0,4003.0
20369.0,3712.07
19513.0,3625.77
18657.0,3691.4
17801.0,4277.96
16945.0,2623.07
16089.0,0.0
15233.0,6509.5
14377.0,5436.22
13521.0,4915.16
12665.0,4646.19
11809.0,4675.24
10953.0,2440.03
10097.0,0.0
9241.0,4235.11
8385.0,3835.46
7529.0,3785.89
6673.0,3823.55
5817.0,3970.89
4961.0,2434.02
4105.0,0.0
3249.0,5845.48
2393.0,5004.08
1537.0,4537.77
681.0,4394.02
40914.0,6266.06
40058.0,0.0
39202.0,9032.59
38346.0,7170.2
37490.0,6690.42
36634.0,6512.81
35778.0,6555.5
34922.0,5708.26
34066.0,0.0
33210.0,5991.9
32354.0,5308.18
31498.0,5238.16
30642.0,5371.75
29786.0,5808.73
28930.0,0.0
28074.0,0.0
27218.0,8496.25
26362.0,6853.88
25506.0,6199.74
24650.0,6017.79
23794.0,6110.98
22938.0,5900.65
22082.0,0.0
21226.0,5445.67
20370.0,4850.98
19514.0,4626.19
18658.0,4870.76
17802.0,5660.18
16946.0,6034.78
16090.0,0.0
15234.0,9404.19
14378.0,7451.3
13522.0,6745.25
12666.0,6476.88
11810.0,6385.75
10954.0,5810.02
10098.0,0.0
9242.0,5799.25
8386.0,5109.64
7530.0,5025.32
6674.0,5141.76
5818.0,5404.99
4962.0,5620.35
4106.0,0.0
3250.0,8322.83
2394.0,6662.9
1538.0,6199.73
682.0,6084.72
40915.0,5390.27
40059.0,0.0
39203.0,7515.4
38347.0,6514.99
37491.0,6090.81
36635.0,5771.08
35779.0,5563.6
34923.0,5062.98
34067.0,0.0
33211.0,5405.39
32355.0,4886.51
31499.0,4817.41
30643.0,4862.92
29787.0,5163.12
28931.0,4925.06
28075.0,0.0
27219.0,7486.84
26363.0,6430.4
25507.0,6038.59
24651.0,5803.22
23795.0,5729.47
22939.0,4973.05
22083.0,0.0
21227.0,5236.44
20371.0,4793.4
19515.0,4599.3
18659.0,4711.15
17803.0,5456.94
16947.0,5509.78
16091.0,0.0
15235.0,8423.93
14379.0,7162.16
13523.0,6519.11
12667.0,6233.26
11811.0,6088.88
10955.0,5125.8
10099.0,0.0
9243.0,5722.05
8387.0,5121.84
7531.0,4915.69
6675.0,4930.83
5819.0,5107.29
4963.0,5042.42
4107.0,0.0
3251.0,7543.7
2395.0,6465.22
1539.0,6028.47
683.0,5889.41
40916.0,4359.8
40060.0,0.0
39204.0,9145.79
38348.0,7552.42
37492.0,6942.4
36636.0,6770.94
35780.0,6519.14
34924.0,3912.56
34068.0,0.0
33212.0,6052.14
32356.0,5605.0
31500.0,5587.66
30644.0,5817.88
29788.0,6135.07
28932.0,3942.82
28076.0,0.0
27220.0,8782.19
26364.0,7323.06
25508.0,6779.56
24652.0,6555.66
23796.0,6530.61
22940.0,3819.93
22084.0,0.0
21228.0,6107.85
20372.0,5469.06
19516.0,5312.63
18660.0,5450.44
17804.0,6332.36
16948.0,4215.34
16092.0,0.0
15236.0,9954.04
14380.0,8070.47
13524.0,7149.69
12668.0,6958.52
11812.0,6693.23
10956.0,3857.1
10100.0,0.0
9244.0,6211.73
8388.0,5797.77
7532.0,5680.36
6676.0,5781.52
5820.0,5931.25
4964.0,3879.04
4108.0,0.0
3252.0,8669.69
2396.0,7157.14
1540.0,6684.24
684.0,6488.6
40917.0,5757.92
40061.0,0.0
39205.0,10070.56
38349.0,7868.48
37493.0,7438.29
36637.0,7350.82
35781.0,7307.49
34925.0,5300.91
34069.0,0.0
33213.0,6275.8
32357.0,5657.07
31501.0,5611.44
30645.0,5785.07
29789.0,6278.22
28933.0,5131.48
28077.0,0.0
27221.0,9994.29
26365.0,8004.9
25509.0,7411.17
24653.0,7170.25
23797.0,7234.04
22941.0,4960.85
22085.0,0.0
21229.0,5767.56
20373.0,5190.77
19517.0,5015.05
18661.0,5271.73
17805.0,6092.62
16949.0,5243.91
16093.0,0.0
15237.0,11978.61
14381.0,8589.52
13525.0,7526.08
12669.0,7288.09
11813.0,7308.75
10957.0,5046.21
10101.0,0.0
9245.0,5996.78
8389.0,5451.93
7533.0,5476.9
6677.0,5627.74
5821.0,5890.98
4965.0,4949.38
4109.0,0.0
3253.0,10120.62
2397.0,7855.12
1541.0,7140.27
685.0,7073.8
40918.0,9163.77
40062.0,0.0
39206.0,12811.36
38350.0,10240.83
37494.0,9416.73
36638.0,9002.85
35782.0,8869.22
34926.0,8256.43
34070.0,0.0
33214.0,7824.11
32358.0,6971.77
31502.0,6993.62
30646.0,7253.72
29790.0,8067.56
28934.0,8402.17
28078.0,0.0
27222.0,12779.98
26366.0,10368.46
25510.0,9391.19
24654.0,8909.0
23798.0,8894.12
22942.0,8024.62
22086.0,0.0
21230.0,7473.46
20374.0,6604.38
19518.0,6403.9
18662.0,6808.79
17806.0,7925.03
16950.0,9286.54
16094.0,0.0
15238.0,15752.61
14382.0,11231.21
13526.0,10030.17
12670.0,9711.19
11814.0,9423.28
10958.0,8305.98
10102.0,0.0
9246.0,7941.44
8390.0,7066.46
7534.0,6996.56
6678.0,7277.59
5822.0,7733.03
4966.0,8324.47
4110.0,0.0
3254.0,13096.65
2398.0,10329.18
1542.0,9206.72
686.0,9054.46
40919.0,6237.95
40063.0,0.0
39207.0,9120.53
38351.0,7281.02
37495.0,6743.07
36639.0,6718.96
35783.0,6738.81
34927.0,5826.22
34071.0,0.0
33215.0,6047.28
32359.0,5498.3
31503.0,5242.28
30647.0,5260.47
29791.0,5511.11
28935.0,0.0
28079.0,0.0
27223.0,9233.67
26367.0,7491.79
25511.0,6651.37
24655.0,6504.01
23799.0,6356.18
22943.0,5868.52
22087.0,0.0
21231.0,5538.99
20375.0,5082.79
19519.0,4916.27
18663.0,5098.58
17807.0,5727.4
16951.0,5927.81
16095.0,0.0
15239.0,11264.51
14383.0,8245.06
13527.0,7231.88
12671.0,6872.45
11815.0,6776.48
10959.0,5727.44
10103.0,0.0
9247.0,5971.14
8391.0,5551.69
7535.0,5389.91
6679.0,5378.78
5823.0,5515.12
4967.0,5284.34
4111.0,0.0
3255.0,9594.88
2399.0,7769.39
1543.0,6926.47
687.0,6640.86
40920.0,6665.38
40064.0,0.0
39208.0,10477.19
38352.0,8499.78
37496.0,8377.51
36640.0,7916.63
35784.0,7859.87
34928.0,6153.52
34072.0,0.0
33216.0,7174.57
32360.0,6525.94
31504.0,6314.56
30648.0,6260.55
29792.0,6506.12
28936.0,6292.51
28080.0,0.0
27224.0,10187.7
26368.0,8581.0
25512.0,8076.36
24656.0,7648.77
23800.0,7499.49
22944.0,5795.13
22088.0,0.0
21232.0,6810.66
20376.0,6121.38
19520.0,5935.0
18664.0,6164.95
17808.0,7043.73
16952.0,6867.65
16096.0,0.0
15240.0,12518.06
14384.0,9443.24
13528.0,8433.06
12672.0,7988.76
11816.0,7856.49
10960.0,6111.3
10104.0,0.0
9248.0,7264.83
8392.0,6487.18
7536.0,6329.48
6680.0,6299.36
5824.0,6497.08
4968.0,6160.03
4112.0,0.0
3256.0,10461.52
2400.0,8534.53
1544.0,7841.59
688.0,7463.38
40921.0,5597.52
40065.0,0.0
39209.0,8735.88
38353.0,7364.94
37497.0,6906.98
36641.0,6520.04
35785.0,6175.47
34929.0,5134.51
34073.0,0.0
33217.0,5799.45
32361.0,5415.32
31505.0,5121.75
30649.0,5205.91
29793.0,5360.4
28937.0,0.0
28081.0,0.0
27225.0,8583.55
26369.0,7241.67
25513.0,6546.79
24657.0,6088.62
23801.0,5835.99
22945.0,5353.57
22089.0,0.0
21233.0,5231.52
20377.0,4966.28
19521.0,4657.82
18665.0,4858.71
17809.0,5300.12
16953.0,5336.27
16097.0,0.0
15241.0,10226.04
14385.0,8048.95
13529.0,7029.92
12673.0,6541.5
11817.0,6223.32
10961.0,5218.13
10105.0,0.0
9249.0,5795.52
8393.0,5318.54
7537.0,5055.93
6681.0,5066.45
5825.0,5098.08
4969.0,4708.29
4113.0,0.0
3257.0,8714.77
2401.0,7295.06
1545.0,6568.31
689.0,6254.87
40922.0,5335.49
40066.0,0.0
39210.0,11647.53
38354.0,10029.29
37498.0,9260.64
36642.0,8532.32
35786.0,8358.5
34930.0,5139.55
34074.0,0.0
33218.0,7715.38
32362.0,7165.4
31506.0,7072.03
30650.0,6972.11
29794.0,7287.84
28938.0,5269.49
28082.0,0.0
27226.0,11278.64
26370.0,9395.78
25514.0,8926.74
24658.0,8313.39
23802.0,8147.93
22946.0,4923.47
22090.0,0.0
21234.0,7314.47
20378.0,6908.48
19522.0,6631.57
18666.0,6666.91
17810.0,7738.7
16954.0,5306.12
16098.0,0.0
15242.0,12810.32
14386.0,10557.83
13530.0,9674.03
12674.0,8834.75
11818.0,8447.39
10962.0,5043.5
10106.0,0.0
9250.0,7565.03
8394.0,6999.21
7538.0,6819.61
6682.0,6791.69
5826.0,7012.11
4970.0,5084.29
4114.0,0.0
3258.0,11075.46
2402.0,9159.41
1546.0,8443.0
690.0,8013.55
40923.0,10603.15
40067.0,0.0
39211.0,15262.82
38355.0,12435.51
37499.0,11265.14
36643.0,11062.17
35787.0,10826.13
34931.0,9869.07
34075.0,0.0
33219.0,10262.15
32363.0,9548.62
31507.0,9027.44
30651.0,9169.23
29795.0,9713.9
28939.0,9817.81
28083.0,0.0
27227.0,14600.65
26371.0,12336.03
25515.0,11344.18
24659.0,10925.91
23803.0,10544.62
22947.0,9791.18
22091.0,0.0
21235.0,9502.12
20379.0,8928.14
19523.0,8610.47
18667.0,8761.99
17811.0,9676.77
16955.0,10751.17
16099.0,0.0
15243.0,16786.02
14387.0,13723.97
13531.0,12101.65
12675.0,11437.18
11819.0,11045.87
10963.0,9834.79
10107.0,0.0
9251.0,10753.23
8395.0,9902.05
7539.0,9558.01
6683.0,9495.32
5827.0,9594.38
4971.0,9725.21
4115.0,0.0
3259.0,14610.75
2403.0,12245.67
1547.0,11094.71
691.0,10625.17
40924.0,7037.13
40068.0,0.0
39212.0,10157.32
38356.0,8549.2
37500.0,7985.68
36644.0,7667.6
35788.0,7524.66
34932.0,6652.49
34076.0,0.0
33220.0,6986.47
32364.0,6456.2
31508.0,6163.85
30652.0,6238.91
29796.0,6512.22
28940.0,6636.54
28084.0,0.0
27228.0,10186.79
26372.0,8631.65
25516.0,8080.71
24660.0,7624.41
23804.0,7369.21
22948.0,6426.16
22092.0,0.0
21236.0,6738.37
20380.0,6138.98
19524.0,5906.07
18668.0,6128.86
17812.0,6751.52
16956.0,6966.01
16100.0,0.0
15244.0,11632.11
14388.0,9449.37
13532.0,8484.72
12676.0,7987.1
11820.0,7650.75
10964.0,6428.52
10108.0,0.0
9252.0,7184.33
8396.0,6513.09
7540.0,6328.01
6684.0,6276.47
5828.0,6428.46
4972.0,6283.96
4116.0,0.0
3260.0,10106.53
2404.0,8347.73
1548.0,7720.21
692.0,7397.35
40925.0,4043.88
40069.0,0.0
39213.0,4217.44
38357.0,3590.73
37501.0,3519.12
36645.0,3531.4
35789.0,3775.21
34933.0,3844.69
34077.0,0.0
33221.0,3240.95
32365.0,2910.4
31509.0,2819.29
30653.0,2912.09
29797.0,3193.54
28941.0,3494.29
28085.0,0.0
27229.0,4313.58
26373.0,3710.81
25517.0,3553.5
24661.0,3558.09
23805.0,3728.73
22949.0,3632.45
22093.0,0.0
21237.0,2967.68
20381.0,2610.0
19525.0,2600.6
18669.0,2750.89
17813.0,3328.71
16957.0,3853.63
16101.0,0.0
15245.0,5078.52
14389.0,4110.25
13533.0,3785.42
12677.0,3752.89
11821.0,3892.45
10965.0,3686.62
10109.0,0.0
9253.0,3175.65
8397.0,2816.17
7541.0,2747.15
6685.0,2854.08
5829.0,3135.39
4973.0,3502.55
4117.0,0.0
3261.0,4452.27
2405.0,3816.31
1549.0,3552.09
693.0,3550.14
40926.0,5968.69
40070.0,0.0
39214.0,9270.04
38358.0,7554.03
37502.0,6797.52
36646.0,6708.79
35790.0,6583.63
34934.0,5653.49
34078.0,0.0
33222.0,6250.58
32366.0,5743.68
31510.0,5422.59
30654.0,5475.65
29798.0,5742.53
28942.0,0.0
28086.0,0.0
27230.0,9034.31
26374.0,7530.39
25518.0,6682.06
24662.0,6450.03
23806.0,6243.5
22950.0,5827.9
22094.0,0.0
21238.0,5775.06
20382.0,5222.48
19526.0,5042.8
18670.0,5155.76
17814.0,5732.4
16958.0,5818.08
16102.0,0.0
15246.0,10681.13
14390.0,8238.87
13534.0,7135.27
12678.0,6781.91
11822.0,6561.35
10966.0,5677.09
10110.0,0.0
9254.0,6286.32
8398.0,5720.49
7542.0,5563.02
6686.0,5478.54
5830.0,5610.7
4974.0,5294.51
4118.0,0.0
3262.0,9208.63
2406.0,7571.34
1550.0,6796.9
694.0,6558.69
40927.0,5405.6
40071.0,0.0
39215.0,9261.82
38359.0,7793.16
37503.0,6939.6
36647.0,6837.99
35791.0,6919.52
34935.0,4924.73
34079.0,0.0
33223.0,6480.13
32367.0,6083.08
31511.0,5659.58
30655.0,5706.08
29799.0,6220.08
28943.0,5030.03
28087.0,0.0
27231.0,9217.12
26375.0,7738.2
25519.0,7095.43
24663.0,6870.72
23807.0,6799.6
22951.0,4775.7
22095.0,0.0
21239.0,6127.29
20383.0,5616.47
19527.0,5351.33
18671.0,5358.36
17815.0,6203.78
16959.0,5253.22
16103.0,0.0
15247.0,10550.99
14391.0,8347.85
13535.0,7429.96
12679.0,7147.19
11823.0,7014.28
10967.0,4895.1
10111.0,0.0
9255.0,6527.12
8399.0,6000.02
7543.0,5776.77
6687.0,5704.57
5831.0,5870.44
4975.0,4761.15
4119.0,0.0
3263.0,9121.78
2407.0,7519.56
1551.0,6833.8
695.0,6701.18
40928.0,4152.5
40072.0,0.0
39216.0,5602.91
38360.0,4842.55
37504.0,4514.26
36648.0,4224.16
35792.0,4129.24
34936.0,3913.39
34080.0,0.0
33224.0,4009.66
32368.0,3699.4
31512.0,3589.13
30656.0,3541.85
29800.0,3572.75
28944.0,0.0
28088.0,0.0
27232.0,5512.95
26376.0,4743.98
25520.0,4332.65
24664.0,4168.3
23808.0,4024.65
22952.0,3775.59
22096.0,0.0
21240.0,3536.4
20384.0,3272.24
19528.0,3139.71
18672.0,3195.57
17816.0,3599.92
16960.0,3562.04
16104.0,0.0
15248.0,6290.41
14392.0,5037.88
13536.0,4479.18
12680.0,4274.52
11824.0,4249.41
10968.0,3683.53
10112.0,0.0
9256.0,3968.43
8400.0,3585.29
7544.0,3467.22
6688.0,3472.44
5832.0,3515.71
4976.0,3293.36
4120.0,0.0
3264.0,5662.88
2408.0,4748.54
1552.0,4220.67
696.0,4128.09
40929.0,13718.72
40073.0,0.0
39217.0,16641.32
38361.0,13258.75
37505.0,12480.88
36649.0,12688.05
35793.0,12564.95
34937.0,13124.48
34081.0,0.0
33225.0,11683.85
32369.0,10579.51
31513.0,10355.03
30657.0,10523.12
29801.0,11223.91
28945.0,0.0
28089.0,0.0
27233.0,15893.14
26377.0,13312.25
25521.0,12343.73
24665.0,12071.52
23809.0,12214.76
22953.0,11640.48
22097.0,0.0
21241.0,10940.42
20385.0,9921.01
19529.0,9727.2
18673.0,9897.62
17817.0,11005.43
16961.0,12202.05
16105.0,0.0
15249.0,17726.74
14393.0,14497.0
13537.0,13212.24
12681.0,12624.04
11825.0,12374.75
10969.0,11847.94
10113.0,0.0
9257.0,11022.97
8401.0,10128.57
7545.0,9884.48
6689.0,10042.56
5833.0,10413.55
4977.0,10881.52
4121.0,0.0
3265.0,16451.75
2409.0,13122.16
1553.0,11855.15
697.0,11597.41
40930.0,6461.43
40074.0,0.0
39218.0,8559.38
38362.0,6986.1
37506.0,6497.41
36650.0,6552.51
35794.0,6555.34
34938.0,5809.31
34082.0,0.0
33226.0,5564.85
32370.0,5037.22
31514.0,4930.42
30658.0,5079.39
29802.0,5412.72
28946.0,0.0
28090.0,0.0
27234.0,8389.34
26378.0,6796.36
25522.0,6082.04
24666.0,5972.83
23810.0,5962.82
22954.0,6129.35
22098.0,0.0
21242.0,5049.95
20386.0,4463.41
19530.0,4331.54
18674.0,4622.65
17818.0,5453.55
16962.0,5873.9
16106.0,0.0
15250.0,10471.12
14394.0,7840.21
13538.0,6751.94
12682.0,6468.57
11826.0,6355.69
10970.0,5860.93
10114.0,0.0
9258.0,5389.48
8402.0,4873.05
7546.0,4755.96
6690.0,4829.52
5834.0,5109.02
4978.0,5311.97
4122.0,0.0
3266.0,8674.64
2410.0,6999.12
1554.0,6275.14
698.0,6147.12
40931.0,4700.73
40075.0,0.0
39219.0,8641.26
38363.0,7428.41
37507.0,6829.13
36651.0,6515.13
35795.0,6336.58
34939.0,4483.11
34083.0,0.0
33227.0,5810.95
32371.0,5453.64
31515.0,5399.06
30659.0,5484.65
29803.0,5613.42
28947.0,4774.18
28091.0,0.0
27235.0,8335.9
26379.0,7167.92
25523.0,6713.78
24667.0,6430.95
23811.0,6343.21
22955.0,4283.87
22099.0,0.0
21243.0,5754.04
20387.0,5437.05
19531.0,5173.67
18675.0,5281.78
17819.0,6022.03
16963.0,4953.99
16107.0,0.0
15251.0,9729.93
14395.0,8057.44
13539.0,7217.18
12683.0,6838.73
11827.0,6544.55
10971.0,4564.0
10115.0,0.0
9259.0,5979.27
8403.0,5645.39
7547.0,5424.56
6691.0,5445.68
5835.0,5541.01
4979.0,4645.68
4123.0,0.0
3267.0,8445.42
2411.0,7140.6
1555.0,6639.91
699.0,6378.06
40932.0,10051.73
40076.0,0.0
39220.0,15449.41
38364.0,12905.56
37508.0,11660.48
36652.0,10984.18
35796.0,10903.24
34940.0,8876.19
34084.0,0.0
33228.0,10147.65
32372.0,9586.26
31516.0,9154.5
30660.0,9050.76
29804.0,9121.5
28948.0,8529.8
28092.0,0.0
27236.0,14387.68
26380.0,12364.73
25524.0,11574.86
24668.0,11000.36
23812.0,10605.36
22956.0,8330.48
22100.0,0.0
21244.0,9469.27
20388.0,9056.47
19532.0,8742.22
18676.0,8687.69
17820.0,9694.39
16964.0,8975.83
16108.0,0.0
15252.0,16559.7
14396.0,13794.86
13540.0,12481.51
12684.0,11454.7
11828.0,10922.25
10972.0,8291.8
10116.0,0.0
9260.0,10150.16
8404.0,9447.9
7548.0,9037.77
6692.0,8962.14
5836.0,9036.48
4980.0,8266.07
4124.0,0.0
3268.0,14507.42
2412.0,12302.23
1556.0,11148.37
700.0,10572.03
40933.0,5806.35
40077.0,0.0
39221.0,8771.6
38365.0,7569.43
37509.0,6992.78
36653.0,6780.32
35797.0,6815.67
34941.0,5673.82
34085.0,0.0
33229.0,6290.56
32373.0,5772.39
31517.0,5672.78
30661.0,5712.76
29805.0,5882.1
28949.0,5852.86
28093.0,0.0
27237.0,8817.08
26381.0,7411.64
25525.0,6916.07
24669.0,6664.95
23813.0,6691.06
22957.0,5447.3
22101.0,0.0
21245.0,5940.93
20389.0,5509.71
19533.0,5313.33
18677.0,5386.77
17821.0,6439.89
16965.0,6264.28
16109.0,0.0
15253.0,9939.21
14397.0,8156.43
13541.0,7351.32
12685.0,7061.52
11829.0,6818.77
10973.0,5625.31
10117.0,0.0
9261.0,6382.31
8405.0,5819.71
7549.0,5696.62
6693.0,5670.12
5837.0,5802.86
4981.0,5678.59
4125.0,0.0
3269.0,8721.9
2413.0,7198.71
1557.0,6715.28
701.0,6516.96
40934.0,2252.68
40078.0,0.0
39222.0,5727.76
38366.0,4706.33
37510.0,4415.63
36654.0,4251.24
35798.0,4268.45
34942.0,1986.04
34086.0,0.0
33230.0,4023.83
32374.0,3633.94
31518.0,3487.72
30662.0,3425.4
29806.0,3552.41
28950.0,1938.83
28094.0,0.0
27238.0,5931.34
26382.0,4970.48
25526.0,4491.65
24670.0,4344.56
23814.0,4304.88
22958.0,1906.8
22102.0,0.0
21246.0,3419.56
20390.0,3122.26
19534.0,3062.99
18678.0,3140.78
17822.0,3650.83
16966.0,2074.74
16110.0,0.0
15254.0,6760.92
14398.0,5056.96
13542.0,4479.12
12686.0,4262.66
11830.0,4301.58
10974.0,2001.87
10118.0,0.0
9262.0,3699.63
8406.0,3434.24
7550.0,3346.28
6694.0,3336.61
5838.0,3474.16
4982.0,1964.57
4126.0,0.0
3270.0,6093.06
2414.0,4895.21
1558.0,4355.19
702.0,4246.14
40935.0,10276.66
40079.0,0.0
39223.0,13361.24
38367.0,11745.15
37511.0,11424.79
36655.0,11384.75
35799.0,11277.91
34943.0,0.0
34087.0,0.0
33231.0,10035.81
32375.0,9255.78
31519.0,8907.99
30663.0,9703.52
29807.0,10386.26
28951.0,0.0
28095.0,0.0
27239.0,13776.27
26383.0,12784.81
25527.0,12275.94
24671.0,11785.33
23815.0,11341.0
22959.0,9113.46
22103.0,0.0
21247.0,8952.27
20391.0,8261.97
19535.0,7946.78
18679.0,8496.31
17823.0,9591.14
16967.0,9619.95
16111.0,0.0
15255.0,15539.43
14399.0,12581.01
13543.0,11635.35
12687.0,11287.61
11831.0,11049.39
10975.0,8860.02
10119.0,0.0
9263.0,9508.79
8407.0,8888.14
7551.0,8662.4
6695.0,8716.94
5839.0,8986.28
4983.0,8679.11
4127.0,0.0
3271.0,14175.94
2415.0,12058.33
1559.0,11015.62
703.0,10687.97
40936.0,8758.15
40080.0,0.0
39224.0,14118.51
38368.0,11599.43
37512.0,10748.35
36656.0,10397.64
35800.0,10524.84
34944.0,7866.58
34088.0,0.0
33232.0,9821.52
32376.0,9048.0
31520.0,8482.52
30664.0,8382.38
29808.0,9094.33
28952.0,7915.06
28096.0,0.0
27240.0,13613.58
26384.0,11500.51
25528.0,10569.26
24672.0,10231.85
23816.0,10092.81
22960.0,7459.77
22104.0,0.0
21248.0,9023.67
20392.0,8241.5
19536.0,7809.49
18680.0,7777.57
17824.0,8789.03
16968.0,8481.3
16112.0,0.0
15256.0,15453.99
14400.0,12372.09
13544.0,11118.5
12688.0,10599.6
11832.0,10377.78
10976.0,7532.15
10120.0,0.0
9264.0,9570.78
8408.0,8829.61
7552.0,8371.11
6696.0,8198.77
5840.0,8511.52
4984.0,7516.09
4128.0,0.0
3272.0,13864.3
2416.0,11331.63
1560.0,10096.87
704.0,9854.7
40937.0,6465.09
40081.0,0.0
39225.0,8174.33
38369.0,6712.86
37513.0,6159.22
36657.0,6067.37
35801.0,6073.54
34945.0,6150.69
34089.0,0.0
33233.0,5606.62
32377.0,5004.4
31521.0,4909.99
30665.0,5087.61
29809.0,5464.75
28953.0,6261.24
28097.0,0.0
27241.0,8114.56
26385.0,6709.88
25529.0,6210.46
24673.0,6025.15
23817.0,6108.32
22961.0,6331.31
22105.0,0.0
21249.0,5447.3
20393.0,4688.36
19537.0,4587.97
18681.0,4781.5
17825.0,5564.66
16969.0,6786.99
16113.0,0.0
15257.0,9354.73
14401.0,7470.65
13545.0,6678.31
12689.0,6383.36
11833.0,6303.81
10977.0,6134.0
10121.0,0.0
9265.0,5668.84
8409.0,4941.48
7553.0,4884.08
6697.0,4973.06
5841.0,5318.64
4985.0,6269.16
4129.0,0.0
3273.0,8019.36
2417.0,6572.17
1561.0,6108.94
705.0,5988.25
40938.0,8170.73
40082.0,0.0
39226.0,12380.42
38370.0,10639.86
37514.0,10239.23
36658.0,9647.3
35802.0,8975.13
34946.0,7731.31
34090.0,0.0
33234.0,8620.8
32378.0,8052.53
31522.0,7584.24
30666.0,7498.47
29810.0,7529.57
28954.0,7730.81
28098.0,0.0
27242.0,12632.16
26386.0,10766.14
25530.0,9736.08
24674.0,9184.07
23818.0,8811.51
22962.0,7486.42
22106.0,0.0
21250.0,7874.17
20394.0,7267.16
19538.0,6935.72
18682.0,6980.72
17826.0,7676.98
16970.0,8441.13
16114.0,0.0
15258.0,13564.29
14402.0,11544.48
13546.0,10570.05
12690.0,9899.3
11834.0,9255.78
10978.0,7665.25
10122.0,0.0
9266.0,8483.4
8410.0,7735.31
7554.0,7554.44
6698.0,7566.55
5842.0,7478.85
4986.0,7636.15
4130.0,0.0
3274.0,12427.28
2418.0,10505.98
1562.0,9467.96
706.0,9058.98
40939.0,6574.01
40083.0,0.0
39227.0,12932.01
38371.0,10699.14
37515.0,9941.17
36659.0,9844.09
35803.0,9728.67
34947.0,6255.13
34091.0,0.0
33235.0,8597.59
32379.0,7794.22
31523.0,7446.37
30667.0,7658.14
29811.0,7990.75
28955.0,6390.16
28099.0,0.0
27243.0,12683.21
26387.0,10714.14
25531.0,9711.13
24675.0,9416.46
23819.0,9302.84
22963.0,6085.83
22107.0,0.0
21251.0,7956.95
20395.0,7105.84
19539.0,6834.18
18683.0,7158.68
17827.0,8204.79
16971.0,7023.27
16115.0,0.0
15259.0,15246.19
14403.0,11426.53
13547.0,10288.34
12691.0,9810.62
11835.0,9591.74
10979.0,6429.33
10123.0,0.0
9267.0,8100.28
8411.0,7319.92
7555.0,7101.95
6699.0,7349.48
5843.0,7662.76
4987.0,6392.72
4131.0,0.0
3275.0,12750.69
2419.0,10434.97
1563.0,9193.98
707.0,8978.93
40940.0,9148.52
40084.0,0.0
39228.0,9431.08
38372.0,7504.79
37516.0,7027.22
36660.0,7086.75
35804.0,7161.16
34948.0,8550.94
34092.0,0.0
33236.0,6591.54
32380.0,5851.71
31524.0,5683.75
30668.0,5836.52
29812.0,6206.41
28956.0,0.0
28100.0,0.0
27244.0,9258.71
26388.0,7466.03
25532.0,6791.41
24676.0,6671.86
23820.0,6735.36
22964.0,7326.44
22108.0,0.0
21252.0,5977.15
20396.0,5231.4
19540.0,5067.69
18684.0,5200.6
17828.0,6085.6
16972.0,7330.03
16116.0,0.0
15260.0,11399.52
14404.0,8346.36
13548.0,7338.2
12692.0,7092.99
11836.0,7040.95
10980.0,7329.76
10124.0,0.0
9268.0,6230.95
8412.0,5526.84
7556.0,5568.92
6700.0,5592.15
5844.0,5875.87
4988.0,6708.85
4132.0,0.0
3276.0,9595.93
2420.0,7509.0
1564.0,6915.28
708.0,6683.35
40941.0,4649.33
40085.0,0.0
39229.0,7470.11
38373.0,6706.01
37517.0,5874.24
36661.0,5523.35
35805.0,6029.71
34949.0,4361.24
34093.0,0.0
33237.0,5288.44
32381.0,4888.07
31525.0,4823.94
30669.0,4820.45
29813.0,5220.17
28957.0,4451.49
28101.0,0.0
27245.0,7402.4
26389.0,6493.97
25533.0,5993.49
24677.0,5695.52
23821.0,5903.74
22965.0,4251.29
22109.0,0.0
21253.0,5186.49
20397.0,4651.68
19541.0,4527.49
18685.0,4648.13
17829.0,5443.68
16973.0,4888.03
16117.0,0.0
15261.0,8391.09
14405.0,7161.11
13549.0,6479.1
12693.0,6092.99
11837.0,6083.56
10981.0,4327.67
10125.0,0.0
9269.0,5501.14
8413.0,4967.84
7557.0,4748.33
6701.0,4841.69
5845.0,5080.74
4989.0,4427.36
4133.0,0.0
3277.0,7456.82
2421.0,6395.59
1565.0,5862.72
709.0,5713.8
40942.0,3976.39
40086.0,0.0
39230.0,8962.81
38374.0,7273.25
37518.0,6697.2
36662.0,6496.1
35806.0,6511.2
34950.0,3648.86
34094.0,0.0
33238.0,5837.99
32382.0,5483.21
31526.0,5423.88
30670.0,5658.06
29814.0,5912.98
28958.0,3766.32
28102.0,0.0
27246.0,8871.41
26390.0,7348.19
25534.0,6773.82
24678.0,6546.45
23822.0,6458.93
22966.0,3495.23
22110.0,0.0
21254.0,5875.34
20398.0,5505.49
19542.0,5312.71
18686.0,5464.16
17830.0,6293.7
16974.0,3965.09
16118.0,0.0
15262.0,10103.39
14406.0,8090.66
13550.0,7188.19
12694.0,6880.3
11838.0,6657.38
10982.0,3707.07
10126.0,0.0
9270.0,6157.33
8414.0,5733.98
7558.0,5631.22
6702.0,5624.38
5846.0,5810.3
4990.0,3730.14
4134.0,0.0
3278.0,8957.5
2422.0,7342.63
1566.0,6764.81
710.0,6472.6
40943.0,3766.11
40087.0,0.0
39231.0,8452.19
38375.0,6729.2
37519.0,6257.69
36663.0,6099.21
35807.0,6078.66
34951.0,0.0
34095.0,0.0
33239.0,5311.64
32383.0,4894.16
31527.0,4663.16
30671.0,4519.05
29815.0,4659.01
28959.0,0.0
28103.0,0.0
27247.0,7687.34
26391.0,6486.19
25535.0,5929.34
24679.0,5587.87
23823.0,5464.95
22967.0,3812.73
22111.0,0.0
21255.0,4698.09
20399.0,4303.46
19543.0,4060.47
18687.0,4175.97
17831.0,4872.01
16975.0,3686.9
16119.0,0.0
15263.0,8353.43
14407.0,6828.61
13551.0,6024.15
12695.0,5749.22
11839.0,5727.33
10983.0,3412.08
10127.0,0.0
9271.0,5099.2
8415.0,4518.66
7559.0,4378.1
6703.0,4397.07
5847.0,4604.73
4991.0,3309.69
4135.0,0.0
3279.0,7506.87
2423.0,6277.36
1567.0,5721.62
711.0,5498.38
40944.0,6453.94
40088.0,0.0
39232.0,8839.64
38376.0,7333.17
37520.0,6731.7
36664.0,6534.9
35808.0,6545.05
34952.0,6064.51
34096.0,0.0
33240.0,6128.93
32384.0,5596.12
31528.0,5337.96
30672.0,5281.72
29816.0,5542.63
28960.0,0.0
28104.0,0.0
27248.0,8825.97
26392.0,7342.11
25536.0,6501.0
24680.0,6243.27
23824.0,6086.35
22968.0,6226.82
22112.0,0.0
21256.0,5645.45
20400.0,5140.57
19544.0,4918.89
18688.0,5031.22
17832.0,5607.1
16976.0,6215.01
16120.0,0.0
15264.0,10109.97
14408.0,7844.71
13552.0,6947.04
12696.0,6541.55
11840.0,6412.14
10984.0,6011.51
10128.0,0.0
9272.0,6021.48
8416.0,5539.7
7560.0,5342.53
6704.0,5220.92
5848.0,5363.16
4992.0,5472.2
4136.0,0.0
3280.0,8854.06
2424.0,7241.25
1568.0,6581.65
712.0,6352.84
40945.0,7613.04
40089.0,0.0
39233.0,9739.76
38377.0,7835.99
37521.0,7110.5
36665.0,6948.46
35809.0,7071.98
34953.0,7025.79
34097.0,0.0
33241.0,6420.43
32385.0,5716.69
31529.0,5797.76
30673.0,6025.61
29817.0,6619.78
28961.0,7026.34
28105.0,0.0
27249.0,9802.19
26393.0,7974.38
25537.0,7524.06
24681.0,7224.73
23825.0,7258.43
22969.0,6756.39
22113.0,0.0
21257.0,6283.93
20401.0,5502.5
19545.0,5544.77
18689.0,5762.39
17833.0,6804.7
16977.0,7465.29
16121.0,0.0
15265.0,11154.76
14409.0,8665.76
13553.0,7885.77
12697.0,7641.41
11841.0,7574.21
10985.0,6968.01
10129.0,0.0
9273.0,6493.06
8417.0,5785.56
7561.0,5861.69
6705.0,6109.39
5849.0,6418.82
4993.0,6823.03
4137.0,0.0
3281.0,9642.78
2425.0,7886.56
1569.0,7330.16
713.0,7217.17
40946.0,2645.53
40090.0,0.0
39234.0,5817.74
38378.0,5039.53
37522.0,4673.75
36666.0,4558.45
35810.0,4336.54
34954.0,2348.57
34098.0,0.0
33242.0,4058.49
32386.0,3729.62
31530.0,3713.63
30674.0,3830.82
29818.0,3914.24
28962.0,2280.02
28106.0,0.0
27250.0,5841.25
26394.0,4954.57
25538.0,4647.78
24682.0,4518.59
23826.0,4469.41
22970.0,2293.78
22114.0,0.0
21258.0,3756.31
20402.0,3530.09
19546.0,3364.6
18690.0,3491.44
17834.0,4023.5
16978.0,2534.02
16122.0,0.0
15266.0,7092.9
14410.0,5550.9
13554.0,4942.39
12698.0,4714.73
11842.0,4597.31
10986.0,2346.89
10130.0,0.0
9274.0,3935.12
8418.0,3681.18
7562.0,3620.92
6706.0,3747.29
5850.0,3808.63
4994.0,2324.94
4138.0,0.0
3282.0,6160.13
2426.0,5162.7
1570.0,4586.22
714.0,4485.49
40947.0,7946.68
40091.0,0.0
39235.0,10216.4
38379.0,8799.4
37523.0,8099.8
36667.0,7545.5
35811.0,7646.91
34955.0,7604.81
34099.0,0.0
33243.0,6972.24
32387.0,6531.46
31531.0,6248.26
30675.0,6167.1
29819.0,6675.65
28963.0,7396.76
28107.0,0.0
27251.0,10626.34
26395.0,8905.43
25539.0,8280.03
24683.0,7789.26
23827.0,7613.29
22971.0,7436.27
22115.0,0.0
21259.0,6629.94
20403.0,6079.41
19547.0,5888.42
18691.0,6146.97
17835.0,6924.46
16979.0,8277.73
16123.0,0.0
15267.0,13145.33
14411.0,9877.5
13555.0,8760.14
12699.0,8080.85
11843.0,7812.74
10987.0,7593.08
10131.0,0.0
9275.0,7151.92
8419.0,6498.22
7563.0,6437.92
6707.0,6435.82
5851.0,6651.16
4995.0,7434.82
4139.0,0.0
3283.0,10627.31
2427.0,8804.23
1571.0,8153.48
715.0,7864.32
40948.0,7004.84
40092.0,0.0
39236.0,10376.72
38380.0,7823.79
37524.0,7426.12
36668.0,7528.43
35812.0,7699.85
34956.0,6461.28
34100.0,0.0
33244.0,6963.58
32388.0,6029.35
31532.0,6055.1
30676.0,6177.9
29820.0,6653.89
28964.0,6578.95
28108.0,0.0
27252.0,10230.36
26396.0,8183.77
25540.0,7840.13
24684.0,7582.09
23828.0,7812.86
22972.0,6419.41
22116.0,0.0
21260.0,6618.32
20404.0,5790.0
19548.0,5708.06
18692.0,6010.68
17836.0,7176.56
16980.0,7258.77
16124.0,0.0
15268.0,12901.97
14412.0,9052.5
13556.0,8015.32
12700.0,7723.87
11844.0,7877.2
10988.0,6602.16
10132.0,0.0
9276.0,6732.7
8420.0,6074.23
7564.0,6175.57
6708.0,6236.48
5852.0,6650.96
4996.0,6593.62
4140.0,0.0
3284.0,10429.7
2428.0,8254.12
1572.0,7673.12
716.0,7506.25
40949.0,4387.66
40093.0,0.0
39237.0,8678.81
38381.0,7255.03
37525.0,6635.05
36669.0,6168.82
35813.0,6257.89
34957.0,3936.2
34101.0,0.0
33245.0,5785.97
32389.0,5450.02
31533.0,5372.59
30677.0,5254.01
29821.0,5533.14
28965.0,4238.43
28109.0,0.0
27253.0,8399.59
26397.0,7118.36
25541.0,6647.11
24685.0,6241.66
23829.0,6173.12
22973.0,3935.87
22117.0,0.0
21261.0,5502.24
20405.0,5203.89
19549.0,5005.39
18693.0,5058.26
17837.0,5841.33
16981.0,4506.96
16125.0,0.0
15269.0,9436.1
14413.0,7843.47
13557.0,6990.49
12701.0,6579.93
11845.0,6331.85
10989.0,4101.31
10133.0,0.0
9277.0,5884.14
8421.0,5481.82
7565.0,5291.85
6709.0,5199.27
5853.0,5322.76
4997.0,4116.44
4141.0,0.0
3285.0,8218.83
2429.0,6947.15
1573.0,6387.0
717.0,6140.12
40950.0,6573.68
40094.0,0.0
39238.0,11534.68
38382.0,8887.86
37526.0,8331.13
36670.0,8203.41
35814.0,8162.84
34958.0,6522.25
34102.0,0.0
33246.0,7111.75
32390.0,6372.32
31534.0,6304.53
30678.0,6372.96
29822.0,6814.44
28966.0,6370.42
28110.0,0.0
27254.0,10869.45
26398.0,8650.33
25542.0,8099.06
24686.0,7829.35
23830.0,7769.69
22974.0,6088.21
22118.0,0.0
21262.0,6559.15
20406.0,5765.93
19550.0,5688.5
18694.0,6036.19
17838.0,7219.73
16982.0,7001.59
16126.0,0.0
15270.0,12726.82
14414.0,9456.16
13558.0,8335.51
12702.0,8082.36
11846.0,8056.58
10990.0,6536.48
10134.0,0.0
9278.0,6913.52
8422.0,6150.35
7566.0,6161.6
6710.0,6285.62
5854.0,6648.11
4998.0,6466.87
4142.0,0.0
3286.0,10629.7
2430.0,8376.76
1574.0,7759.26
718.0,7510.54
40951.0,5006.67
40095.0,0.0
39239.0,8151.46
38383.0,6843.2
37527.0,6286.18
36671.0,6013.22
35815.0,6179.52
34959.0,4505.77
34103.0,0.0
33247.0,5742.47
32391.0,5234.42
31535.0,5106.43
30679.0,5204.24
29823.0,5363.56
28967.0,4771.46
28111.0,0.0
27255.0,7991.09
26399.0,6831.27
25543.0,6336.21
24687.0,6065.15
23831.0,6044.82
22975.0,4457.83
22119.0,0.0
21263.0,5555.26
20407.0,5044.33
19551.0,4853.3
18695.0,4973.67
17839.0,5583.22
16983.0,5148.07
16127.0,0.0
15271.0,9053.16
14415.0,7461.81
13559.0,6766.6
12703.0,6438.23
11847.0,6284.84
10991.0,4683.83
10135.0,0.0
9279.0,5950.94
8423.0,5357.01
7567.0,5134.5
6711.0,5139.77
5855.0,5351.35
4999.0,4764.74
4143.0,0.0
3287.0,7893.61
2431.0,6642.0
1575.0,6201.89
719.0,6045.91
40952.0,6260.23
40096.0,0.0
39240.0,8976.6
38384.0,7506.78
37528.0,7030.13
36672.0,6667.74
35816.0,6713.95
34960.0,5883.83
34104.0,0.0
33248.0,6032.18
32392.0,5560.78
31536.0,5449.81
30680.0,5495.86
29824.0,5612.55
28968.0,5972.62
28112.0,0.0
27256.0,9057.58
26400.0,7506.28
25544.0,7007.45
24688.0,6686.3
23832.0,6601.36
22976.0,5614.78
22120.0,0.0
21264.0,5867.31
20408.0,5378.39
19552.0,5214.77
18696.0,5302.1
17840.0,6300.05
16984.0,6530.54
16128.0,0.0
15272.0,10240.65
14416.0,8364.27
13560.0,7518.23
12704.0,7108.22
11848.0,6848.68
10992.0,5741.83
10136.0,0.0
9280.0,6342.7
8424.0,5740.4
7568.0,5551.67
6712.0,5536.97
5856.0,5658.3
5000.0,5800.08
4144.0,0.0
3288.0,9018.53
2432.0,7462.88
1576.0,6849.39
720.0,6625.65
40953.0,4432.44
40097.0,3948.71
39241.0,6756.5
38385.0,6154.39
37529.0,5923.5
36673.0,6046.94
35817.0,5871.61
34961.0,3987.12
34105.0,3425.52
33249.0,5703.4
32393.0,5151.01
31537.0,4935.88
30681.0,5081.34
29825.0,4927.09
28969.0,4149.75
28113.0,3286.77
27257.0,6833.43
26401.0,6343.97
25545.0,6103.96
24689.0,6129.0
23833.0,5938.49
22977.0,4011.88
22121.0,3246.8
21265.0,5335.64
20409.0,4856.66
19553.0,4708.92
18697.0,4983.33
17841.0,5388.84
16985.0,4492.41
16129.0,3550.56
15273.0,7456.23
14417.0,6633.97
13561.0,6235.14
12705.0,6290.56
11849.0,6207.1
10993.0,4037.59
10137.0,2866.41
9281.0,5444.2
8425.0,5114.31
7569.0,5013.44
6713.0,5101.3
5857.0,5138.66
5001.0,4071.27
4145.0,2665.55
3289.0,6805.62
2433.0,6246.51
1577.0,5963.71
721.0,5979.42
40954.0,5269.85
40098.0,0.0
39242.0,10806.54
38386.0,9305.19
37530.0,8545.41
36674.0,8125.9
35818.0,8194.74
34962.0,4907.44
34106.0,0.0
33250.0,7310.69
32394.0,6865.9
31538.0,6575.72
30682.0,6672.61
29826.0,7029.72
28970.0,4460.29
28114.0,0.0
27258.0,10995.41
26402.0,9179.03
25546.0,8503.57
24690.0,8212.01
23834.0,8096.03
22978.0,4767.88
22122.0,0.0
21266.0,6721.32
20410.0,6124.11
19554.0,5855.86
18698.0,6175.75
17842.0,7113.43
16986.0,4888.2
16130.0,0.0
15274.0,13030.44
14418.0,9974.97
13562.0,8763.89
12706.0,8352.71
11850.0,8231.74
10994.0,4614.95
10138.0,0.0
9282.0,7180.84
8426.0,6605.35
7570.0,6586.09
6714.0,6796.07
5858.0,6957.94
5002.0,4423.01
4146.0,0.0
3290.0,11192.86
2434.0,9166.12
1578.0,8391.85
722.0,8062.24
40955.0,4959.74
40099.0,0.0
39243.0,9047.56
38387.0,7363.98
37531.0,6863.24
36675.0,6720.79
35819.0,6923.23
34963.0,4444.57
34107.0,0.0
33251.0,6042.42
32395.0,5490.03
31539.0,5465.08
30683.0,5586.63
29827.0,6057.54
28971.0,4533.61
28115.0,0.0
27259.0,9050.32
26403.0,7512.32
25547.0,6970.42
24691.0,6651.83
23835.0,6743.42
22979.0,4285.22
22123.0,0.0
21267.0,5956.94
20411.0,5392.05
19555.0,5194.73
18699.0,5403.36
17843.0,6489.03
16987.0,4959.09
16131.0,0.0
15275.0,10987.71
14419.0,8179.58
13563.0,7273.81
12707.0,7007.05
11851.0,6968.07
10995.0,4459.19
10139.0,0.0
9283.0,6083.17
8427.0,5728.62
7571.0,5562.81
6715.0,5633.02
5859.0,5959.84
5003.0,4459.26
4147.0,0.0
3291.0,9249.49
2435.0,7521.67
1579.0,6843.48
723.0,6597.22
40956.0,4102.86
40100.0,0.0
39244.0,8542.12
38388.0,7039.3
37532.0,6467.94
36676.0,6296.16
35820.0,6507.14
34964.0,3732.26
34108.0,0.0
33252.0,5862.4
32396.0,5532.83
31540.0,5306.84
30684.0,5407.43
29828.0,5607.08
28972.0,3739.21
28116.0,0.0
27260.0,8413.64
26404.0,7044.61
25548.0,6441.33
24692.0,6239.82
23836.0,6268.86
22980.0,3549.96
22124.0,0.0
21268.0,5660.43
20412.0,5286.05
19556.0,4996.44
18700.0,5111.09
17844.0,5759.06
16988.0,3902.51
16132.0,0.0
15276.0,9149.83
14420.0,7498.59
13564.0,6795.07
12708.0,6466.38
11852.0,6393.29
10996.0,3593.06
10140.0,0.0
9284.0,5939.3
8428.0,5475.23
7572.0,5163.68
6716.0,5137.7
5860.0,5364.03
5004.0,3608.52
4148.0,0.0
3292.0,8059.5
2436.0,6639.14
1580.0,6124.27
724.0,5990.2
40957.0,5971.91
40101.0,0.0
39245.0,9379.76
38389.0,7595.96
37533.0,6794.75
36677.0,6451.66
35821.0,6386.45
34965.0,5444.87
34109.0,0.0
33253.0,6190.38
32397.0,5625.66
31541.0,5576.59
30685.0,5584.92
29829.0,5903.3
28973.0,5643.66
28117.0,0.0
27261.0,9151.32
26405.0,7591.96
25549.0,6953.05
24693.0,6677.02
23837.0,6613.72
22981.0,5251.75
22125.0,0.0
21269.0,6231.26
20413.0,5596.98
19557.0,5455.15
18701.0,5428.56
17845.0,6169.75
16989.0,5990.63
16133.0,0.0
15277.0,10649.67
14421.0,8527.23
13565.0,7629.66
12709.0,7066.58
11853.0,6766.96
10997.0,5454.56
10141.0,0.0
9285.0,6634.86
8429.0,5952.75
7573.0,5818.38
6717.0,5724.03
5861.0,5719.44
5005.0,5449.79
4149.0,0.0
3293.0,9182.58
2437.0,7604.83
1581.0,6870.1
725.0,6646.41
40958.0,7885.79
40102.0,0.0
39246.0,10480.64
38390.0,8358.03
37534.0,7820.15
36678.0,7401.39
35822.0,7377.46
34966.0,7136.96
34110.0,0.0
33254.0,6686.45
32398.0,5912.54
31542.0,5768.86
30686.0,5980.18
29830.0,6667.69
28974.0,6914.49
28118.0,0.0
27262.0,10316.84
26406.0,8454.82
25550.0,7814.05
24694.0,7396.09
23838.0,7372.48
22982.0,6682.26
22126.0,0.0
21270.0,6281.33
20414.0,5427.89
19558.0,5369.05
18702.0,5517.91
17846.0,6457.85
16990.0,7142.18
16134.0,0.0
15278.0,12656.61
14422.0,9178.39
13566.0,8001.3
12710.0,7564.85
11854.0,7458.09
10998.0,6880.8
10142.0,0.0
9286.0,6463.26
8430.0,5738.18
7574.0,5800.82
6718.0,5986.01
5862.0,6191.31
5006.0,6681.26
4150.0,0.0
3294.0,10309.05
2438.0,8180.28
1582.0,7532.95
726.0,7284.54
40959.0,8881.54
40103.0,0.0
39247.0,13871.11
38391.0,11546.66
37535.0,10526.62
36679.0,10162.82
35823.0,10071.13
34967.0,7670.52
34111.0,0.0
33255.0,9622.7
32399.0,8566.96
31543.0,8049.97
30687.0,8229.87
29831.0,8350.26
28975.0,7509.31
28119.0,0.0
27263.0,13510.91
26407.0,11440.08
25551.0,10339.27
24695.0,9931.93
23839.0,9606.36
22983.0,7041.44
22127.0,0.0
21271.0,9031.59
20415.0,8124.67
19559.0,7698.7
18703.0,7695.41
17847.0,8374.91
16991.0,7701.15
16135.0,0.0
15279.0,15323.4
14423.0,12402.79
13567.0,11104.5
12711.0,10441.98
11855.0,10025.78
10999.0,7170.93
10143.0,0.0
9287.0,9562.19
8431.0,8777.33
7575.0,8282.38
6719.0,8247.61
5863.0,8293.41
5007.0,7197.68
4151.0,0.0
3295.0,13507.53
2439.0,11146.68
1583.0,10013.99
727.0,9564.24
40960.0,5807.32
40104.0,0.0
39248.0,8263.45
38392.0,6719.61
37536.0,6032.13
36680.0,5803.65
35824.0,5924.93
34968.0,5470.0
34112.0,0.0
33256.0,5163.83
32400.0,4642.51
31544.0,4747.91
30688.0,4927.39
29832.0,5323.14
28976.0,5459.12
28120.0,0.0
27264.0,8079.53
26408.0,6640.68
25552.0,6228.12
24696.0,5962.13
23840.0,6083.0
22984.0,5541.01
22128.0,0.0
21272.0,4891.74
20416.0,4367.26
19560.0,4368.17
18704.0,4588.24
17848.0,5592.59
16992.0,6180.69
16136.0,0.0
15280.0,9322.54
14424.0,7484.19
13568.0,6701.49
12712.0,6385.04
11856.0,6287.72
11000.0,5685.31
10144.0,0.0
9288.0,5247.57
8432.0,4602.98
7576.0,4674.27
6720.0,4804.64
5864.0,5175.38
5008.0,5620.08
4152.0,0.0
3296.0,7991.18
2440.0,6599.72
1584.0,6153.49
728.0,5947.66
40961.0,4672.3
40105.0,0.0
39249.0,7971.35
38393.0,6543.3
37537.0,5966.12
36681.0,5666.23
35825.0,5492.01
34969.0,4177.8
34113.0,0.0
33257.0,5037.25
32401.0,4748.55
31545.0,4507.03
30689.0,4497.24
29833.0,4639.0
28977.0,0.0
28121.0,0.0
27265.0,7779.65
26409.0,6297.18
25553.0,5632.41
24697.0,5323.21
23841.0,5218.23
22985.0,4476.01
22129.0,0.0
21273.0,4595.25
20417.0,4224.86
19561.0,3989.7
18705.0,4106.9
17849.0,4667.62
16993.0,4352.04
16137.0,0.0
15281.0,9194.43
14425.0,6917.86
13569.0,6021.35
12713.0,5713.4
11857.0,5647.35
11001.0,4158.84
10145.0,0.0
9289.0,5041.53
8433.0,4493.72
7577.0,4366.81
6721.0,4345.62
5865.0,4459.84
5009.0,3950.85
4153.0,0.0
3297.0,7832.39
2441.0,6205.33
1585.0,5598.15
729.0,5353.41
40962.0,6472.36
40106.0,0.0
39250.0,9330.62
38394.0,7258.77
37538.0,6900.42
36682.0,6884.42
35826.0,6985.57
34970.0,6156.33
34114.0,0.0
33258.0,6064.94
32402.0,5439.78
31546.0,5359.58
30690.0,5521.81
29834.0,6140.83
28978.0,6080.11
28122.0,0.0
27266.0,9381.97
26410.0,7488.68
25554.0,7030.01
24698.0,6884.92
23842.0,7032.29
22986.0,5967.33
22130.0,0.0
21274.0,5654.48
20418.0,5021.23
19562.0,4902.43
18706.0,5187.04
17850.0,6244.92
16994.0,6571.38
16138.0,0.0
15282.0,11227.51
14426.0,8020.51
13570.0,7225.76
12714.0,7090.31
11858.0,7094.11
11002.0,6170.24
10146.0,0.0
9290.0,5875.92
8434.0,5264.7
7578.0,5275.8
6722.0,5437.1
5866.0,5880.08
5010.0,6246.2
4154.0,0.0
3298.0,9382.16
2442.0,7329.84
1586.0,6834.98
730.0,6807.41
40963.0,6877.84
40107.0,0.0
39251.0,9571.89
38395.0,7687.21
37539.0,7449.47
36683.0,7454.38
35827.0,7273.43
34971.0,6129.99
34115.0,0.0
33259.0,6545.81
32403.0,5819.39
31547.0,5892.88
30691.0,6160.67
29835.0,6623.08
28979.0,6268.41
28123.0,0.0
27267.0,9413.57
26411.0,7587.71
25555.0,7243.39
24699.0,7195.25
23843.0,7272.83
22987.0,6025.88
22131.0,0.0
21275.0,6135.17
20419.0,5496.28
19563.0,5484.67
18707.0,5713.89
17851.0,6785.18
16995.0,6788.86
16139.0,0.0
15283.0,10425.85
14427.0,8133.18
13571.0,7574.16
12715.0,7487.41
11859.0,7489.07
11003.0,6084.41
10147.0,0.0
9291.0,6408.51
8435.0,5751.24
7579.0,5845.87
6723.0,6098.23
5867.0,6462.8
5011.0,6191.4
4155.0,0.0
3299.0,9107.83
2443.0,7283.67
1587.0,6923.24
731.0,7007.33
40964.0,7129.66
40108.0,0.0
39252.0,10178.45
38396.0,8398.32
37540.0,8069.48
36684.0,7733.01
35828.0,7489.51
34972.0,6629.82
34116.0,0.0
33260.0,7121.2
32404.0,6350.77
31548.0,6089.93
30692.0,6055.3
29836.0,6315.1
28980.0,6215.69
28124.0,0.0
27268.0,10341.39
26412.0,8583.64
25556.0,7995.08
24700.0,7586.83
23844.0,7367.95
22988.0,6342.9
22132.0,0.0
21276.0,6753.17
20420.0,5856.63
19564.0,5698.35
18708.0,5815.41
17852.0,6484.14
16996.0,6584.28
16140.0,0.0
15284.0,11711.26
14428.0,9273.19
13572.0,8229.25
12716.0,7866.9
11860.0,7577.09
11004.0,6297.96
10148.0,0.0
9292.0,6964.26
8436.0,6216.3
7580.0,6190.57
6724.0,6178.86
5868.0,6235.61
5012.0,6171.21
4156.0,0.0
3300.0,10087.88
2444.0,8183.26
1588.0,7673.5
732.0,7360.31
40965.0,3309.47
40109.0,0.0
39253.0,5760.71
38397.0,4814.39
37541.0,4584.3
36685.0,4552.98
35829.0,4495.35
34973.0,2788.65
34117.0,0.0
33261.0,4174.71
32405.0,3837.3
31549.0,3742.78
30693.0,3804.35
29837.0,4068.72
28981.0,3016.82
28125.0,0.0
27269.0,5651.69
26413.0,4834.8
25557.0,4553.46
24701.0,4459.22
23845.0,4474.37
22989.0,2796.59
22133.0,0.0
21277.0,3997.09
20421.0,3639.6
19565.0,3513.9
18709.0,3491.56
17853.0,4073.51
16997.0,3154.4
16141.0,0.0
15285.0,6278.55
14429.0,5192.9
13573.0,4716.28
12717.0,4526.52
11861.0,4619.7
11005.0,2809.05
10149.0,0.0
9293.0,4225.09
8437.0,3852.19
7581.0,3761.0
6725.0,3809.62
5869.0,3965.03
5013.0,2885.48
4157.0,0.0
3301.0,5653.56
2445.0,4715.48
1589.0,4380.85
733.0,4378.27
40966.0,2813.23
40110.0,0.0
39254.0,5955.89
38398.0,5046.8
37542.0,4571.37
36686.0,4497.66
35830.0,4542.81
34974.0,2557.23
34118.0,0.0
33262.0,4119.26
32406.0,3744.43
31550.0,3622.08
30694.0,3665.25
29838.0,3898.09
28982.0,2565.2
28126.0,0.0
27270.0,5787.3
26414.0,4851.84
25558.0,4479.95
24702.0,4325.2
23846.0,4362.01
22990.0,2468.97
22134.0,0.0
21278.0,3681.05
20422.0,3387.49
19566.0,3255.78
18710.0,3263.45
17854.0,3858.87
16998.0,2718.8
16142.0,0.0
15286.0,6650.79
14430.0,5357.68
13574.0,4646.97
12718.0,4489.43
11862.0,4486.96
11006.0,2589.76
10150.0,0.0
9294.0,3955.56
8438.0,3609.25
7582.0,3539.51
6726.0,3544.22
5870.0,3727.4
5014.0,2508.03
4158.0,0.0
3302.0,5897.53
2446.0,4930.9
1590.0,4355.08
734.0,4261.83
40967.0,8473.99
40111.0,0.0
39255.0,9976.39
38399.0,8663.38
37543.0,8500.75
36687.0,8116.55
35831.0,7689.24
34975.0,8288.18
34119.0,0.0
33263.0,7346.9
32407.0,6855.3
31551.0,6612.06
30695.0,6560.88
29839.0,6707.14
28983.0,7937.34
28127.0,0.0
27271.0,10486.65
26415.0,9133.68
25559.0,8623.99
24703.0,8286.53
23847.0,7850.49
22991.0,8087.28
22135.0,0.0
21279.0,7019.35
20423.0,6512.17
19567.0,6223.57
18711.0,6433.0
17855.0,7181.31
16999.0,8992.57
16143.0,0.0
15287.0,13182.81
14431.0,9880.59
13575.0,8909.09
12719.0,8400.47
11863.0,8100.13
11007.0,8147.68
10151.0,0.0
9295.0,7508.06
8439.0,6963.43
7583.0,6710.13
6727.0,6774.14
5871.0,6869.9
5015.0,8035.34
4159.0,0.0
3303.0,10954.67
2447.0,9048.02
1591.0,8430.25
735.0,8101.83
40968.0,7130.02
40112.0,12382.13
39256.0,9036.51
38400.0,8260.33
37544.0,8207.32
36688.0,8079.27
35832.0,8407.38
34976.0,6649.51
34120.0,11653.65
33264.0,7617.82
32408.0,6796.53
31552.0,6809.26
30696.0,6975.09
29840.0,7442.17
28984.0,6623.43
28128.0,11901.25
27272.0,8877.87
26416.0,8305.88
25560.0,8182.63
24704.0,7914.85
23848.0,8104.69
22992.0,6318.64
22136.0,11757.37
21280.0,7200.47
20424.0,6334.52
19568.0,5996.16
18712.0,6314.01
17856.0,7139.0
17000.0,7065.79
16144.0,12432.9
15288.0,9783.1
14432.0,8625.79
13576.0,8381.41
12720.0,8023.55
11864.0,8140.03
11008.0,6522.05
10152.0,11255.86
9296.0,7889.79
8440.0,6898.91
7584.0,6888.43
6728.0,6794.47
5872.0,6996.47
5016.0,6516.82
4160.0,11395.38
3304.0,8756.52
2448.0,8007.47
1592.0,7824.79
736.0,7591.05
40969.0,4552.3
40113.0,0.0
39257.0,8655.67
38401.0,7300.56
37545.0,6703.86
36689.0,6500.99
35833.0,6438.07
34977.0,4002.41
34121.0,0.0
33265.0,5972.06
32409.0,5476.05
31553.0,5226.45
30697.0,5192.74
29841.0,5424.61
28985.0,4049.52
28129.0,0.0
27273.0,8924.21
26417.0,7396.97
25561.0,6736.8
24705.0,6366.26
23849.0,6303.49
22993.0,3938.53
22137.0,0.0
21281.0,5732.96
20425.0,5264.39
19569.0,4936.69
18713.0,5033.54
17857.0,5564.98
17001.0,0.0
16145.0,0.0
15289.0,9549.03
14433.0,7562.56
13577.0,6706.72
12721.0,6246.99
11865.0,6089.87
11009.0,4412.97
10153.0,0.0
9297.0,5961.91
8441.0,5425.51
7585.0,5201.27
6729.0,5142.13
5873.0,5308.23
5017.0,4134.86
4161.0,0.0
3305.0,8640.45
2449.0,7167.79
1593.0,6422.3
737.0,6058.7
40970.0,7394.96
40114.0,0.0
39258.0,10522.59
38402.0,8335.77
37546.0,8122.3
36690.0,7750.69
35834.0,7606.98
34978.0,6192.8
34122.0,0.0
33266.0,6840.09
32410.0,6136.91
31554.0,6068.73
30698.0,6204.38
29842.0,6591.12
28986.0,6798.06
28130.0,0.0
27274.0,10398.46
26418.0,8608.16
25562.0,8189.8
24706.0,7823.75
23850.0,7728.36
22994.0,6263.2
22138.0,0.0
21282.0,6495.8
20426.0,5861.6
19570.0,5750.8
18714.0,5997.12
17858.0,7102.72
17002.0,7157.63
16146.0,0.0
15290.0,13708.0
14434.0,9533.22
13578.0,8560.52
12722.0,8145.37
11866.0,8034.49
11010.0,6406.4
10154.0,0.0
9298.0,6907.23
8442.0,6174.99
7586.0,6174.5
6730.0,6204.54
5874.0,6531.82
5018.0,6498.0
4162.0,0.0
3306.0,10803.5
2450.0,8535.55
1594.0,7929.45
738.0,7706.17
40971.0,6961.87
40115.0,0.0
39259.0,8328.34
38403.0,6804.69
37547.0,6408.91
36691.0,6401.22
35835.0,6616.76
34979.0,6605.71
34123.0,0.0
33267.0,5852.7
32411.0,5176.22
31555.0,5072.57
30699.0,5235.73
29843.0,5889.85
28987.0,0.0
28131.0,0.0
27275.0,8147.85
26419.0,6561.75
25563.0,6022.94
24707.0,5969.5
23851.0,6130.16
22995.0,6867.35
22139.0,0.0
21283.0,5458.48
20427.0,4758.59
19571.0,4565.41
18715.0,4814.61
17859.0,5658.38
17003.0,6362.27
16147.0,0.0
15291.0,9192.66
14435.0,7279.89
13579.0,6518.97
12723.0,6394.35
11867.0,6378.48
11011.0,6307.92
10155.0,0.0
9299.0,5796.32
8443.0,5059.5
7587.0,4964.22
6731.0,5079.9
5875.0,5369.71
5019.0,5892.47
4163.0,0.0
3307.0,8122.49
2451.0,6520.57
1595.0,6089.17
739.0,6025.66
40972.0,5162.85
40116.0,0.0
39260.0,9217.5
38404.0,7533.45
37548.0,6916.08
36692.0,6516.4
35836.0,6312.75
34980.0,5001.51
34124.0,0.0
33268.0,5703.64
32412.0,5361.59
31556.0,5400.19
30700.0,5506.19
29844.0,5546.73
28988.0,5171.22
28132.0,0.0
27276.0,8769.19
26420.0,7331.7
25564.0,6806.0
24708.0,6583.56
23852.0,6322.26
22996.0,4743.67
22140.0,0.0
21284.0,5590.52
20428.0,5246.24
19572.0,5114.43
18716.0,5347.68
17860.0,6228.59
17004.0,5455.51
16148.0,0.0
15292.0,11100.37
14436.0,8469.96
13580.0,7436.07
12724.0,7020.42
11868.0,6706.31
11012.0,5006.45
10156.0,0.0
9300.0,5849.0
8444.0,5528.59
7588.0,5412.43
6732.0,5540.24
5876.0,5643.11
5020.0,4995.77
4164.0,0.0
3308.0,9104.49
2452.0,7456.05
1596.0,6854.99
740.0,6515.19
40973.0,5007.36
40117.0,0.0
39261.0,7296.23
38405.0,5451.95
37549.0,5327.83
36693.0,5268.28
35837.0,5416.93
34981.0,4426.78
34125.0,0.0
33269.0,4531.12
32413.0,4038.69
31557.0,4117.91
30701.0,4222.23
29845.0,4725.61
28989.0,4569.34
28133.0,0.0
27277.0,6969.7
26421.0,5661.77
25565.0,5394.52
24709.0,5309.44
23853.0,5469.32
22997.0,4314.39
22141.0,0.0
21285.0,4377.44
20429.0,3891.54
19573.0,3802.93
18717.0,3972.15
17861.0,5073.48
17005.0,5241.7
16149.0,0.0
15293.0,8489.85
14437.0,6346.12
13581.0,5641.22
12725.0,5569.37
11869.0,5694.59
11013.0,4682.91
10157.0,0.0
9301.0,4663.53
8445.0,4060.97
7589.0,4062.83
6733.0,4128.97
5877.0,4618.06
5021.0,4699.84
4165.0,0.0
3309.0,7026.01
2453.0,5664.3
1597.0,5232.01
741.0,5171.22
40974.0,1313.87
40118.0,0.0
39262.0,4387.83
38406.0,3732.39
37550.0,3474.17
36694.0,3516.46
35838.0,3418.79
34982.0,1402.79
34126.0,0.0
33270.0,3067.93
32414.0,2914.22
31558.0,2830.09
30702.0,2961.87
29846.0,3007.06
28990.0,1342.34
28134.0,0.0
27278.0,4266.29
26422.0,3660.87
25566.0,3459.87
24710.0,3433.82
23854.0,3330.43
22998.0,1350.88
22142.0,0.0
21286.0,2856.82
20430.0,2731.03
19574.0,2581.71
18718.0,2878.07
17862.0,3282.54
17006.0,1542.53
16150.0,0.0
15294.0,4757.53
14438.0,3980.23
13582.0,3707.38
12726.0,3647.88
11870.0,3599.76
11014.0,1362.41
10158.0,0.0
9302.0,3033.25
8446.0,2773.12
7590.0,2715.84
6734.0,2869.4
5878.0,2937.37
5022.0,1361.03
4166.0,0.0
3310.0,4430.66
2454.0,3787.58
1598.0,3425.66
742.0,3398.5
40975.0,6876.01
40119.0,0.0
39263.0,10415.55
38407.0,8284.57
37551.0,7861.73
36695.0,7711.28
35839.0,7557.68
34983.0,6655.46
34127.0,0.0
33271.0,6711.52
32415.0,6128.79
31559.0,5919.24
30703.0,6027.48
29847.0,6476.71
28991.0,6302.3
28135.0,0.0
27279.0,10283.09
26423.0,8563.86
25567.0,8052.86
24711.0,7755.14
23855.0,7592.22
22999.0,6386.15
22143.0,0.0
21287.0,6277.15
20431.0,5441.95
19575.0,5400.21
18719.0,5606.68
17863.0,6282.81
17007.0,6547.6
16151.0,0.0
15295.0,11619.77
14439.0,8794.39
13583.0,7894.7
12727.0,7657.48
11871.0,7597.91
11015.0,6259.48
10159.0,0.0
9303.0,6397.92
8447.0,5809.92
7591.0,5914.59
6735.0,6074.46
5879.0,6228.73
5023.0,6148.5
4167.0,0.0
3311.0,9924.08
2455.0,8024.77
1599.0,7531.77
743.0,7424.35
40976.0,5772.45
40120.0,0.0
39264.0,8587.58
38408.0,7022.77
37552.0,6515.13
36696.0,6569.3
35840.0,6695.27
34984.0,5214.44
34128.0,0.0
33272.0,5724.18
32416.0,5119.44
31560.0,5204.01
30704.0,5500.97
29848.0,5960.69
28992.0,5506.87
28136.0,0.0
27280.0,8363.1
26424.0,6862.0
25568.0,6446.16
24712.0,6424.63
23856.0,6606.91
23000.0,5270.59
22144.0,0.0
21288.0,5669.9
20432.0,4883.98
19576.0,4826.6
18720.0,5183.36
17864.0,6244.5
17008.0,5880.49
16152.0,0.0
15296.0,9289.09
14440.0,7526.23
13584.0,6974.75
12728.0,6713.59
11872.0,6673.78
11016.0,5398.23
10160.0,0.0
9304.0,5800.8
8448.0,5135.78
7592.0,5093.13
6736.0,5289.57
5880.0,5762.53
5024.0,5457.82
4168.0,0.0
3312.0,8131.18
2456.0,6564.12
1600.0,6252.47
744.0,6209.84
40977.0,5042.61
40121.0,0.0
39265.0,9150.72
38409.0,7492.77
37553.0,6649.24
36697.0,6413.0
35841.0,6390.43
34985.0,4851.56
34129.0,0.0
33273.0,5715.0
32417.0,5339.79
31561.0,5157.19
30705.0,5293.33
29849.0,5562.83
28993.0,4761.11
28137.0,0.0
27281.0,8796.11
26425.0,7298.71
25569.0,6699.95
24713.0,6384.45
23857.0,6305.75
23001.0,4748.6
22145.0,0.0
21289.0,5446.4
20433.0,4918.35
19577.0,4754.75
18721.0,5023.62
17865.0,5972.15
17009.0,5286.97
16153.0,0.0
15297.0,10227.51
14441.0,8342.46
13585.0,7326.71
12729.0,6771.13
11873.0,6460.22
11017.0,4978.34
10161.0,0.0
9305.0,5686.91
8449.0,5209.4
7593.0,5036.07
6737.0,5080.74
5881.0,5333.09
5025.0,4944.57
4169.0,0.0
3313.0,8655.05
2457.0,7220.29
1601.0,6557.83
745.0,6227.16
40978.0,8723.06
40122.0,0.0
39266.0,13037.67
38410.0,11213.45
37554.0,10607.77
36698.0,10396.07
35842.0,10067.43
34986.0,8811.48
34130.0,0.0
33274.0,8716.01
32418.0,8028.98
31562.0,7685.91
30706.0,7800.5
29850.0,7623.83
28994.0,8345.01
28138.0,0.0
27282.0,12669.74
26426.0,10914.3
25570.0,10056.45
24714.0,9671.14
23858.0,9166.82
23002.0,8315.81
22146.0,0.0
21290.0,8230.21
20434.0,7476.78
19578.0,7075.78
18722.0,7391.22
17866.0,8126.76
17010.0,9245.37
16154.0,0.0
15298.0,14365.73
14442.0,11676.81
13586.0,10702.46
12730.0,10287.72
11874.0,9784.75
11018.0,8421.29
10162.0,0.0
9306.0,8851.35
8450.0,8021.44
7594.0,7730.86
6738.0,7820.72
5882.0,7709.79
5026.0,8359.74
4170.0,0.0
3314.0,12551.95
2458.0,10884.1
1602.0,9830.81
746.0,9533.36
40979.0,6385.32
40123.0,0.0
39267.0,11821.84
38411.0,10046.89
37555.0,9292.66
36699.0,8632.47
35843.0,8191.58
34987.0,6264.93
34131.0,0.0
33275.0,7797.24
32419.0,7315.43
31563.0,7040.52
30707.0,6864.17
29851.0,6992.1
28995.0,5975.59
28139.0,0.0
27283.0,11552.02
26427.0,9572.12
25571.0,8921.13
24715.0,8342.97
23859.0,7958.54
23003.0,5892.3
22147.0,0.0
21291.0,7225.31
20435.0,6730.23
19579.0,6399.74
18723.0,6461.05
17867.0,7299.97
17011.0,6451.41
16155.0,0.0
15299.0,13130.3
14443.0,10632.19
13587.0,9613.29
12731.0,8772.52
11875.0,8233.42
11019.0,5953.09
10163.0,0.0
9307.0,7634.64
8451.0,7065.51
7595.0,6831.83
6739.0,6816.23
5883.0,6892.07
5027.0,5946.16
4171.0,0.0
3315.0,11121.23
2459.0,9159.97
1603.0,8419.29
747.0,8034.82
40980.0,3698.42
40124.0,0.0
39268.0,6488.96
38412.0,5381.25
37556.0,4774.18
36700.0,4728.2
35844.0,4663.58
34988.0,3227.39
34132.0,0.0
33276.0,4491.04
32420.0,4137.85
31564.0,4000.92
30708.0,4036.77
29852.0,4198.83
28996.0,3316.43
28140.0,0.0
27284.0,6252.67
26428.0,5402.38
25572.0,4973.44
24716.0,4829.78
23860.0,4749.12
23004.0,3156.9
22148.0,0.0
21292.0,4337.58
20436.0,4050.68
19580.0,3867.47
18724.0,3869.76
17868.0,4372.8
17012.0,3526.99
16156.0,0.0
15300.0,7045.7
14444.0,5987.79
13588.0,5328.63
12732.0,4996.88
11876.0,4936.33
11020.0,3240.39
10164.0,0.0
9308.0,4669.88
8452.0,4201.79
7596.0,4065.58
6740.0,4029.24
5884.0,4130.68
5028.0,3250.94
4172.0,0.0
3316.0,6310.67
2460.0,5437.27
1604.0,4968.06
748.0,4777.24
40981.0,5312.13
40125.0,0.0
39269.0,10555.52
38413.0,8790.41
37557.0,8238.57
36701.0,8249.47
35845.0,8093.4
34989.0,4791.05
34133.0,0.0
33277.0,7145.64
32421.0,6615.65
31565.0,6452.64
30709.0,6688.7
29853.0,6853.58
28997.0,4991.82
28141.0,0.0
27285.0,10332.61
26429.0,8670.19
25573.0,8133.23
24717.0,7879.97
23861.0,7815.26
23005.0,4727.79
22149.0,0.0
21293.0,6966.71
20437.0,6309.24
19581.0,6076.93
18725.0,6395.16
17869.0,7494.56
17013.0,5323.54
16157.0,0.0
15301.0,13480.45
14445.0,9668.36
13589.0,8542.21
12733.0,8258.23
11877.0,8126.71
11021.0,4913.92
10165.0,0.0
9309.0,7343.96
8453.0,6630.89
7597.0,6506.23
6741.0,6664.86
5885.0,6887.38
5029.0,4903.65
4173.0,0.0
3317.0,10626.81
2461.0,8524.11
1605.0,7887.58
749.0,7703.68
40982.0,3649.93
40126.0,0.0
39270.0,5554.38
38414.0,4809.48
37558.0,4495.98
36702.0,4316.99
35846.0,4191.29
34990.0,3230.96
34134.0,0.0
33278.0,4017.29
32422.0,3757.03
31566.0,3784.41
30710.0,3776.94
29854.0,3744.47
28998.0,3247.73
28142.0,0.0
27286.0,5856.82
26430.0,4971.75
25574.0,4595.01
24718.0,4486.53
23862.0,4348.49
23006.0,3098.27
22150.0,0.0
21294.0,3768.48
20438.0,3499.24
19582.0,3442.86
18726.0,3618.48
17870.0,4050.11
17014.0,3577.35
16158.0,0.0
15302.0,7271.3
14446.0,5595.36
13590.0,4935.96
12734.0,4748.76
11878.0,4728.93
11022.0,3213.43
10166.0,0.0
9310.0,4133.54
8454.0,3777.1
7598.0,3738.71
6742.0,3790.58
5886.0,3850.27
5030.0,3204.05
4174.0,0.0
3318.0,6067.33
2462.0,5117.95
1606.0,4609.73
750.0,4585.41
40983.0,1179.27
40127.0,0.0
39271.0,4135.31
38415.0,3550.71
37559.0,3214.35
36703.0,3196.34
35847.0,2927.19
34991.0,1160.07
34135.0,0.0
33279.0,2814.94
32423.0,2855.01
31567.0,2598.1
30711.0,2710.8
29855.0,2321.8
28999.0,1109.79
28143.0,0.0
27287.0,4413.29
26431.0,3773.74
25575.0,3328.08
24719.0,3222.42
23863.0,2996.32
23007.0,1133.9
22151.0,0.0
21295.0,2565.32
20439.0,2549.99
19583.0,2398.06
18727.0,2549.18
17871.0,2315.13
17015.0,1129.68
16159.0,0.0
15303.0,5284.53
14447.0,3611.12
13591.0,3275.74
12735.0,3174.41
11879.0,3109.59
11023.0,1162.83
10167.0,0.0
9311.0,2839.43
8455.0,2708.39
7599.0,2483.67
6743.0,2629.13
5887.0,2338.83
5031.0,1124.39
4175.0,0.0
3319.0,4880.11
2463.0,3834.12
1607.0,3353.95
751.0,3247.39
40984.0,5331.98
40128.0,0.0
39272.0,9457.45
38416.0,7675.36
37560.0,7040.59
36704.0,6801.61
35848.0,6793.14
34992.0,4677.74
34136.0,0.0
33280.0,5935.92
32424.0,5289.48
31568.0,5210.81
30712.0,5339.89
29856.0,5665.85
29000.0,4967.81
28144.0,0.0
27288.0,8956.61
26432.0,7343.54
25576.0,6783.99
24720.0,6554.56
23864.0,6640.09
23008.0,4618.24
22152.0,0.0
21296.0,5590.86
20440.0,4985.2
19584.0,4790.91
18728.0,5022.27
17872.0,6240.1
17016.0,5489.84
16160.0,0.0
15304.0,11782.21
14448.0,8375.62
13592.0,7269.49
12736.0,6959.32
11880.0,6837.4
11024.0,5005.15
10168.0,0.0
9312.0,5648.92
8456.0,5168.05
7600.0,5055.79
6744.0,5097.62
5888.0,5491.69
5032.0,5050.88
4176.0,0.0
3320.0,9178.32
2464.0,7339.79
1608.0,6674.88
752.0,6387.86
40985.0,10656.71
40129.0,0.0
39273.0,17017.97
38417.0,15423.51
37561.0,14456.25
36705.0,13445.26
35849.0,12383.94
34993.0,9891.12
34137.0,0.0
33281.0,11755.93
32425.0,11223.06
31569.0,10657.19
30713.0,10911.47
29857.0,10627.33
29001.0,0.0
28145.0,0.0
27289.0,16270.52
26433.0,14515.87
25577.0,13445.68
24721.0,12579.08
23865.0,11660.09
23009.0,10461.75
22153.0,0.0
21297.0,11027.34
20441.0,10773.57
19585.0,9987.02
18729.0,10343.01
17873.0,11282.74
17017.0,11123.63
16161.0,0.0
15305.0,19940.25
14449.0,16051.66
13593.0,14462.43
12737.0,13419.9
11881.0,12396.5
11025.0,10382.92
10169.0,0.0
9313.0,12027.95
8457.0,10973.82
7601.0,10417.83
6745.0,10450.6
5889.0,10442.66
5033.0,10141.76
4177.0,0.0
3321.0,17212.08
2465.0,14938.48
1609.0,13394.95
753.0,12332.16
40986.0,5452.65
40130.0,0.0
39274.0,9831.45
38418.0,8201.45
37562.0,7720.91
36706.0,7781.33
35850.0,7724.24
34994.0,5122.08
34138.0,0.0
33282.0,6599.82
32426.0,6287.35
31570.0,6119.09
30714.0,6334.75
29858.0,6723.41
29002.0,5158.72
28146.0,0.0
27290.0,9967.65
26434.0,8425.83
25578.0,7906.27
24722.0,7619.58
23866.0,7481.04
23010.0,4902.9
22154.0,0.0
21298.0,6502.21
20442.0,6036.26
19586.0,5791.7
18730.0,6053.44
17874.0,7198.87
17018.0,5405.62
16162.0,0.0
15306.0,12265.44
14450.0,9230.46
13594.0,8257.87
12738.0,7960.02
11882.0,7884.78
11026.0,4932.3
10170.0,0.0
9314.0,6718.22
8458.0,6329.9
7602.0,6243.25
6746.0,6341.38
5890.0,6631.69
5034.0,4956.58
4178.0,0.0
3322.0,10037.68
2466.0,8220.03
1610.0,7764.19
754.0,7483.31
40987.0,4361.33
40131.0,0.0
39275.0,9390.91
38419.0,7684.09
37563.0,6958.24
36707.0,6666.92
35851.0,6866.5
34995.0,4139.0
34139.0,0.0
33283.0,6354.92
32427.0,5708.0
31571.0,5627.9
30715.0,5766.26
29859.0,6047.61
29003.0,4160.52
28147.0,0.0
27291.0,9190.63
26435.0,7592.53
25579.0,6992.8
24723.0,6704.11
23867.0,6705.84
23011.0,3889.55
22155.0,0.0
21299.0,6063.66
20443.0,5470.56
19587.0,5326.61
18731.0,5445.92
17875.0,6397.02
17019.0,4453.48
16163.0,0.0
15307.0,10672.39
14451.0,8501.0
13595.0,7505.18
12739.0,7178.87
11883.0,7022.61
11027.0,4036.54
10171.0,0.0
9315.0,6324.13
8459.0,5871.83
7603.0,5764.77
6747.0,5831.95
5891.0,5959.23
5035.0,4029.43
4179.0,0.0
3323.0,9231.79
2467.0,7575.02
1611.0,6903.17
755.0,6667.6
40988.0,3018.13
40132.0,0.0
39276.0,7150.21
38420.0,5644.37
37564.0,5024.68
36708.0,4907.56
35852.0,4737.06
34996.0,2831.69
34140.0,0.0
33284.0,4340.59
32428.0,3962.51
31572.0,3829.41
30716.0,3842.37
29860.0,3987.64
29004.0,2267.06
28148.0,0.0
27292.0,6918.38
26436.0,5556.96
25580.0,5004.68
24724.0,4850.27
23868.0,4733.8
23012.0,2577.97
22156.0,0.0
21300.0,3886.57
20444.0,3650.47
19588.0,3522.02
18732.0,3568.72
17876.0,4018.55
17020.0,2694.41
16164.0,0.0
15308.0,8085.76
14452.0,6156.79
13596.0,5345.5
12740.0,4987.65
11884.0,4885.38
11028.0,2661.82
10172.0,0.0
9316.0,4209.19
8460.0,3872.92
7604.0,3812.96
6748.0,3810.42
5892.0,3813.18
5036.0,2502.84
4180.0,0.0
3324.0,6926.03
2468.0,5704.73
1612.0,5068.69
756.0,4820.97
40989.0,5112.49
40133.0,0.0
39277.0,8579.67
38421.0,7184.49
37565.0,6565.86
36709.0,6342.05
35853.0,6294.59
34997.0,4468.96
34141.0,0.0
33285.0,5879.87
32429.0,5497.74
31573.0,5511.03
30717.0,5616.69
29861.0,5956.88
29005.0,4612.75
28149.0,0.0
27293.0,8811.7
26437.0,7315.79
25581.0,6764.47
24725.0,6600.1
23869.0,6527.81
23013.0,4452.73
22157.0,0.0
21301.0,5889.56
20445.0,5409.05
19589.0,5307.35
18733.0,5445.69
17877.0,6350.33
17021.0,5025.1
16165.0,0.0
15309.0,10162.82
14453.0,8139.97
13597.0,7346.91
12741.0,6967.79
11885.0,6668.66
11029.0,4553.98
10173.0,0.0
9317.0,6202.81
8461.0,5794.26
7605.0,5715.83
6749.0,5748.92
5893.0,5849.82
5037.0,4546.33
4181.0,0.0
3325.0,9082.07
2469.0,7420.82
1613.0,6842.5
757.0,6573.58
40990.0,7276.01
40134.0,0.0
39278.0,12457.94
38422.0,9919.31
37566.0,9171.42
36710.0,8549.38
35854.0,8215.6
34998.0,6526.09
34142.0,0.0
33286.0,7723.1
32430.0,7180.95
31574.0,7023.95
30718.0,6992.74
29862.0,7228.79
29006.0,7077.36
28150.0,0.0
27294.0,12056.14
26438.0,9892.57
25582.0,9136.87
24726.0,8458.21
23870.0,8163.75
23014.0,6363.46
22158.0,0.0
21302.0,7277.35
20446.0,6786.77
19590.0,6600.06
18734.0,6825.46
17878.0,7797.18
17022.0,7365.22
16166.0,0.0
15310.0,14355.95
14454.0,11099.69
13598.0,9999.47
12742.0,9284.66
11886.0,8665.47
11030.0,6705.14
10174.0,0.0
9318.0,7675.17
8462.0,7028.34
7606.0,6880.49
6750.0,6945.06
5894.0,7025.44
5038.0,6716.98
4182.0,0.0
3326.0,12019.57
2470.0,9858.88
1614.0,8922.23
758.0,8415.04
40991.0,5441.35
40135.0,0.0
39279.0,9234.05
38423.0,7438.96
37567.0,6935.83
36711.0,6561.84
35855.0,6457.55
34999.0,5247.67
34143.0,0.0
33287.0,5732.51
32431.0,5264.77
31575.0,5087.07
30719.0,5216.05
29863.0,5520.78
29007.0,5180.69
28151.0,0.0
27295.0,9018.62
26439.0,7406.14
25583.0,6803.07
24727.0,6533.85
23871.0,6447.87
23015.0,5246.06
22159.0,0.0
21303.0,5459.14
20447.0,4952.43
19591.0,4742.29
18735.0,5048.9
17879.0,5879.18
17023.0,5844.26
16167.0,0.0
15311.0,11217.11
14455.0,8281.75
13599.0,7232.78
12743.0,6852.74
11887.0,6612.57
11031.0,5403.96
10175.0,0.0
9319.0,5630.36
8463.0,5178.04
7607.0,4993.57
6751.0,5063.44
5895.0,5302.87
5039.0,5348.53
4183.0,0.0
3327.0,9050.34
2471.0,7420.13
1615.0,6707.05
759.0,6409.33
40992.0,9317.26
40136.0,0.0
39280.0,12311.49
38424.0,10087.12
37568.0,9495.64
36712.0,9269.56
35856.0,9062.13
35000.0,8749.04
34144.0,0.0
33288.0,7933.41
32432.0,7358.71
31576.0,7318.04
30720.0,7360.92
29864.0,7790.49
29008.0,8774.22
28152.0,0.0
27296.0,12836.05
26440.0,10730.8
25584.0,9702.6
24728.0,9213.33
23872.0,9021.62
23016.0,8732.02
22160.0,0.0
21304.0,7806.62
20448.0,7029.25
19592.0,6705.06
18736.0,7039.39
17880.0,7941.81
17024.0,9659.72
16168.0,0.0
15312.0,15445.12
14456.0,11524.84
13600.0,10176.09
12744.0,9604.6
11888.0,9257.51
11032.0,8761.36
10176.0,0.0
9320.0,8281.03
8464.0,7525.69
7608.0,7435.38
6752.0,7584.54
5896.0,7755.9
5040.0,8901.08
4184.0,0.0
3328.0,12827.53
2472.0,10686.84
1616.0,9452.99
760.0,9177.62
40993.0,4077.28
40137.0,0.0
39281.0,6741.47
38425.0,5659.86
37569.0,5300.27
36713.0,5128.78
35857.0,5057.75
35001.0,3799.45
34145.0,0.0
33289.0,4435.87
32433.0,4168.75
31577.0,4126.47
30721.0,4158.54
29865.0,4313.79
29009.0,3784.87
28153.0,0.0
27297.0,6546.2
26441.0,5484.06
25585.0,5194.96
24729.0,4961.21
23873.0,5017.66
23017.0,3436.53
22161.0,0.0
21305.0,4174.35
20449.0,3953.81
19593.0,3875.5
18737.0,3971.35
17881.0,4684.18
17025.0,3926.99
16169.0,0.0
15313.0,7486.4
14457.0,6162.03
13601.0,5528.5
12745.0,5231.54
11889.0,5164.46
11033.0,3642.2
10177.0,0.0
9321.0,4568.89
8465.0,4155.49
7609.0,4068.67
6753.0,4070.38
5897.0,4218.46
5041.0,3674.64
4185.0,0.0
3329.0,6645.72
2473.0,5624.6
1617.0,5125.23
761.0,4919.66
40994.0,4176.61
40138.0,0.0
39282.0,6644.5
38426.0,5611.0
37570.0,5196.72
36714.0,4992.71
35858.0,5102.07
35002.0,4342.67
34146.0,0.0
33290.0,4495.25
32434.0,4126.62
31578.0,3977.02
30722.0,3936.98
29866.0,4143.8
29010.0,3960.14
28154.0,0.0
27298.0,6536.21
26442.0,5604.62
25586.0,5156.94
24730.0,4939.04
23874.0,4887.84
23018.0,4223.61
22162.0,0.0
21306.0,4128.15
20450.0,3957.92
19594.0,3839.33
18738.0,3849.42
17882.0,4134.42
17026.0,4494.02
16170.0,0.0
15314.0,7432.23
14458.0,6241.58
13602.0,5547.65
12746.0,5146.16
11890.0,5029.83
11034.0,4311.59
10178.0,0.0
9322.0,4570.3
8466.0,4138.19
7610.0,4085.97
6754.0,4069.26
5898.0,4099.11
5042.0,4154.3
4186.0,0.0
3330.0,6604.21
2474.0,5621.05
1618.0,5129.46
762.0,4894.69
40995.0,3603.13
40139.0,0.0
39283.0,8037.52
38427.0,6732.5
37571.0,5970.45
36715.0,5719.38
35859.0,5748.18
35003.0,3289.89
34147.0,0.0
33291.0,4931.9
32435.0,4750.72
31579.0,4568.24
30723.0,4550.32
29867.0,4743.19
29011.0,0.0
28155.0,0.0
27299.0,7777.34
26443.0,6383.34
25587.0,5684.8
24731.0,5388.15
23875.0,5401.71
23019.0,3855.57
22163.0,0.0
21307.0,4615.04
20451.0,4191.45
19595.0,4015.99
18739.0,4104.06
17883.0,4749.48
17027.0,3598.61
16171.0,0.0
15315.0,9312.8
14459.0,6994.86
13603.0,6050.15
12747.0,5689.23
11891.0,5694.02
11035.0,3407.37
10179.0,0.0
9323.0,5062.92
8467.0,4579.29
7611.0,4392.81
6755.0,4391.67
5899.0,4520.07
5043.0,3301.64
4187.0,0.0
3331.0,7942.8
2475.0,6378.87
1619.0,5729.67
763.0,5442.57
40996.0,6134.05
40140.0,0.0
39284.0,7772.2
38428.0,6262.11
37572.0,5813.68
36716.0,5658.45
35860.0,5677.55
35004.0,5829.18
34148.0,0.0
33292.0,5350.44
32436.0,4886.18
31580.0,4810.03
30724.0,4873.86
29868.0,5245.79
29012.0,5674.26
28156.0,0.0
27300.0,7711.72
26444.0,6592.81
25588.0,6174.94
24732.0,5888.15
23876.0,6006.41
23020.0,5731.08
22164.0,0.0
21308.0,5124.64
20452.0,4717.19
19596.0,4627.46
18740.0,4816.75
17884.0,5518.14
17028.0,6185.69
16172.0,0.0
15316.0,8744.92
14460.0,7367.69
13604.0,6651.53
12748.0,6359.28
11892.0,6242.78
11036.0,5824.77
10180.0,0.0
9324.0,5709.0
8468.0,5068.58
7612.0,4908.76
6756.0,4962.5
5900.0,5184.64
5044.0,5652.56
4188.0,0.0
3332.0,7799.39
2476.0,6598.45
1620.0,6164.28
764.0,6022.99
40997.0,3429.67
40141.0,0.0
39285.0,7276.58
38429.0,6052.8
37573.0,5695.79
36717.0,5347.88
35861.0,5418.64
35005.0,2803.69
34149.0,0.0
33293.0,4713.13
32437.0,4263.39
31581.0,4425.35
30725.0,4649.82
29869.0,4689.86
29013.0,3223.7
28157.0,0.0
27301.0,7030.45
26445.0,5680.54
25589.0,5285.9
24733.0,5326.38
23877.0,5418.47
23021.0,2847.69
22165.0,0.0
21309.0,4584.46
20453.0,4364.82
19597.0,4394.99
18741.0,4572.64
17885.0,5382.01
17029.0,3645.09
16173.0,0.0
15317.0,8019.47
14461.0,6404.36
13605.0,5993.75
12749.0,5788.87
11893.0,5727.76
11037.0,3190.67
10181.0,0.0
9325.0,5305.28
8469.0,4870.59
7613.0,4791.2
6757.0,4667.7
5901.0,4819.81
5045.0,3339.07
4189.0,0.0
3333.0,7102.59
2477.0,5782.35
1621.0,5399.05
765.0,5218.77
40998.0,2473.43
40142.0,0.0
39286.0,7295.12
38430.0,5614.7
37574.0,5046.92
36718.0,4983.23
35862.0,4922.55
35006.0,2402.18
34150.0,0.0
33294.0,4633.53
32438.0,4239.46
31582.0,4215.33
30726.0,4328.53
29870.0,4456.02
29014.0,2264.75
28158.0,0.0
27302.0,7025.26
26446.0,5606.18
25590.0,5146.79
24734.0,5033.12
23878.0,4977.47
23022.0,2319.89
22166.0,0.0
21310.0,4227.66
20454.0,4038.8
19598.0,3956.27
18742.0,4098.24
17886.0,4756.31
17030.0,2484.51
16174.0,0.0
15318.0,8578.13
14462.0,6381.48
13606.0,5533.63
12750.0,5237.31
11894.0,5156.76
11038.0,2376.79
10182.0,0.0
9326.0,4618.99
8470.0,4193.97
7614.0,4099.47
6758.0,4108.83
5902.0,4234.62
5046.0,2278.24
4190.0,0.0
3334.0,7218.2
2478.0,5863.12
1622.0,5245.77
766.0,5020.99
40999.0,4481.17
40143.0,0.0
39287.0,7182.58
38431.0,5679.3
37575.0,5315.91
36719.0,5480.76
35863.0,5535.26
35007.0,4388.4
34151.0,0.0
33295.0,4657.79
32439.0,4148.73
31583.0,4137.94
30727.0,4247.9
29871.0,4560.99
29015.0,4081.53
28159.0,0.0
27303.0,7201.86
26447.0,5718.36
25591.0,5356.36
24735.0,5427.22
23879.0,5507.47
23023.0,4107.96
22167.0,0.0
21311.0,4302.81
20455.0,3796.19
19599.0,3678.82
18743.0,3857.57
17887.0,4589.03
17031.0,4536.93
16175.0,0.0
15319.0,8319.54
14463.0,6267.81
13607.0,5574.23
12751.0,5464.6
11895.0,5473.09
11039.0,4315.82
10183.0,0.0
9327.0,4478.18
8471.0,3950.46
7615.0,3950.86
6759.0,4035.18
5903.0,4370.76
5047.0,4349.48
4191.0,0.0
3335.0,7052.33
2479.0,5679.13
1623.0,5227.91
767.0,5210.15
41000.0,4438.4
40144.0,0.0
39288.0,6684.31
38432.0,5376.13
37576.0,5201.6
36720.0,5057.34
35864.0,5064.56
35008.0,4232.25
34152.0,0.0
33296.0,4494.77
32440.0,4175.76
31584.0,3954.93
30728.0,3889.31
29872.0,4108.84
29016.0,3956.88
28160.0,0.0
27304.0,6455.41
26448.0,5486.42
25592.0,5154.33
24736.0,4999.54
23880.0,5011.94
23024.0,3966.9
22168.0,0.0
21312.0,4061.45
20456.0,3760.21
19600.0,3693.14
18744.0,3723.43
17888.0,4256.19
17032.0,4385.59
16176.0,0.0
15320.0,7223.58
14464.0,6006.6
13608.0,5398.16
12752.0,5148.69
11896.0,5051.01
11040.0,4017.82
10184.0,0.0
9328.0,4660.65
8472.0,4191.55
7616.0,4031.43
6760.0,4028.43
5904.0,4106.15
5048.0,3931.54
4192.0,0.0
3336.0,6641.99
2480.0,5610.96
1624.0,5123.25
768.0,4935.41
41001.0,7115.73
40145.0,0.0
39289.0,9739.91
38433.0,8128.86
37577.0,7410.36
36721.0,7150.2
35865.0,7089.39
35009.0,6404.47
34153.0,0.0
33297.0,6954.38
32441.0,6375.75
31585.0,5906.28
30729.0,6011.29
29873.0,6300.0
29017.0,0.0
28161.0,0.0
27305.0,9518.81
26449.0,8034.52
25593.0,7197.05
24737.0,6863.04
23881.0,6734.74
23025.0,5957.15
22169.0,0.0
21313.0,6187.28
20457.0,5560.88
19601.0,5312.21
18745.0,5346.7
17889.0,6222.58
17033.0,6441.46
16177.0,0.0
15321.0,11448.57
14465.0,8573.24
13609.0,7557.19
12753.0,7232.25
11897.0,7113.18
11041.0,6025.29
10185.0,0.0
9329.0,6633.11
8473.0,6076.27
7617.0,5958.11
6761.0,5917.89
5905.0,6002.36
5049.0,5860.03
4193.0,0.0
3337.0,9704.83
2481.0,7872.56
1625.0,7147.67
769.0,6949.67
41002.0,4301.95
40146.0,0.0
39290.0,10079.93
38434.0,8179.27
37578.0,7415.78
36722.0,6828.95
35866.0,6866.54
35010.0,3798.31
34154.0,0.0
33298.0,6330.97
32442.0,5728.06
31586.0,5511.01
30730.0,5541.04
29874.0,5805.18
29018.0,3869.25
28162.0,0.0
27306.0,9550.17
26450.0,7995.52
25594.0,7253.17
24738.0,6839.29
23882.0,6814.48
23026.0,3730.12
22170.0,0.0
21314.0,5899.8
20458.0,5369.76
19602.0,5154.53
18746.0,5341.81
17890.0,6336.01
17034.0,4365.25
16178.0,0.0
15322.0,12204.14
14466.0,9004.51
13610.0,7699.13
12754.0,7244.95
11898.0,7113.64
11042.0,3952.78
10186.0,0.0
9330.0,6181.65
8474.0,5638.67
7618.0,5395.36
6762.0,5457.03
5906.0,5666.46
5050.0,3963.71
4194.0,0.0
3338.0,9709.14
2482.0,7932.1
1626.0,6959.54
770.0,6712.32
41003.0,5301.2
40147.0,0.0
39291.0,8728.84
38435.0,6675.07
37579.0,6094.07
36723.0,6041.84
35867.0,5976.71
35011.0,4928.71
34155.0,0.0
33299.0,5252.06
32443.0,4733.23
31587.0,4646.8
30731.0,4689.84
29875.0,5013.87
29019.0,0.0
28163.0,0.0
27307.0,8281.26
26451.0,6478.84
25595.0,5686.61
24739.0,5408.51
23883.0,5460.14
23027.0,5001.38
22171.0,0.0
21315.0,4594.55
20459.0,4069.31
19603.0,3960.95
18747.0,4150.19
17891.0,5105.72
17035.0,5178.14
16179.0,0.0
15323.0,10073.38
14467.0,7352.65
13611.0,6308.71
12755.0,5990.82
11899.0,5965.28
11043.0,5066.78
10187.0,0.0
9331.0,4988.97
8475.0,4413.52
7619.0,4352.96
6763.0,4433.68
5907.0,4770.17
5051.0,4860.3
4195.0,0.0
3339.0,8394.41
2483.0,6517.11
1627.0,5846.79
771.0,5733.73
41004.0,5252.59
40148.0,0.0
39292.0,8224.96
38436.0,7061.05
37580.0,6375.76
36724.0,6254.36
35868.0,6241.21
35012.0,4829.07
34156.0,0.0
33300.0,5728.33
32444.0,5301.76
31588.0,5162.55
30732.0,5468.25
29876.0,5585.76
29020.0,4892.83
28164.0,0.0
27308.0,8308.76
26452.0,7099.26
25596.0,6581.97
24740.0,6369.2
23884.0,6236.15
23028.0,4572.02
22172.0,0.0
21316.0,5605.72
20460.0,5265.56
19604.0,5056.95
18748.0,5266.57
17892.0,6083.24
17036.0,5201.01
16180.0,0.0
15324.0,9395.55
14468.0,7809.06
13612.0,7006.55
12756.0,6667.68
11900.0,6444.09
11044.0,4774.41
10188.0,0.0
9332.0,5984.84
8476.0,5558.68
7620.0,5318.32
6764.0,5403.85
5908.0,5633.07
5052.0,4783.21
4196.0,0.0
3340.0,8461.43
2484.0,7078.94
1628.0,6527.67
772.0,6321.34
41005.0,7989.03
40149.0,0.0
39293.0,10648.54
38437.0,8432.59
37581.0,7910.81
36725.0,7854.55
35869.0,7892.18
35013.0,6989.82
34157.0,0.0
33301.0,7153.33
32445.0,6356.97
31589.0,6144.65
30733.0,6327.34
29877.0,6673.14
29021.0,7157.21
28165.0,0.0
27309.0,10435.24
26453.0,8584.66
25597.0,8020.18
24741.0,7782.26
23885.0,7737.0
23029.0,6954.46
22173.0,0.0
21317.0,6853.85
20461.0,6016.97
19605.0,5861.74
18749.0,6199.93
17893.0,6990.73
17037.0,7800.19
16181.0,0.0
15325.0,12167.13
14469.0,9487.53
13613.0,8503.34
12757.0,8145.09
11901.0,8058.45
11045.0,7054.44
10189.0,0.0
9333.0,7241.0
8477.0,6308.54
7621.0,6291.99
6765.0,6374.63
5909.0,6667.82
5053.0,6999.39
4197.0,0.0
3341.0,10248.58
2485.0,8297.81
1629.0,7706.9
773.0,7538.19
41006.0,5101.66
40150.0,0.0
39294.0,8297.04
38438.0,6921.53
37582.0,6434.18
36726.0,6214.74
35870.0,5952.77
35014.0,4717.34
34158.0,0.0
33302.0,5446.59
32446.0,5017.47
31590.0,4923.76
30734.0,4926.75
29878.0,5119.48
29022.0,4823.24
28166.0,0.0
27310.0,8053.94
26454.0,6811.95
25598.0,6297.34
24742.0,6048.99
23886.0,5882.99
23030.0,4704.47
22174.0,0.0
21318.0,5107.86
20462.0,4686.05
19606.0,4537.63
18750.0,4654.42
17894.0,5449.71
17038.0,5431.54
16182.0,0.0
15326.0,9372.44
14470.0,7534.03
13614.0,6764.78
12758.0,6434.64
11902.0,6153.09
11046.0,4908.63
10190.0,0.0
9334.0,5463.66
8478.0,4945.36
7622.0,4780.9
6766.0,4820.87
5910.0,5018.23
5054.0,4887.47
4198.0,0.0
3342.0,7895.35
2486.0,6531.8
1630.0,6058.51
774.0,5883.54
41007.0,3583.78
40151.0,0.0
39295.0,7209.84
38439.0,5915.34
37583.0,5487.65
36727.0,5216.29
35871.0,5020.31
35015.0,3608.66
34159.0,0.0
33303.0,4614.94
32447.0,4279.71
31591.0,4105.1
30735.0,4062.07
29879.0,4191.84
29023.0,0.0
28167.0,0.0
27311.0,6877.28
26455.0,5690.65
25599.0,5088.12
24743.0,4928.03
23887.0,4810.53
23031.0,3927.82
22175.0,0.0
21319.0,4098.73
20463.0,3821.48
19607.0,3718.84
18751.0,3808.47
17895.0,4188.04
17039.0,3688.98
16183.0,0.0
15327.0,7936.88
14471.0,6217.48
13615.0,5456.58
12759.0,5177.93
11903.0,4941.92
11047.0,3676.24
10191.0,0.0
9335.0,4669.08
8479.0,4159.11
7623.0,3972.18
6767.0,4002.96
5911.0,4041.38
5055.0,3387.54
4199.0,0.0
3343.0,6806.19
2487.0,5707.57
1631.0,5172.56
775.0,4901.47
41008.0,10102.91
40152.0,0.0
39296.0,13510.07
38440.0,10294.89
37584.0,9623.36
36728.0,9853.23
35872.0,10084.67
35016.0,9717.81
34160.0,0.0
33304.0,9055.83
32448.0,7908.59
31592.0,7882.69
30736.0,8318.29
29880.0,8718.52
29024.0,9375.43
28168.0,0.0
27312.0,13012.9
26456.0,10894.83
25600.0,10220.45
24744.0,9924.18
23888.0,10014.75
23032.0,9739.24
22176.0,0.0
21320.0,8494.18
20464.0,7422.11
19608.0,7299.46
18752.0,7749.17
17896.0,9004.76
17040.0,10490.4
16184.0,0.0
15328.0,15165.3
14472.0,11512.58
13616.0,10631.05
12760.0,10368.0
11904.0,10216.04
11048.0,9705.88
10192.0,0.0
9336.0,8786.78
8480.0,7764.03
7624.0,7633.02
6768.0,7845.94
5912.0,8387.64
5056.0,9418.09
4200.0,0.0
3344.0,13416.46
2488.0,10664.65
1632.0,9741.39
776.0,9656.69
41009.0,5839.25
40153.0,0.0
39297.0,10029.11
38441.0,8419.55
37585.0,8265.3
36729.0,7931.78
35873.0,7643.08
35017.0,5706.66
34161.0,0.0
33305.0,6650.34
32449.0,6299.42
31593.0,6211.69
30737.0,6073.02
29881.0,6320.97
29025.0,5765.84
28169.0,0.0
27313.0,9664.18
26457.0,8207.42
25601.0,8161.14
24745.0,7707.05
23889.0,7455.04
23033.0,5483.85
22177.0,0.0
21321.0,6519.76
20465.0,5940.6
19609.0,5811.05
18753.0,5974.03
17897.0,6798.48
17041.0,6189.33
16185.0,0.0
15329.0,11418.38
14473.0,8889.34
13617.0,8330.06
12761.0,7922.12
11905.0,7714.8
11049.0,5513.35
10193.0,0.0
9337.0,6651.95
8481.0,6217.04
7625.0,6185.49
6769.0,6152.61
5913.0,6283.47
5057.0,5544.48
4201.0,0.0
3345.0,9782.7
2489.0,8092.37
1633.0,7656.95
777.0,7428.81
41010.0,6585.7
40154.0,0.0
39298.0,8161.18
38442.0,6372.86
37586.0,6147.93
36730.0,6114.74
35874.0,6194.51
35018.0,6225.64
34162.0,0.0
33306.0,5415.61
32450.0,4793.69
31594.0,4752.85
30738.0,4961.2
29882.0,5477.19
29026.0,0.0
28170.0,0.0
27314.0,8123.39
26458.0,6291.54
25602.0,5753.66
24746.0,5774.94
23890.0,5849.73
23034.0,5916.31
22178.0,0.0
21322.0,4801.33
20466.0,4271.95
19610.0,4211.24
18754.0,4400.24
17898.0,5310.26
17042.0,5768.89
16186.0,0.0
15330.0,9869.8
14474.0,7174.35
13618.0,6324.69
12762.0,6160.12
11906.0,6192.85
11050.0,5809.55
10194.0,0.0
9338.0,5207.81
8482.0,4555.57
7626.0,4608.34
6770.0,4746.2
5914.0,5132.61
5058.0,5267.27
4202.0,0.0
3346.0,8345.49
2490.0,6508.94
1634.0,6002.68
778.0,5956.96
41011.0,1934.75
40155.0,0.0
39299.0,5183.6
38443.0,4211.92
37587.0,3836.1
36731.0,3761.47
35875.0,3776.73
35019.0,1618.12
34163.0,0.0
33307.0,3515.6
32451.0,3236.36
31595.0,3115.6
30739.0,3089.41
29883.0,3150.77
29027.0,1815.38
28171.0,0.0
27315.0,5189.04
26459.0,4319.76
25603.0,3914.09
24747.0,3758.45
23891.0,3742.54
23035.0,1570.8
22179.0,0.0
21323.0,3184.67
20467.0,2928.5
19611.0,2819.0
18755.0,2925.56
17899.0,3623.24
17043.0,1957.65
16187.0,0.0
15331.0,5883.97
14475.0,4570.2
13619.0,4145.71
12763.0,4005.56
11907.0,3972.93
11051.0,1600.41
10195.0,0.0
9339.0,3379.23
8483.0,3103.82
7627.0,2943.28
6771.0,3017.95
5915.0,3010.38
5059.0,1721.12
4203.0,0.0
3347.0,5288.75
2491.0,4305.46
1635.0,3897.73
779.0,3741.71
41012.0,4357.5
40156.0,0.0
39300.0,15739.96
38444.0,13361.41
37588.0,11472.81
36732.0,10889.46
35876.0,11258.28
35020.0,4131.96
34164.0,0.0
33308.0,10057.92
32452.0,9494.3
31596.0,8825.62
30740.0,8912.85
29884.0,9243.09
29028.0,4584.1
28172.0,0.0
27316.0,14357.67
26460.0,12147.32
25604.0,11008.04
24748.0,10253.76
23892.0,10341.12
23036.0,4142.73
22180.0,0.0
21324.0,9235.64
20468.0,8692.67
19612.0,8107.25
18756.0,8196.56
17900.0,9581.22
17044.0,4934.85
16188.0,0.0
15332.0,19104.25
14476.0,13612.31
13620.0,11711.24
12764.0,10892.07
11908.0,10640.83
11052.0,4453.07
10196.0,0.0
9340.0,9493.08
8484.0,9005.35
7628.0,8560.69
6772.0,8390.97
5916.0,8559.61
5060.0,4476.48
4204.0,0.0
3348.0,14802.91
2492.0,12256.66
1636.0,10766.14
780.0,9882.44
41013.0,5951.05
40157.0,0.0
39301.0,9101.42
38445.0,7260.12
37589.0,6835.51
36733.0,6754.34
35877.0,7053.87
35021.0,5533.45
34165.0,0.0
33309.0,5964.41
32453.0,5248.33
31597.0,5247.4
30741.0,5349.95
29885.0,6031.13
29029.0,5432.98
28173.0,0.0
27317.0,9126.01
26461.0,7288.3
25605.0,6839.52
24749.0,6735.19
23893.0,6921.33
23037.0,5442.76
22181.0,0.0
21325.0,5701.0
20469.0,4935.81
19613.0,4808.43
18757.0,5089.69
17901.0,6099.43
17045.0,6156.75
16189.0,0.0
15333.0,11058.0
14477.0,8062.56
13621.0,7211.47
12765.0,7102.05
11909.0,7086.3
11053.0,5641.69
10197.0,0.0
9341.0,5874.06
8485.0,5172.8
7629.0,5084.59
6773.0,5285.63
5917.0,5707.67
5061.0,5627.95
4205.0,0.0
3349.0,9057.26
2493.0,7108.61
1637.0,6702.38
781.0,6649.9
41014.0,4282.62
40158.0,0.0
39302.0,8456.62
38446.0,6849.77
37590.0,5981.29
36734.0,5710.91
35878.0,5625.44
35022.0,3823.8
34166.0,0.0
33310.0,5090.45
32454.0,4614.74
31598.0,4511.6
30742.0,4542.4
29886.0,4806.89
29030.0,3998.01
28174.0,0.0
27318.0,7870.07
26462.0,6442.93
25606.0,5895.07
24750.0,5601.87
23894.0,5665.66
23038.0,3802.11
22182.0,0.0
21326.0,4626.51
20470.0,4149.77
19614.0,4015.27
18758.0,4171.6
17902.0,5123.81
17046.0,4374.98
16190.0,0.0
15334.0,9749.68
14478.0,7231.85
13622.0,6271.06
12766.0,5940.69
11910.0,6015.14
11054.0,3977.82
10198.0,0.0
9342.0,4918.01
8486.0,4315.53
7630.0,4216.98
6774.0,4244.18
5918.0,4641.45
5062.0,4092.67
4206.0,0.0
3350.0,8092.39
2494.0,6322.94
1638.0,5726.75
782.0,5503.23
41015.0,8704.3
40159.0,0.0
39303.0,12958.95
38447.0,10181.08
37591.0,9272.16
36735.0,9012.05
35879.0,8978.07
35023.0,7980.9
34167.0,0.0
33311.0,8104.21
32455.0,7245.87
31599.0,7144.49
30743.0,7341.36
29887.0,7996.37
29031.0,6258.5
28175.0,0.0
27319.0,12838.88
26463.0,10404.17
25607.0,9410.04
24751.0,8867.1
23895.0,8972.4
23039.0,7053.81
22183.0,0.0
21327.0,7708.94
20471.0,6740.16
19615.0,6511.87
18759.0,6829.11
17903.0,7859.8
17047.0,7651.56
16191.0,0.0
15335.0,16071.09
14479.0,11138.72
13623.0,9804.32
12767.0,9215.59
11911.0,9060.28
11055.0,7293.81
10199.0,0.0
9343.0,7748.53
8487.0,6951.49
7631.0,6939.92
6775.0,7175.46
5919.0,7444.48
5063.0,6905.01
4207.0,0.0
3351.0,13380.94
2495.0,10229.93
1639.0,9048.83
783.0,8719.35
41016.0,9520.76
40160.0,0.0
39304.0,11568.05
38448.0,9816.71
37592.0,9025.06
36736.0,8336.88
35880.0,8264.38
35024.0,8755.79
34168.0,0.0
33312.0,7836.26
32456.0,7327.76
31600.0,6915.91
30744.0,6778.07
29888.0,7353.34
29032.0,8521.79
28176.0,0.0
27320.0,11745.2
26464.0,9978.03
25608.0,9149.17
24752.0,8382.61
23896.0,8211.68
23040.0,8234.33
22184.0,0.0
21328.0,7532.44
20472.0,6902.98
19616.0,6566.26
18760.0,6511.49
17904.0,7233.38
17048.0,8845.98
16192.0,0.0
15336.0,12787.01
14480.0,10791.57
13624.0,9717.99
12768.0,8810.69
11912.0,8527.15
11056.0,8471.27
10200.0,0.0
9344.0,7986.04
8488.0,7220.34
7632.0,6829.03
6776.0,6821.37
5920.0,7081.03
5064.0,8264.08
4208.0,0.0
3352.0,11439.98
2496.0,9537.85
1640.0,8781.49
784.0,8233.48
41017.0,6450.95
40161.0,0.0
39305.0,9751.88
38449.0,7801.53
37593.0,7004.16
36737.0,6878.78
35881.0,6993.18
35025.0,5458.45
34169.0,0.0
33313.0,6405.48
32457.0,5918.83
31601.0,5806.75
30745.0,5938.96
29889.0,6195.23
29033.0,5693.17
28177.0,0.0
27321.0,9369.02
26465.0,7764.96
25609.0,7210.72
24753.0,6864.48
23897.0,6929.64
23041.0,5357.91
22185.0,0.0
21329.0,6088.64
20473.0,5704.37
19617.0,5536.08
18761.0,5674.51
17905.0,6570.79
17049.0,6221.21
16193.0,0.0
15337.0,10930.57
14481.0,8524.72
13625.0,7690.45
12769.0,7302.85
11913.0,7209.57
11057.0,5459.84
10201.0,0.0
9345.0,6535.31
8489.0,6007.46
7633.0,5922.81
6777.0,5905.87
5921.0,6053.27
5065.0,5469.3
4209.0,0.0
3353.0,9317.92
2497.0,7625.13
1641.0,6930.34
785.0,6818.45
41018.0,6657.77
40162.0,0.0
39306.0,8510.38
38450.0,6950.94
37594.0,6389.86
36738.0,6382.14
35882.0,6329.85
35026.0,6311.84
34170.0,0.0
33314.0,5801.99
32458.0,5251.56
31602.0,5103.28
30746.0,5154.69
29890.0,5516.6
29034.0,6205.97
28178.0,0.0
27322.0,8436.68
26466.0,6934.57
25610.0,6476.08
24754.0,6325.29
23898.0,6335.35
23042.0,6372.44
22186.0,0.0
21330.0,5629.18
20474.0,4920.91
19618.0,4730.54
18762.0,4896.56
17906.0,5731.16
17050.0,6790.9
16194.0,0.0
15338.0,9524.87
14482.0,7711.56
13626.0,6992.11
12770.0,6572.17
11914.0,6408.66
11058.0,6255.43
10202.0,0.0
9346.0,5753.78
8490.0,5192.24
7634.0,5008.43
6778.0,5035.61
5922.0,5324.53
5066.0,6269.8
4210.0,0.0
3354.0,8239.23
2498.0,6676.88
1642.0,6236.25
786.0,6094.02
41019.0,6555.87
40163.0,0.0
39307.0,10036.45
38451.0,8723.52
37595.0,8024.8
36739.0,7603.83
35883.0,7387.11
35027.0,6062.25
34171.0,0.0
33315.0,7212.22
32459.0,6633.96
31603.0,6208.32
30747.0,6147.05
29891.0,6399.4
29035.0,6084.23
28179.0,0.0
27323.0,10214.56
26467.0,8654.56
25611.0,8038.21
24755.0,7575.84
23899.0,7383.58
23043.0,5826.92
22187.0,0.0
21331.0,6854.39
20475.0,6216.89
19619.0,5895.85
18763.0,6001.31
17907.0,6561.68
17051.0,6523.76
16195.0,0.0
15339.0,11345.56
14483.0,9308.24
13627.0,8372.05
12771.0,7841.01
11915.0,7561.75
11059.0,5868.26
10203.0,0.0
9347.0,7507.71
8491.0,6759.01
7635.0,6466.92
6779.0,6348.46
5923.0,6415.81
5067.0,5973.53
4211.0,0.0
3355.0,9960.75
2499.0,8319.46
1643.0,7760.41
787.0,7411.81
41020.0,7356.28
40164.0,0.0
39308.0,13001.89
38452.0,10654.29
37596.0,9843.56
36740.0,9141.44
35884.0,9108.25
35028.0,6621.71
34172.0,0.0
33316.0,8185.49
32460.0,7695.44
31604.0,7417.01
30748.0,7514.93
29892.0,8137.28
29036.0,6710.12
28180.0,0.0
27324.0,12527.11
26468.0,10364.27
25612.0,9562.25
24756.0,9034.92
23900.0,9005.27
23044.0,6407.73
22188.0,0.0
21332.0,7775.5
20476.0,7110.41
19620.0,6885.1
18764.0,6992.17
17908.0,8324.56
17052.0,7360.04
16196.0,0.0
15340.0,15322.34
14484.0,11695.3
13628.0,10491.44
12772.0,9842.6
11916.0,9378.45
11060.0,6760.21
10204.0,0.0
9348.0,8020.55
8492.0,7309.98
7636.0,7105.9
6780.0,7255.18
5924.0,7740.21
5068.0,6699.74
4212.0,0.0
3356.0,12806.29
2500.0,10682.39
1644.0,9318.84
788.0,8924.51
41021.0,11529.71
40165.0,0.0
39309.0,17162.16
38453.0,15376.0
37597.0,15006.21
36741.0,14204.07
35885.0,12936.26
35029.0,11026.46
34173.0,0.0
33317.0,13364.3
32461.0,12119.61
31605.0,11786.27
30749.0,11382.02
29893.0,11724.74
29037.0,8814.04
28181.0,0.0
27325.0,17426.67
26469.0,15686.53
25613.0,14724.04
24757.0,13851.17
23901.0,13043.0
23045.0,10282.65
22189.0,0.0
21333.0,11316.56
20477.0,11178.53
19621.0,10877.92
18765.0,10920.61
17909.0,11858.84
17053.0,11266.24
16197.0,0.0
15341.0,21535.08
14485.0,17145.43
13629.0,15721.85
12773.0,14118.36
11917.0,13332.09
11061.0,10423.87
10205.0,0.0
9349.0,12558.81
8493.0,11407.22
7637.0,10992.9
6781.0,11120.97
5925.0,11077.22
5069.0,10225.14
4213.0,0.0
3357.0,18773.78
2501.0,15353.06
1645.0,14116.91
789.0,13045.65
41022.0,3279.41
40166.0,0.0
39310.0,7435.4
38454.0,5806.93
37598.0,5477.96
36742.0,5359.75
35886.0,5294.04
35030.0,2955.55
34174.0,0.0
33318.0,4618.33
32462.0,4223.74
31606.0,4193.32
30750.0,4239.19
29894.0,4426.97
29038.0,3176.39
28182.0,0.0
27326.0,7185.83
26470.0,5820.67
25614.0,5377.2
24758.0,5307.68
23902.0,5293.18
23046.0,2973.58
22190.0,0.0
21334.0,4183.13
20478.0,3926.19
19622.0,3876.82
18766.0,4053.52
17910.0,4839.21
17054.0,3288.53
16198.0,0.0
15342.0,9087.04
14486.0,6621.08
13630.0,5823.15
12774.0,5544.27
11918.0,5533.51
11062.0,3099.29
10206.0,0.0
9350.0,4534.51
8494.0,4107.65
7638.0,4046.23
6782.0,4097.8
5926.0,4321.59
5070.0,3058.55
4214.0,0.0
3358.0,7471.95
2502.0,6046.13
1646.0,5380.48
790.0,5160.98
41023.0,3833.3
40167.0,0.0
39311.0,7345.58
38455.0,5574.7
37599.0,5205.43
36743.0,5098.3
35887.0,4986.32
35031.0,3536.39
34175.0,0.0
33319.0,4443.12
32463.0,3892.78
31607.0,3964.4
30751.0,3999.19
29895.0,4291.26
29039.0,3461.88
28183.0,0.0
27327.0,7018.52
26471.0,5560.53
25615.0,5121.18
24759.0,4973.24
23903.0,5079.02
23047.0,3616.31
22191.0,0.0
21335.0,3907.16
20479.0,3635.77
19623.0,3654.39
18767.0,3751.46
17911.0,4472.0
17055.0,3839.97
16199.0,0.0
15343.0,7807.94
14487.0,6193.3
13631.0,5589.38
12775.0,5238.86
11919.0,5143.3
11063.0,3630.41
10207.0,0.0
9351.0,4261.03
8495.0,3777.19
7639.0,3835.3
6783.0,3914.19
5927.0,4108.58
5071.0,3556.55
4215.0,0.0
3359.0,6903.29
2503.0,5612.92
1647.0,5088.73
791.0,4891.38
41024.0,5481.03
40168.0,0.0
39312.0,6712.83
38456.0,5488.02
37600.0,5373.36
36744.0,5490.44
35888.0,5564.03
35032.0,5051.82
34176.0,0.0
33320.0,4567.4
32464.0,4025.54
31608.0,4155.71
30752.0,4421.47
29896.0,4921.27
29040.0,5085.5
28184.0,0.0
27328.0,6934.43
26472.0,5643.05
25616.0,5358.97
24760.0,5429.81
23904.0,5649.65
23048.0,5023.3
22192.0,0.0
21336.0,4516.72
20480.0,3942.6
19624.0,3932.76
18768.0,4173.53
17912.0,5200.17
17056.0,5572.05
16200.0,0.0
15344.0,8053.36
14488.0,6204.31
13632.0,5680.01
12776.0,5677.91
11920.0,5815.58
11064.0,5199.16
10208.0,0.0
9352.0,4813.91
8496.0,4142.76
7640.0,4185.2
6784.0,4376.74
5928.0,4910.87
5072.0,5211.29
4216.0,0.0
3360.0,6963.53
2504.0,5557.16
1648.0,5236.97
792.0,5281.81
41025.0,4989.82
40169.0,0.0
39313.0,8685.3
38457.0,7190.78
37601.0,6618.95
36745.0,6553.61
35889.0,6578.92
35033.0,4631.8
34177.0,0.0
33321.0,5889.06
32465.0,5496.96
31609.0,5377.2
30753.0,5581.84
29897.0,5811.33
29041.0,5007.3
28185.0,0.0
27329.0,8348.55
26473.0,7129.21
25617.0,6602.04
24761.0,6428.53
23905.0,6391.38
23049.0,4532.29
22193.0,0.0
21337.0,5756.77
20481.0,5289.59
19625.0,5067.99
18769.0,5263.13
17913.0,6163.29
17057.0,5367.09
16201.0,0.0
15345.0,9539.26
14489.0,7872.09
13633.0,7089.3
12777.0,6753.09
11921.0,6508.68
11065.0,4840.8
10209.0,0.0
9353.0,5935.98
8497.0,5599.33
7641.0,5344.92
6785.0,5404.28
5929.0,5582.19
5073.0,4906.5
4217.0,0.0
3361.0,8239.86
2505.0,6900.16
1649.0,6423.38
793.0,6210.79
41026.0,6348.67
40170.0,0.0
39314.0,8035.33
38458.0,6361.8
37602.0,6062.57
36746.0,6238.97
35890.0,6192.32
35034.0,6063.09
34178.0,0.0
33322.0,5407.97
32466.0,4820.74
31610.0,4753.26
30754.0,4986.23
29898.0,5407.96
29042.0,0.0
28186.0,0.0
27330.0,8071.4
26474.0,6316.59
25618.0,5700.88
24762.0,5761.39
23906.0,5718.86
23050.0,5757.19
22194.0,0.0
21338.0,4929.61
20482.0,4364.08
19626.0,4187.84
18770.0,4400.21
17914.0,5173.72
17058.0,5441.6
16202.0,0.0
15346.0,8809.04
14490.0,6940.55
13634.0,6245.47
12778.0,6078.76
11922.0,6140.25
11066.0,5648.97
10210.0,0.0
9354.0,5268.67
8498.0,4560.19
7642.0,4561.37
6786.0,4711.4
5930.0,5085.32
5074.0,5174.01
4218.0,0.0
3362.0,7938.22
2506.0,6334.27
1650.0,5839.87
794.0,5851.55
41027.0,7324.37
40171.0,0.0
39315.0,10782.63
38459.0,9269.83
37603.0,8643.28
36747.0,8154.09
35891.0,7797.81
35035.0,6900.1
34179.0,0.0
33323.0,7392.02
32467.0,6872.39
31611.0,6727.85
30755.0,6712.91
29899.0,7015.75
29043.0,6924.05
28187.0,0.0
27331.0,10534.19
26475.0,9025.67
25619.0,8662.53
24763.0,8232.47
23907.0,8039.87
23051.0,6638.74
22195.0,0.0
21339.0,6880.29
20483.0,6325.05
19627.0,6093.26
18771.0,6341.09
17915.0,7534.57
17059.0,7445.66
16203.0,0.0
15347.0,13138.04
14491.0,9677.11
13635.0,8686.1
12779.0,8205.41
11923.0,8084.91
11067.0,6633.54
10211.0,0.0
9355.0,7327.31
8499.0,6667.4
7643.0,6550.44
6787.0,6569.08
5931.0,6800.73
5075.0,6547.14
4219.0,0.0
3363.0,10523.05
2507.0,8751.76
1651.0,8195.24
795.0,7938.77
41028.0,6479.4
40172.0,0.0
39316.0,11941.1
38460.0,9881.95
37604.0,8911.73
36748.0,8535.5
35892.0,8176.62
35036.0,6056.75
34180.0,0.0
33324.0,7710.51
32468.0,7134.33
31612.0,6969.74
30756.0,7204.29
29900.0,7409.94
29044.0,5998.86
28188.0,0.0
27332.0,11700.74
26476.0,9578.67
25620.0,8861.49
24764.0,8472.66
23908.0,8282.3
23052.0,5611.15
22196.0,0.0
21340.0,7447.1
20484.0,6964.24
19628.0,6712.0
18772.0,6953.18
17916.0,8052.17
17060.0,6326.52
16204.0,0.0
15348.0,14491.52
14492.0,10829.14
13636.0,9710.23
12780.0,8962.17
11924.0,8623.12
11068.0,5753.06
10212.0,0.0
9356.0,7786.49
8500.0,7160.73
7644.0,6972.64
6788.0,7067.19
5932.0,7269.91
5076.0,5710.01
4220.0,0.0
3364.0,11821.1
2508.0,9638.24
1652.0,8596.29
796.0,8436.06
41029.0,6870.32
40173.0,0.0
39317.0,8387.03
38461.0,7006.43
37605.0,6517.47
36749.0,6376.67
35893.0,6145.31
35037.0,6113.04
34181.0,0.0
33325.0,5723.59
32469.0,5199.66
31613.0,5071.86
30757.0,5115.87
29901.0,5498.23
29045.0,0.0
28189.0,0.0
27333.0,8237.06
26477.0,6701.42
25621.0,6021.33
24765.0,5908.89
23909.0,5764.74
23053.0,5819.26
22197.0,0.0
21341.0,5148.18
20485.0,4568.5
19629.0,4393.67
18773.0,4575.91
17917.0,5381.38
17061.0,5688.25
16205.0,0.0
15349.0,9698.05
14493.0,7355.2
13637.0,6430.2
12781.0,6203.07
11925.0,6053.01
11069.0,5842.34
10213.0,0.0
9357.0,5501.1
8501.0,4817.61
7645.0,4703.13
6789.0,4779.5
5933.0,5065.81
5077.0,5334.87
4221.0,0.0
3365.0,8247.35
2509.0,6733.59
1653.0,6117.51
797.0,5931.52
41030.0,2678.13
40174.0,0.0
39318.0,5515.24
38462.0,4596.76
37606.0,4339.78
36750.0,4368.86
35894.0,4301.58
35038.0,2525.42
34182.0,0.0
33326.0,3747.96
32470.0,3464.05
31614.0,3369.89
30758.0,3464.8
29902.0,3743.56
29046.0,2414.01
28190.0,0.0
27334.0,5599.36
26478.0,4683.03
25622.0,4302.69
24766.0,4224.93
23910.0,4208.34
23054.0,2260.64
22198.0,0.0
21342.0,3541.69
20486.0,3312.11
19630.0,3178.11
18774.0,3301.46
17918.0,4047.1
17062.0,2652.58
16206.0,0.0
15350.0,6438.26
14494.0,4954.46
13638.0,4482.86
12782.0,4381.63
11926.0,4414.3
11070.0,2391.61
10214.0,0.0
9358.0,3818.19
8502.0,3495.34
7646.0,3383.18
6790.0,3436.75
5934.0,3642.16
5078.0,2359.73
4222.0,0.0
3366.0,5757.53
2510.0,4730.67
1654.0,4220.03
798.0,4129.6
41031.0,6024.11
40175.0,0.0
39319.0,9128.42
38463.0,7100.85
37607.0,6523.64
36751.0,6223.75
35895.0,6340.2
35039.0,5965.69
34183.0,0.0
33327.0,5593.03
32471.0,5219.92
31615.0,4999.27
30759.0,5046.65
29903.0,5205.5
29047.0,5665.24
28191.0,0.0
27335.0,8959.35
26479.0,7377.22
25623.0,6654.12
24767.0,6301.01
23911.0,6266.75
23055.0,5862.13
22199.0,0.0
21343.0,5311.14
20487.0,4782.95
19631.0,4529.45
18775.0,4760.74
17919.0,5473.39
17063.0,6389.12
16207.0,0.0
15351.0,10952.83
14495.0,8174.06
13639.0,7093.65
12783.0,6502.5
11927.0,6316.21
11071.0,5981.99
10215.0,0.0
9359.0,5595.6
8503.0,5110.32
7647.0,4890.27
6791.0,4917.71
5935.0,5104.11
5079.0,5836.03
4223.0,0.0
3367.0,9046.29
2511.0,7418.38
1655.0,6622.05
799.0,6287.44
41032.0,8484.24
40176.0,6142.68
39320.0,14155.15
38464.0,12345.74
37608.0,11442.82
36752.0,11471.03
35896.0,10643.8
35040.0,7610.84
34184.0,4971.82
33328.0,12585.32
32472.0,10318.65
31616.0,9787.67
30760.0,10228.17
29904.0,9687.99
29048.0,7370.04
28192.0,5301.09
27336.0,13775.72
26480.0,12464.68
25624.0,11477.6
24768.0,11512.29
23912.0,10638.05
23056.0,7305.48
22200.0,4941.75
21344.0,11389.88
20488.0,10329.47
19632.0,9508.12
18776.0,10157.98
17920.0,10328.81
17064.0,7937.47
16208.0,5199.81
15352.0,14568.82
14496.0,12828.87
13640.0,11709.76
12784.0,11358.0
11928.0,10631.82
11072.0,7041.53
10216.0,4185.07
9360.0,10908.1
8504.0,9932.01
7648.0,9392.92
6792.0,9713.06
5936.0,9287.62
5080.0,6890.83
4224.0,3715.65
3368.0,12823.5
2512.0,11320.46
1656.0,10438.0
800.0,10575.85
41033.0,3554.88
40177.0,0.0
39321.0,6647.37
38465.0,5766.77
37609.0,5328.7
36753.0,5201.96
35897.0,5487.16
35041.0,3171.37
34185.0,0.0
33329.0,4559.4
32473.0,4197.18
31617.0,4214.07
30761.0,4390.34
29905.0,4519.86
29049.0,3237.54
28193.0,0.0
27337.0,6766.75
26481.0,5717.85
25625.0,5380.67
24769.0,5250.05
23913.0,5429.07
23057.0,3059.37
22201.0,0.0
21345.0,4253.82
20489.0,4002.25
19633.0,3950.28
18777.0,4143.04
17921.0,5033.19
17065.0,3404.91
16209.0,0.0
15353.0,7622.18
14497.0,6267.91
13641.0,5677.73
12785.0,5432.05
11929.0,5498.32
11073.0,3191.1
10217.0,0.0
9361.0,4627.64
8505.0,4213.96
7649.0,4191.72
6793.0,4211.53
5937.0,4511.19
5081.0,3143.8
4225.0,0.0
3369.0,6911.48
2513.0,5833.98
1657.0,5314.99
801.0,5260.59
41034.0,6344.38
40178.0,0.0
39322.0,10861.03
38466.0,8768.55
37610.0,8032.54
36754.0,7814.54
35898.0,7634.04
35042.0,6027.4
34186.0,0.0
33330.0,6915.36
32474.0,6263.71
31618.0,5988.02
30762.0,6317.85
29906.0,6711.52
29050.0,6006.11
28194.0,0.0
27338.0,10628.33
26482.0,8715.19
25626.0,8049.6
24770.0,7687.3
23914.0,7620.59
23058.0,6211.25
22202.0,0.0
21346.0,6624.26
20490.0,5823.85
19634.0,5640.32
18778.0,5910.58
17922.0,6938.27
17066.0,6734.12
16210.0,0.0
15354.0,13617.69
14498.0,9544.41
13642.0,8437.11
12786.0,7997.03
11930.0,7921.47
11074.0,6170.78
10218.0,0.0
9362.0,6823.6
8506.0,6126.81
7650.0,6163.28
6794.0,6208.49
5938.0,6514.35
5082.0,6124.59
4226.0,0.0
3370.0,10870.28
2514.0,8398.98
1658.0,7782.04
802.0,7536.73
41035.0,3339.49
40179.0,0.0
39323.0,5487.9
38467.0,4692.95
37611.0,4434.7
36755.0,4268.31
35899.0,4077.47
35043.0,3102.47
34187.0,0.0
33331.0,3740.89
32475.0,3463.09
31619.0,3283.87
30763.0,3318.54
29907.0,3302.72
29051.0,0.0
28195.0,0.0
27339.0,5690.77
26483.0,4790.17
25627.0,4282.63
24771.0,4128.55
23915.0,3990.73
23059.0,3008.1
22203.0,0.0
21347.0,3419.09
20491.0,3130.32
19635.0,2971.62
18779.0,3070.55
17923.0,3558.24
17067.0,3021.69
16211.0,0.0
15355.0,6595.16
14499.0,5068.81
13643.0,4540.01
12787.0,4303.45
11931.0,4212.59
11075.0,2947.2
10219.0,0.0
9363.0,3785.25
8507.0,3406.3
7651.0,3251.32
6795.0,3231.84
5939.0,3261.85
5083.0,2800.57
4227.0,0.0
3371.0,5782.33
2515.0,4826.49
1659.0,4280.36
803.0,4141.03
41036.0,6935.65
40180.0,0.0
39324.0,10121.2
38468.0,8118.55
37612.0,7859.06
36756.0,7864.97
35900.0,7860.36
35044.0,6664.79
34188.0,0.0
33332.0,6531.29
32476.0,5920.67
31620.0,6020.87
30764.0,6215.94
29908.0,6652.15
29052.0,6399.33
28196.0,0.0
27340.0,10142.77
26484.0,8340.82
25628.0,7979.99
24772.0,7836.93
23916.0,7829.98
23060.0,6223.74
22204.0,0.0
21348.0,6347.17
20492.0,5534.89
19636.0,5567.85
18780.0,5925.89
17924.0,6873.99
17068.0,6754.51
16212.0,0.0
15356.0,12469.65
14500.0,9141.41
13644.0,8219.7
12788.0,8087.77
11932.0,7994.01
11076.0,6434.98
10220.0,0.0
9364.0,6659.98
8508.0,5912.75
7652.0,6004.99
6796.0,6225.99
5940.0,6556.47
5084.0,6231.63
4228.0,0.0
3372.0,10265.77
2516.0,8155.35
1660.0,7743.86
804.0,7640.64
41037.0,6174.94
40181.0,0.0
39325.0,11970.12
38469.0,10202.95
37613.0,9350.9
36757.0,8838.85
35901.0,8452.54
35045.0,5615.73
34189.0,0.0
33333.0,7741.46
32477.0,7215.64
31621.0,7005.56
30765.0,6984.05
29909.0,7184.67
29053.0,5544.49
28197.0,0.0
27341.0,11867.15
26485.0,10078.24
25629.0,9111.85
24773.0,8559.06
23917.0,8245.89
23061.0,5673.25
22205.0,0.0
21349.0,7180.84
20493.0,6661.04
19637.0,6296.53
18781.0,6576.24
17925.0,7413.09
17069.0,6282.98
16213.0,0.0
15357.0,14543.95
14501.0,11269.41
13645.0,9832.87
12789.0,9029.04
11933.0,8554.63
11077.0,5688.72
10221.0,0.0
9365.0,7584.0
8509.0,6965.02
7653.0,6772.44
6797.0,6872.44
5941.0,7000.15
5085.0,5761.95
4229.0,0.0
3373.0,11740.0
2517.0,9979.73
1661.0,8720.37
805.0,8434.02
41038.0,5018.87
40182.0,0.0
39326.0,9762.44
38470.0,8211.68
37614.0,7704.92
36758.0,7453.46
35902.0,7395.0
35046.0,4535.74
34190.0,0.0
33334.0,6518.33
32478.0,6014.39
31622.0,5929.68
30766.0,5970.53
29910.0,6229.6
29054.0,4649.0
28198.0,0.0
27342.0,9476.01
26486.0,7975.21
25630.0,7445.71
24774.0,7035.75
23918.0,7061.05
23062.0,4302.58
22206.0,0.0
21350.0,6118.58
20494.0,5616.38
19638.0,5423.52
18782.0,5617.09
17926.0,6599.21
17070.0,5014.07
16214.0,0.0
15358.0,11223.46
14502.0,8470.15
13646.0,7572.18
12790.0,7360.21
11934.0,7274.31
11078.0,4524.89
10222.0,0.0
9366.0,6490.18
8510.0,5978.36
7654.0,5862.16
6798.0,5883.02
5942.0,6094.71
5086.0,4605.75
4230.0,0.0
3374.0,9402.01
2518.0,7673.73
1662.0,6955.3
806.0,6874.85
41039.0,6463.58
40183.0,0.0
39327.0,11309.73
38471.0,9599.71
37615.0,8798.29
36759.0,8361.16
35903.0,8038.73
35047.0,5491.86
34191.0,0.0
33335.0,7806.02
32479.0,7162.31
31623.0,6773.41
30767.0,6775.22
29911.0,6912.64
29055.0,5382.57
28199.0,0.0
27343.0,11282.71
26487.0,9376.58
25631.0,8558.17
24775.0,8127.33
23919.0,7824.2
23063.0,4987.32
22207.0,0.0
21351.0,7128.27
20495.0,6526.46
19639.0,6241.86
18783.0,6355.69
17927.0,7099.38
17071.0,5542.3
16215.0,0.0
15359.0,12589.24
14503.0,10264.78
13647.0,9028.5
12791.0,8457.94
11935.0,8090.25
11079.0,5169.67
10223.0,0.0
9367.0,7629.09
8511.0,6985.07
7655.0,6791.14
6799.0,6779.56
5943.0,6851.71
5087.0,5113.35
4231.0,0.0
3375.0,10985.18
2519.0,8939.06
1663.0,8241.12
807.0,7878.69
41040.0,4615.55
40184.0,0.0
39328.0,9224.53
38472.0,7537.82
37616.0,6991.91
36760.0,6751.72
35904.0,6884.99
35048.0,3976.96
34192.0,0.0
33336.0,6051.24
32480.0,5529.22
31624.0,5395.65
30768.0,5543.72
29912.0,5950.45
29056.0,4072.45
28200.0,0.0
27344.0,8704.76
26488.0,7342.47
25632.0,6836.59
24776.0,6605.56
23920.0,6595.7
23064.0,3939.3
22208.0,0.0
21352.0,5666.98
20496.0,5110.75
19640.0,4973.61
18784.0,5208.78
17928.0,5868.95
17072.0,4462.68
16216.0,0.0
15360.0,9827.55
14504.0,7930.34
13648.0,6979.71
12792.0,6810.59
11936.0,6791.87
11080.0,4063.91
10224.0,0.0
9368.0,5996.4
8512.0,5506.22
7656.0,5301.27
6800.0,5392.1
5944.0,5665.82
5088.0,4070.14
4232.0,0.0
3376.0,8624.29
2520.0,7081.51
1664.0,6522.1
808.0,6328.13
41041.0,5690.94
40185.0,0.0
39329.0,6712.6
38473.0,5185.04
37617.0,5123.59
36761.0,5208.98
35905.0,5393.71
35049.0,5293.62
34193.0,0.0
33337.0,4485.86
32481.0,4085.94
31625.0,4099.5
30769.0,4155.17
29913.0,4548.84
29057.0,4792.58
28201.0,0.0
27345.0,6949.57
26489.0,5480.91
25633.0,5134.89
24777.0,5181.39
23921.0,5311.41
23065.0,5126.56
22209.0,0.0
21353.0,4223.32
20497.0,3733.96
19641.0,3676.56
18785.0,3821.3
17929.0,4590.74
17073.0,5484.21
16217.0,0.0
15361.0,8038.47
14505.0,5991.38
13649.0,5429.92
12793.0,5378.96
11937.0,5514.57
11081.0,5193.52
10225.0,0.0
9369.0,4674.0
8513.0,4023.59
7657.0,4038.07
6801.0,4095.96
5945.0,4393.64
5089.0,4961.9
4233.0,0.0
3377.0,6946.18
2521.0,5547.88
1665.0,5150.89
809.0,5098.89
41042.0,6834.44
40186.0,0.0
39330.0,8473.16
38474.0,6791.02
37618.0,6205.45
36762.0,6353.8
35906.0,6297.43
35050.0,6399.35
34194.0,0.0
33338.0,5600.83
32482.0,5044.05
31626.0,4945.66
30770.0,5146.25
29914.0,5537.37
29058.0,6355.91
28202.0,0.0
27346.0,8285.45
26490.0,6838.3
25634.0,6327.06
24778.0,6229.65
23922.0,6353.79
23066.0,6305.96
22210.0,0.0
21354.0,5370.35
20498.0,4703.63
19642.0,4607.34
18786.0,4817.47
17930.0,5629.28
17074.0,6761.91
16218.0,0.0
15362.0,9535.58
14506.0,7646.6
13650.0,6781.18
12794.0,6528.73
11938.0,6480.24
11082.0,6209.89
10226.0,0.0
9370.0,5683.39
8514.0,5081.08
7658.0,4932.82
6802.0,5064.21
5946.0,5404.37
5090.0,6280.39
4234.0,0.0
3378.0,8211.31
2522.0,6625.63
1666.0,6203.19
810.0,6074.95
41043.0,4760.65
40187.0,0.0
39331.0,10131.22
38475.0,8347.47
37619.0,7547.05
36763.0,7055.5
35907.0,7237.15
35051.0,4477.86
34195.0,0.0
33339.0,6366.64
32483.0,5924.44
31627.0,5812.84
30771.0,5793.83
29915.0,6276.19
29059.0,4430.09
28203.0,0.0
27347.0,9776.36
26491.0,8232.77
25635.0,7518.3
24779.0,7047.23
23923.0,7097.88
23067.0,4321.46
22211.0,0.0
21355.0,5985.59
20499.0,5574.97
19643.0,5324.03
18787.0,5440.96
17931.0,6718.34
17075.0,5048.32
16219.0,0.0
15363.0,12295.31
14507.0,9083.36
13651.0,7877.88
12795.0,7423.56
11939.0,7415.73
11083.0,4582.07
10227.0,0.0
9371.0,6361.37
8515.0,5874.09
7659.0,5780.41
6803.0,5750.66
5947.0,6045.21
5091.0,4518.5
4235.0,0.0
3379.0,10094.69
2523.0,8159.05
1667.0,7255.72
811.0,6981.95
41044.0,8643.67
40188.0,0.0
39332.0,12537.74
38476.0,10210.48
37620.0,9378.65
36764.0,9057.68
35908.0,8813.35
35052.0,8225.66
34196.0,0.0
33340.0,8108.97
32484.0,7325.5
31628.0,7284.69
30772.0,7331.3
29916.0,7808.77
29060.0,8017.93
28204.0,0.0
27348.0,12620.66
26492.0,10392.35
25636.0,9449.05
24780.0,8814.68
23924.0,8757.9
23068.0,7878.4
22212.0,0.0
21356.0,7715.93
20500.0,6900.48
19644.0,6718.31
18788.0,7069.18
17932.0,8330.44
17076.0,8946.89
16220.0,0.0
15364.0,13856.01
14508.0,11458.32
13652.0,10242.11
12796.0,9754.51
11940.0,9132.93
11084.0,8264.9
10228.0,0.0
9372.0,7920.09
8516.0,7256.22
7660.0,7151.74
6804.0,7391.01
5948.0,7697.61
5092.0,8114.3
4236.0,0.0
3380.0,12429.85
2524.0,10129.12
1668.0,9156.02
812.0,8876.55
41045.0,5184.41
40189.0,0.0
39333.0,9658.82
38477.0,8043.03
37621.0,7698.44
36765.0,7640.09
35909.0,7442.27
35053.0,4814.86
34197.0,0.0
33341.0,6524.1
32485.0,6016.4
31629.0,5907.76
30773.0,6062.73
29917.0,6315.49
29061.0,4932.34
28205.0,0.0
27349.0,9424.46
26493.0,7871.47
25637.0,7401.25
24781.0,7091.27
23925.0,7130.82
23069.0,4521.65
22213.0,0.0
21357.0,6191.74
20501.0,5646.68
19645.0,5477.82
18789.0,5642.26
17933.0,6722.54
17077.0,5187.22
16221.0,0.0
15365.0,10981.21
14509.0,8403.24
13653.0,7548.36
12797.0,7431.98
11941.0,7365.36
11085.0,4802.32
10229.0,0.0
9373.0,6497.28
8517.0,5983.04
7661.0,5881.52
6805.0,5936.68
5949.0,6126.62
5093.0,4734.96
4237.0,0.0
3381.0,9434.35
2525.0,7709.2
1669.0,7024.67
813.0,6917.81
41046.0,10021.18
40190.0,0.0
39334.0,12041.21
38478.0,9409.2
37622.0,8969.23
36766.0,8671.38
35910.0,8835.42
35054.0,8795.05
34198.0,0.0
33342.0,7995.2
32486.0,7129.8
31630.0,7183.59
30774.0,7146.44
29918.0,7833.72
29062.0,9061.37
28206.0,0.0
27350.0,12179.63
26494.0,9874.31
25638.0,9128.65
24782.0,8750.01
23926.0,8888.26
23070.0,8794.2
22214.0,0.0
21358.0,7499.2
20502.0,6746.42
19646.0,6559.56
18790.0,6866.78
17934.0,7839.79
17078.0,9350.05
16222.0,0.0
15366.0,13172.03
14510.0,10252.06
13654.0,9489.82
12798.0,8960.47
11942.0,8957.28
11086.0,8564.68
10230.0,0.0
9374.0,8001.01
8518.0,7112.65
7662.0,7063.68
6806.0,7319.72
5950.0,7586.71
5094.0,8621.23
4238.0,0.0
3382.0,11794.78
2526.0,9398.39
1670.0,8663.13
814.0,8479.36
41047.0,5554.75
40191.0,0.0
39335.0,9297.27
38479.0,7498.56
37623.0,7015.29
36767.0,6891.06
35911.0,6878.06
35055.0,5314.69
34199.0,0.0
33343.0,5771.48
32487.0,5242.86
31631.0,5105.79
30775.0,5196.22
29919.0,5497.38
29063.0,5295.02
28207.0,0.0
27351.0,8982.87
26495.0,7428.93
25639.0,6799.13
24783.0,6690.8
23927.0,6606.39
23071.0,5193.81
22215.0,0.0
21359.0,5295.81
20503.0,4659.29
19647.0,4563.4
18791.0,4825.55
17935.0,5660.63
17079.0,5769.71
16223.0,0.0
15367.0,10454.31
14511.0,8081.28
13655.0,7004.02
12799.0,6746.1
11943.0,6594.34
11087.0,5384.08
10231.0,0.0
9375.0,5507.14
8519.0,4970.88
7663.0,4935.52
6807.0,4980.4
5951.0,5252.27
5095.0,5290.61
4239.0,0.0
3383.0,8929.66
2527.0,7272.46
1671.0,6605.77
815.0,6383.09
41048.0,3726.07
40192.0,0.0
39336.0,6044.28
38480.0,4980.99
37624.0,4559.64
36768.0,4462.39
35912.0,4426.24
35056.0,3148.68
34200.0,0.0
33344.0,4516.96
32488.0,4027.34
31632.0,3762.35
30776.0,3751.91
29920.0,4008.53
29064.0,3280.29
28208.0,0.0
27352.0,5827.55
26496.0,4958.42
25640.0,4602.34
24784.0,4427.18
23928.0,4423.48
23072.0,3042.79
22216.0,0.0
21360.0,3994.02
20504.0,3634.53
19648.0,3454.15
18792.0,3536.24
17936.0,4107.16
17080.0,3474.71
16224.0,0.0
15368.0,6483.07
14512.0,5388.32
13656.0,4899.96
12800.0,4696.41
11944.0,4636.35
11088.0,3136.73
10232.0,0.0
9376.0,4397.83
8520.0,3898.33
7664.0,3772.39
6808.0,3789.05
5952.0,3985.65
5096.0,3213.77
4240.0,0.0
3384.0,5770.52
2528.0,4924.57
1672.0,4493.51
816.0,4412.95
41049.0,8464.06
40193.0,0.0
39337.0,13382.06
38481.0,11037.82
37625.0,10413.79
36769.0,9904.53
35913.0,9884.38
35057.0,7471.87
34201.0,0.0
33345.0,9103.16
32489.0,8396.22
31633.0,8296.73
30777.0,8099.77
29921.0,8335.53
29065.0,7797.88
28209.0,0.0
27353.0,12663.78
26497.0,10859.35
25641.0,10124.99
24785.0,9541.95
23929.0,9529.5
23073.0,7315.65
22217.0,0.0
21361.0,8631.09
20505.0,7888.94
19649.0,7667.25
18793.0,7701.07
17937.0,8742.92
17081.0,8556.8
16225.0,0.0
15369.0,14391.75
14513.0,11789.01
13657.0,10743.25
12801.0,10147.58
11945.0,9799.94
11089.0,7482.44
10233.0,0.0
9377.0,8912.98
8521.0,8212.22
7665.0,7982.3
6809.0,7974.78
5953.0,8146.41
5097.0,7746.49
4241.0,0.0
3385.0,12315.52
2529.0,10490.89
1673.0,9491.61
817.0,9235.8
41050.0,2904.26
40194.0,0.0
39338.0,6417.1
38482.0,5263.59
37626.0,4841.71
36770.0,4907.48
35914.0,4764.8
35058.0,2898.81
34202.0,0.0
33346.0,4294.77
32490.0,3945.78
31634.0,3746.57
30778.0,3727.17
29922.0,3998.38
29066.0,0.0
28210.0,0.0
27354.0,6419.36
26498.0,5338.86
25642.0,4703.45
24786.0,4612.93
23930.0,4458.66
23074.0,3130.79
22218.0,0.0
21362.0,3792.81
20506.0,3490.36
19650.0,3369.86
18794.0,3383.63
17938.0,3956.45
17082.0,3153.28
16226.0,0.0
15370.0,7385.98
14514.0,5777.87
13658.0,5045.59
12802.0,4838.8
11946.0,4733.08
11090.0,2968.33
10234.0,0.0
9378.0,4143.4
8522.0,3759.84
7666.0,3691.58
6810.0,3654.09
5954.0,3750.97
5098.0,2855.19
4242.0,0.0
3386.0,6507.09
2530.0,5371.12
1674.0,4792.24
818.0,4633.69
41051.0,8378.25
40195.0,0.0
39339.0,12567.66
38483.0,10465.59
37627.0,9577.28
36771.0,9257.33
35915.0,8899.25
35059.0,8135.98
34203.0,0.0
33347.0,8294.68
32491.0,7619.16
31635.0,7705.11
30779.0,7746.4
29923.0,8140.79
29067.0,8292.74
28211.0,0.0
27355.0,12586.3
26499.0,10626.41
25643.0,9799.13
24787.0,9387.96
23931.0,9120.16
23075.0,7794.98
22219.0,0.0
21363.0,8221.12
20507.0,7443.39
19651.0,7312.89
18795.0,7492.71
17939.0,8471.45
17083.0,9163.49
16227.0,0.0
15371.0,13942.22
14515.0,11711.29
13659.0,10523.76
12803.0,9939.71
11947.0,9506.58
11091.0,8059.31
10235.0,0.0
9379.0,8798.89
8523.0,8009.53
7667.0,7857.37
6811.0,7935.65
5955.0,8055.84
5099.0,8157.91
4243.0,0.0
3387.0,12535.11
2531.0,10688.01
1675.0,9542.09
819.0,9243.92
41052.0,6484.68
40196.0,0.0
39340.0,8681.52
38484.0,6998.25
37628.0,6683.04
36772.0,6530.31
35916.0,6487.64
35060.0,5808.94
34204.0,0.0
33348.0,5727.63
32492.0,5128.28
31636.0,5177.41
30780.0,5399.48
29924.0,5902.09
29068.0,0.0
28212.0,0.0
27356.0,8350.9
26500.0,6743.27
25644.0,6252.31
24788.0,6107.02
23932.0,6191.59
23076.0,5478.88
22220.0,0.0
21364.0,5261.07
20508.0,4683.05
19652.0,4585.26
18796.0,4865.32
17940.0,5606.12
17084.0,5915.61
16228.0,0.0
15372.0,9174.88
14516.0,7299.12
13660.0,6647.47
12804.0,6428.85
11948.0,6337.24
11092.0,5623.68
10236.0,0.0
9380.0,5693.66
8524.0,4988.41
7668.0,4956.22
6812.0,5084.39
5956.0,5387.92
5100.0,5438.42
4244.0,0.0
3388.0,8077.5
2532.0,6496.1
1676.0,6121.65
820.0,6075.15
41053.0,5435.57
40197.0,0.0
39341.0,6802.05
38485.0,5267.53
37629.0,4962.02
36773.0,5032.94
35917.0,5103.78
35061.0,5108.33
34205.0,0.0
33349.0,4367.93
32493.0,3938.93
31637.0,3955.17
30781.0,4067.19
29925.0,4380.89
29069.0,4930.28
28213.0,0.0
27357.0,6888.0
26501.0,5472.76
25645.0,5085.71
24789.0,5075.8
23933.0,5243.92
23077.0,5049.78
22221.0,0.0
21365.0,4045.86
20509.0,3652.21
19653.0,3614.09
18797.0,3779.02
17941.0,4509.51
17085.0,5530.71
16229.0,0.0
15373.0,8133.54
14517.0,5995.34
13661.0,5391.22
12805.0,5289.47
11949.0,5425.19
11093.0,5148.51
10237.0,0.0
9381.0,4539.12
8525.0,3966.66
7669.0,4013.73
6813.0,4088.58
5957.0,4368.34
5101.0,5069.03
4245.0,0.0
3389.0,6822.36
2533.0,5481.0
1677.0,5089.64
821.0,5062.62
41054.0,7461.55
40198.0,0.0
39342.0,10849.21
38486.0,8710.14
37630.0,8366.7
36774.0,7889.27
35918.0,7681.69
35062.0,6683.83
34206.0,0.0
33350.0,7250.66
32494.0,6580.37
31638.0,6355.53
30782.0,6287.79
29926.0,6456.22
29070.0,6541.9
28214.0,0.0
27358.0,10737.88
26502.0,8855.2
25646.0,8196.33
24790.0,7816.34
23934.0,7455.44
23078.0,6543.59
22222.0,0.0
21366.0,6879.46
20510.0,6227.62
19654.0,5950.74
18798.0,6133.89
17942.0,6777.15
17086.0,6986.45
16230.0,0.0
15374.0,12553.41
14518.0,9871.86
13662.0,8738.02
12806.0,8123.59
11950.0,7774.59
11094.0,6655.2
10238.0,0.0
9382.0,7211.59
8526.0,6509.14
7670.0,6377.54
6814.0,6341.43
5958.0,6449.07
5102.0,6531.95
4246.0,0.0
3390.0,10541.74
2534.0,8520.1
1678.0,7954.52
822.0,7616.42
41055.0,4862.43
40199.0,0.0
39343.0,8452.89
38487.0,7151.9
37631.0,6412.73
36775.0,6038.95
35919.0,5978.95
35063.0,4309.9
34207.0,0.0
33351.0,5538.29
32495.0,5300.61
31639.0,4926.29
30783.0,4888.42
29927.0,5084.46
29071.0,4532.61
28215.0,0.0
27359.0,8278.2
26503.0,6999.69
25647.0,6320.35
24791.0,6017.24
23935.0,5920.59
23079.0,4245.87
22223.0,0.0
21367.0,5172.85
20511.0,4777.75
19655.0,4549.49
18799.0,4622.94
17943.0,5262.91
17087.0,5002.62
16231.0,0.0
15375.0,10310.34
14519.0,7837.04
13663.0,6728.96
12807.0,6457.94
11951.0,6302.52
11095.0,4392.94
10239.0,0.0
9383.0,5622.88
8527.0,5169.08
7671.0,4914.85
6815.0,4902.12
5959.0,5093.21
5103.0,4516.69
4247.0,0.0
3391.0,8547.98
2535.0,7107.64
1679.0,6356.61
823.0,6102.34
41056.0,4676.29
40200.0,0.0
39344.0,9080.58
38488.0,7560.98
37632.0,7057.74
36776.0,6959.21
35920.0,6968.36
35064.0,4373.29
34208.0,0.0
33352.0,6439.39
32496.0,6024.44
31640.0,5900.9
30784.0,5966.37
29928.0,6006.06
29072.0,4353.38
28216.0,0.0
27360.0,8996.28
26504.0,7610.52
25648.0,7126.32
24792.0,6963.82
23936.0,6918.41
23080.0,4296.6
22224.0,0.0
21368.0,6038.67
20512.0,5542.48
19656.0,5357.46
18800.0,5529.49
17944.0,6527.57
17088.0,4838.82
16232.0,0.0
15376.0,10159.26
14520.0,8020.91
13664.0,7204.87
12808.0,7066.56
11952.0,6973.53
11096.0,4329.75
10240.0,0.0
9384.0,6254.51
8528.0,5844.31
7672.0,5691.75
6816.0,5762.11
5960.0,5964.27
5104.0,4300.82
4248.0,0.0
3392.0,9056.51
2536.0,7409.65
1680.0,6831.56
824.0,6688.96
41057.0,6730.78
40201.0,0.0
39345.0,11491.02
38489.0,9416.91
37633.0,8596.94
36777.0,8336.06
35921.0,8281.41
35065.0,6005.54
34209.0,0.0
33353.0,7514.84
32497.0,6955.22
31641.0,6562.75
30785.0,6806.73
29929.0,7699.0
29073.0,6542.89
28217.0,0.0
27361.0,11277.03
26505.0,9514.95
25649.0,8880.45
24793.0,8335.37
23937.0,8352.67
23081.0,5669.89
22225.0,0.0
21369.0,7071.29
20513.0,6509.42
19657.0,6302.03
18801.0,6551.71
17945.0,7784.87
17089.0,6722.16
16233.0,0.0
15377.0,13917.22
14521.0,10138.98
13665.0,9072.89
12809.0,8558.02
11953.0,8493.52
11097.0,5981.4
10241.0,0.0
9385.0,7586.61
8529.0,6905.26
7673.0,6709.39
6817.0,6849.34
5961.0,7194.64
5105.0,6195.46
4249.0,0.0
3393.0,11690.69
2537.0,9323.12
1681.0,8492.67
825.0,8124.27
41058.0,3109.75
40202.0,0.0
39346.0,5597.82
38490.0,4386.61
37634.0,4073.5
36778.0,4081.19
35922.0,3993.87
35066.0,3099.6
34210.0,0.0
33354.0,3724.55
32498.0,3230.92
31642.0,3103.39
30786.0,3253.4
29930.0,3463.25
29074.0,2839.19
28218.0,0.0
27362.0,5406.2
26506.0,4535.04
25650.0,4224.74
24794.0,4059.43
23938.0,4020.59
23082.0,2899.96
22226.0,0.0
21370.0,3375.3
20514.0,3053.61
19658.0,2926.62
18802.0,3118.4
17946.0,3829.9
17090.0,3103.65
16234.0,0.0
15378.0,6812.53
14522.0,4971.92
13666.0,4470.72
12810.0,4272.28
11954.0,4259.87
11098.0,2926.76
10242.0,0.0
9386.0,3787.67
8530.0,3383.03
7674.0,3256.42
6818.0,3238.56
5962.0,3425.46
5106.0,2831.19
4250.0,0.0
3394.0,5581.24
2538.0,4627.02
1682.0,4138.31
826.0,4043.7
41059.0,2652.82
40203.0,0.0
39347.0,6253.36
38491.0,5061.16
37635.0,4569.8
36779.0,4505.72
35923.0,4557.06
35067.0,2449.2
34211.0,0.0
33355.0,4168.88
32499.0,3753.36
31643.0,3744.41
30787.0,3869.51
29931.0,4025.47
29075.0,2487.14
28219.0,0.0
27363.0,6275.77
26507.0,5180.16
25651.0,4817.19
24795.0,4661.12
23939.0,4613.86
23083.0,2309.97
22227.0,0.0
21371.0,3848.32
20515.0,3515.89
19659.0,3506.09
18803.0,3562.62
17947.0,4225.83
17091.0,2627.43
16235.0,0.0
15379.0,7352.73
14523.0,5613.44
13667.0,4947.86
12811.0,4835.58
11955.0,4881.08
11099.0,2431.08
10243.0,0.0
9387.0,4015.52
8531.0,3738.05
7675.0,3739.9
6819.0,3783.66
5963.0,3980.87
5107.0,2400.05
4251.0,0.0
3395.0,6429.55
2539.0,5244.18
1683.0,4703.53
827.0,4597.45
41060.0,6585.06
40204.0,0.0
39348.0,11531.08
38492.0,8957.76
37636.0,8508.71
36780.0,8111.16
35924.0,7768.89
35068.0,5776.89
34212.0,0.0
33356.0,7247.05
32500.0,6535.26
31644.0,6424.29
30788.0,6388.23
29932.0,6674.03
29076.0,6135.12
28220.0,0.0
27364.0,11392.58
26508.0,9272.31
25652.0,8442.41
24796.0,8059.34
23940.0,7827.52
23084.0,5809.3
22228.0,0.0
21372.0,6692.51
20516.0,5943.86
19660.0,5733.12
18804.0,5987.94
17948.0,6768.52
17092.0,6683.29
16236.0,0.0
15380.0,14323.64
14524.0,9895.99
13668.0,8676.0
12812.0,8235.49
11956.0,8017.83
11100.0,5866.48
10244.0,0.0
9388.0,7147.79
8532.0,6324.58
7676.0,6364.9
6820.0,6459.58
5964.0,6588.15
5108.0,6049.21
4252.0,0.0
3396.0,11454.54
2540.0,9135.78
1684.0,8179.7
828.0,7896.16
41061.0,6828.99
40205.0,0.0
39349.0,12061.61
38493.0,10116.74
37637.0,9314.85
36781.0,8937.01
35925.0,8665.0
35069.0,5973.94
34213.0,0.0
33357.0,7922.48
32501.0,7563.77
31645.0,7086.32
30789.0,7247.8
29933.0,7653.06
29077.0,5790.54
28221.0,0.0
27365.0,12398.61
26509.0,10484.03
25653.0,9511.41
24797.0,8964.79
23941.0,8692.1
23085.0,5773.07
22229.0,0.0
21373.0,7331.07
20517.0,6682.1
19661.0,6359.07
18805.0,6683.63
17949.0,7488.71
17093.0,6134.33
16237.0,0.0
15381.0,13977.06
14525.0,11032.42
13669.0,9708.46
12813.0,8985.43
11957.0,8774.46
11101.0,5629.76
10245.0,0.0
9389.0,7624.53
8533.0,7091.38
7677.0,6878.93
6821.0,6959.62
5965.0,7266.03
5109.0,5453.0
4253.0,0.0
3397.0,12491.07
2541.0,10268.54
1685.0,9115.45
829.0,8731.3
41062.0,11620.86
40206.0,0.0
39350.0,15051.56
38494.0,12439.35
37638.0,11275.34
36782.0,10834.96
35926.0,10801.04
35070.0,10979.25
34214.0,0.0
33358.0,10505.51
32502.0,9542.47
31646.0,9072.64
30790.0,9165.89
29934.0,9706.58
29078.0,0.0
28222.0,0.0
27366.0,14317.41
26510.0,12112.83
25654.0,10839.66
24798.0,10343.41
23942.0,10063.93
23086.0,9327.1
22230.0,0.0
21374.0,9292.86
20518.0,8748.55
19662.0,8193.55
18806.0,8241.82
17950.0,9004.17
17094.0,9859.0
16238.0,0.0
15382.0,16945.9
14526.0,13169.83
13670.0,11580.35
12814.0,10794.44
11958.0,10428.65
11102.0,9640.97
10246.0,0.0
9390.0,10289.63
8534.0,9525.03
7678.0,9163.35
6822.0,9025.2
5966.0,9048.75
5110.0,9171.99
4254.0,0.0
3398.0,14697.92
2542.0,11969.37
1686.0,10774.5
830.0,10201.26
41063.0,6024.52
40207.0,0.0
39351.0,7905.68
38495.0,6550.27
37639.0,6422.15
36783.0,6059.18
35927.0,6217.1
35071.0,5864.25
34215.0,0.0
33359.0,5398.94
32503.0,4828.51
31647.0,4912.82
30791.0,5006.23
29935.0,5560.73
29079.0,5664.7
28223.0,0.0
27367.0,7708.1
26511.0,6513.65
25655.0,6254.58
24799.0,6054.04
23943.0,6097.06
23087.0,5548.85
22231.0,0.0
21375.0,4884.74
20519.0,4363.68
19663.0,4361.61
18807.0,4630.08
17951.0,5536.85
17095.0,6044.83
16239.0,0.0
15383.0,8656.62
14527.0,6853.72
13671.0,6268.08
12815.0,6154.73
11959.0,6201.07
11103.0,5727.16
10247.0,0.0
9391.0,5286.47
8535.0,4650.72
7679.0,4729.03
6823.0,4914.11
5967.0,5410.82
5111.0,5780.88
4255.0,0.0
3399.0,7503.24
2543.0,6218.34
1687.0,5884.43
831.0,5882.92
41064.0,5908.68
40208.0,0.0
39352.0,8863.93
38496.0,7469.55
37640.0,6991.31
36784.0,6618.31
35928.0,6435.26
35072.0,5363.36
34216.0,0.0
33360.0,5902.27
32504.0,5511.24
31648.0,5276.41
30792.0,5272.86
29936.0,5407.61
29080.0,5108.0
28224.0,0.0
27368.0,8900.93
26512.0,7585.14
25656.0,6912.1
24800.0,6648.76
23944.0,6325.84
23088.0,4883.71
22232.0,0.0
21376.0,5601.86
20520.0,5190.28
19664.0,4903.95
18808.0,5113.18
17952.0,5753.57
17096.0,5292.05
16240.0,0.0
15384.0,10857.64
14528.0,8396.45
13672.0,7228.67
12816.0,6860.59
11960.0,6602.19
11104.0,5016.42
10248.0,0.0
9392.0,5849.62
8536.0,5626.49
7680.0,5382.15
6824.0,5369.84
5968.0,5387.92
5112.0,4952.84
4256.0,0.0
3400.0,9127.83
2544.0,7662.59
1688.0,6913.84
832.0,6568.75
41065.0,3472.8
40209.0,0.0
39353.0,9088.73
38497.0,7492.87
37641.0,6841.79
36785.0,6614.31
35929.0,6343.9
35073.0,3327.02
34217.0,0.0
33361.0,5668.33
32505.0,5299.33
31649.0,4938.69
30793.0,4976.13
29937.0,5198.02
29081.0,3294.28
28225.0,0.0
27369.0,8583.64
26513.0,7351.38
25657.0,6708.58
24801.0,6350.96
23945.0,6115.01
23089.0,3086.15
22233.0,0.0
21377.0,4958.72
20521.0,4727.12
19665.0,4457.78
18809.0,4584.55
17953.0,5266.68
17097.0,3367.29
16241.0,0.0
15385.0,10052.14
14529.0,7946.7
13673.0,6807.6
12817.0,6509.78
11961.0,6304.93
11105.0,3222.53
10249.0,0.0
9393.0,5248.06
8537.0,4896.82
7681.0,4753.3
6825.0,4786.33
5969.0,4943.83
5113.0,3153.14
4257.0,0.0
3401.0,8625.4
2545.0,7065.78
1689.0,6285.84
833.0,6045.95
41066.0,6761.57
40210.0,0.0
39354.0,9506.69
38498.0,7570.93
37642.0,6930.04
36786.0,6854.85
35930.0,7009.72
35074.0,6108.62
34218.0,0.0
33362.0,6183.69
32506.0,5515.25
31650.0,5502.33
30794.0,5566.84
29938.0,5837.99
29082.0,6031.0
28226.0,0.0
27370.0,9273.54
26514.0,7491.91
25658.0,6968.56
24802.0,6791.79
23946.0,6844.92
23090.0,5825.33
22234.0,0.0
21378.0,5859.63
20522.0,5148.08
19666.0,5025.86
18810.0,5158.96
17954.0,6188.05
17098.0,6518.05
16242.0,0.0
15386.0,10983.56
14530.0,8271.22
13674.0,7344.55
12818.0,7119.89
11962.0,7091.79
11106.0,6050.3
10250.0,0.0
9394.0,6191.38
8538.0,5459.38
7682.0,5394.03
6826.0,5415.58
5970.0,5749.12
5114.0,6058.59
4258.0,0.0
3402.0,9190.49
2546.0,7290.13
1690.0,6734.29
834.0,6622.73
41067.0,3191.85
40211.0,0.0
39355.0,6894.58
38499.0,5714.34
37643.0,5328.25
36787.0,5141.41
35931.0,5035.86
35075.0,2617.56
34219.0,0.0
33363.0,4479.18
32507.0,4164.9
31651.0,4205.89
30795.0,4349.47
29939.0,4449.92
29083.0,2877.69
28227.0,0.0
27371.0,6854.45
26515.0,5568.11
25659.0,5297.67
24803.0,5087.91
23947.0,5117.23
23091.0,2611.9
22235.0,0.0
21379.0,4193.24
20523.0,3972.83
19667.0,3936.73
18811.0,4122.32
17955.0,4783.52
17099.0,3005.01
16243.0,0.0
15387.0,8112.44
14531.0,6243.35
13675.0,5624.45
12819.0,5342.85
11963.0,5275.77
11107.0,2678.51
10251.0,0.0
9395.0,4580.31
8539.0,4169.7
7683.0,4147.52
6827.0,4168.52
5971.0,4318.08
5115.0,2728.33
4259.0,0.0
3403.0,6956.2
2547.0,5735.33
1691.0,5211.88
835.0,5037.87
41068.0,10202.1
40212.0,0.0
39356.0,14650.73
38500.0,11506.5
37644.0,10558.62
36788.0,10110.45
35932.0,10367.43
35076.0,9270.4
34220.0,0.0
33364.0,9598.62
32508.0,8569.29
31652.0,8328.59
30796.0,8549.52
29940.0,9274.44
29084.0,9592.11
28228.0,0.0
27372.0,13892.68
26516.0,11367.07
25660.0,10596.17
24804.0,10312.09
23948.0,10425.74
23092.0,8955.12
22236.0,0.0
21380.0,9216.57
20524.0,8405.91
19668.0,7920.95
18812.0,8066.12
17956.0,9670.7
17100.0,10214.52
16244.0,0.0
15388.0,16044.97
14532.0,12596.21
13676.0,11514.68
12820.0,10838.07
11964.0,10682.83
11108.0,9323.07
10252.0,0.0
9396.0,9709.17
8540.0,8744.87
7684.0,8447.46
6828.0,8459.92
5972.0,8942.04
5116.0,9355.85
4260.0,0.0
3404.0,14244.39
2548.0,11422.69
1692.0,10272.84
836.0,10030.51
41069.0,7880.74
40213.0,0.0
39357.0,12525.03
38501.0,10147.98
37645.0,9342.57
36789.0,8957.25
35933.0,8730.18
35077.0,7189.32
34221.0,0.0
33365.0,8261.72
32509.0,7642.68
31653.0,7432.3
30797.0,7319.76
29941.0,8066.35
29085.0,7432.59
28229.0,0.0
27373.0,12418.01
26517.0,10291.21
25661.0,9428.88
24805.0,8884.32
23949.0,8718.72
23093.0,6939.87
22237.0,0.0
21381.0,7780.1
20525.0,7160.11
19669.0,6943.21
18813.0,6978.96
17957.0,7901.16
17101.0,7827.2
16245.0,0.0
15389.0,13537.13
14533.0,10921.92
13677.0,9899.41
12821.0,9312.03
11965.0,8897.12
11109.0,7121.56
10253.0,0.0
9397.0,8346.29
8541.0,7570.75
7685.0,7405.49
6829.0,7463.8
5973.0,7648.72
5117.0,7209.91
4261.0,0.0
3405.0,12226.37
2549.0,9948.87
1693.0,8999.44
837.0,8679.93
41070.0,14571.77
40214.0,0.0
39358.0,17224.78
38502.0,15233.12
37646.0,13739.82
36790.0,13320.23
35934.0,12718.03
35078.0,13930.46
34222.0,0.0
33366.0,12473.4
32510.0,11520.73
31654.0,11000.88
30798.0,11012.87
29942.0,11321.39
29086.0,0.0
28230.0,0.0
27374.0,16562.99
26518.0,14695.78
25662.0,13432.04
24806.0,12647.48
23950.0,12055.9
23094.0,12200.97
22238.0,0.0
21382.0,11414.17
20526.0,10955.81
19670.0,10645.87
18814.0,10693.22
17958.0,11573.74
17102.0,12333.78
16246.0,0.0
15390.0,19729.49
14534.0,16329.98
13678.0,14502.83
12822.0,13449.7
11966.0,12691.93
11110.0,12113.41
10254.0,0.0
9398.0,12589.24
8542.0,11361.71
7686.0,11062.81
6830.0,10934.43
5974.0,10949.52
5118.0,11354.28
4262.0,0.0
3406.0,17719.82
2550.0,15304.58
1694.0,13446.68
838.0,12554.58
41071.0,5941.19
40215.0,0.0
39359.0,6963.81
38503.0,5362.07
37647.0,5245.31
36791.0,5357.04
35935.0,5312.58
35079.0,5826.78
34223.0,0.0
33367.0,4636.18
32511.0,4187.16
31655.0,4123.77
30799.0,4174.47
29943.0,4285.58
29087.0,0.0
28231.0,0.0
27375.0,6870.87
26519.0,5358.64
25663.0,4977.12
24807.0,5014.61
23951.0,4956.47
23095.0,5394.34
22239.0,0.0
21383.0,3992.16
20527.0,3629.86
19671.0,3594.07
18815.0,3731.6
17959.0,4328.33
17103.0,4985.31
16247.0,0.0
15391.0,7756.62
14535.0,5889.51
13679.0,5274.38
12823.0,5129.29
11967.0,5115.23
11111.0,5177.89
10255.0,0.0
9399.0,4470.66
8543.0,3877.02
7687.0,3876.72
6831.0,3944.28
5975.0,4200.55
5119.0,4664.08
4263.0,0.0
3407.0,6788.69
2551.0,5521.71
1695.0,5093.87
839.0,4987.28
41072.0,5298.93
40216.0,0.0
39360.0,8350.93
38504.0,6790.88
37648.0,6160.55
36792.0,5965.9
35936.0,6142.64
35080.0,4641.57
34224.0,0.0
33368.0,5376.64
32512.0,5031.38
31656.0,4988.11
30800.0,5078.47
29944.0,5255.16
29088.0,4866.12
28232.0,0.0
27376.0,8044.84
26520.0,6766.0
25664.0,6263.86
24808.0,6004.29
23952.0,6040.96
23096.0,4478.99
22240.0,0.0
21384.0,5355.75
20528.0,4897.43
19672.0,4726.99
18816.0,4921.73
17960.0,5863.65
17104.0,5363.69
16248.0,0.0
15392.0,10085.12
14536.0,7740.11
13680.0,6738.95
12824.0,6377.14
11968.0,6286.26
11112.0,4795.18
10256.0,0.0
9400.0,5677.61
8544.0,5130.81
7688.0,4930.98
6832.0,4995.12
5976.0,5249.87
5120.0,4816.51
4264.0,0.0
3408.0,8221.25
2552.0,6795.15
1696.0,6255.85
840.0,5979.38
41073.0,8982.55
40217.0,14481.42
39361.0,12130.92
38505.0,10795.64
37649.0,10418.71
36793.0,10058.1
35937.0,10181.09
35081.0,7780.52
34225.0,13436.53
33369.0,10074.58
32513.0,9302.42
31657.0,8964.29
30801.0,9275.78
29945.0,9596.47
29089.0,7861.39
28233.0,14017.53
27377.0,11836.01
26521.0,11004.97
25665.0,10798.41
24809.0,10341.86
23953.0,10451.24
23097.0,7417.96
22241.0,13358.05
21385.0,9747.97
20529.0,8756.72
19673.0,8563.1
18817.0,8585.78
17961.0,9467.38
17105.0,8471.75
16249.0,14150.04
15393.0,13278.67
14537.0,11709.45
13681.0,11276.32
12825.0,10772.83
11969.0,10627.76
11113.0,7510.38
10257.0,12955.48
9401.0,10219.36
8545.0,9413.37
7689.0,9125.88
6833.0,9137.63
5977.0,9236.22
5121.0,7433.47
4265.0,13325.61
3409.0,0.0
2553.0,0.0
1697.0,0.0
841.0,0.0
41074.0,8590.93
40218.0,6089.86
39362.0,11882.79
38506.0,10885.91
37650.0,10225.69
36794.0,9851.77
35938.0,10203.79
35082.0,7748.79
34226.0,5526.64
33370.0,9996.48
32514.0,8856.85
31658.0,8265.89
30802.0,8357.98
29946.0,8619.24
29090.0,7833.42
28234.0,5308.98
27378.0,11817.35
26522.0,10794.84
25666.0,10330.56
24810.0,10040.18
23954.0,10276.48
23098.0,7487.88
22242.0,5194.89
21386.0,9353.93
20530.0,8447.96
19674.0,7986.91
18818.0,7984.37
17962.0,9015.13
17106.0,8764.12
16250.0,5568.18
15394.0,13761.04
14538.0,11540.95
13682.0,10742.44
12826.0,10341.77
11970.0,10197.64
11114.0,7707.47
10258.0,4703.7
9402.0,9111.78
8546.0,8646.29
7690.0,8319.07
6834.0,8272.26
5978.0,8401.26
5122.0,7706.96
4266.0,4523.91
3410.0,11930.63
2554.0,10394.46
1698.0,9914.04
842.0,9817.42
41075.0,2911.28
40219.0,0.0
39363.0,7452.12
38507.0,5951.11
37651.0,5389.68
36795.0,5047.47
35939.0,5216.06
35083.0,2669.28
34227.0,0.0
33371.0,4335.1
32515.0,4116.27
31659.0,4061.32
30803.0,4099.46
29947.0,4412.3
29091.0,2668.67
28235.0,0.0
27379.0,7236.78
26523.0,5841.16
25667.0,5310.17
24811.0,5020.79
23955.0,5156.82
23099.0,2616.21
22243.0,0.0
21387.0,3946.04
20531.0,3831.35
19675.0,3801.32
18819.0,3917.38
17963.0,4594.2
17107.0,2798.98
16251.0,0.0
15395.0,8882.29
14539.0,6582.74
13683.0,5797.95
12827.0,5393.62
11971.0,5369.74
11115.0,2630.92
10259.0,0.0
9403.0,4320.46
8547.0,4034.46
7691.0,4028.56
6835.0,4043.69
5979.0,4198.34
5123.0,2588.41
4267.0,0.0
3411.0,7447.68
2555.0,6072.05
1699.0,5405.49
843.0,5138.39
41076.0,9471.2
40220.0,0.0
39364.0,14995.93
38508.0,11795.63
37652.0,10612.7
36796.0,10537.53
35940.0,10418.08
35084.0,8757.26
34228.0,0.0
33372.0,9879.95
32516.0,8747.56
31660.0,8645.18
30804.0,8950.03
29948.0,9478.16
29092.0,9008.09
28236.0,0.0
27380.0,13972.75
26524.0,11502.34
25668.0,10651.27
24812.0,10379.23
23956.0,10299.09
23100.0,8708.52
22244.0,0.0
21388.0,9233.46
20532.0,8297.25
19676.0,7920.7
18820.0,8131.9
17964.0,9325.68
17108.0,9789.07
16252.0,0.0
15396.0,16186.7
14540.0,12672.71
13684.0,11405.93
12828.0,10793.79
11972.0,10444.76
11116.0,8993.38
10260.0,0.0
9404.0,9610.58
8548.0,8618.58
7692.0,8458.04
6836.0,8468.18
5980.0,8846.88
5124.0,8986.39
4268.0,0.0
3412.0,14244.98
2556.0,11393.85
1700.0,10245.87
844.0,10033.64
41077.0,7156.53
40221.0,0.0
39365.0,9658.91
38509.0,7890.95
37653.0,7148.78
36797.0,6914.53
35941.0,6660.12
35085.0,6429.04
34229.0,0.0
33373.0,6516.3
32517.0,6014.48
31661.0,5715.01
30805.0,5730.64
29949.0,5826.12
29093.0,0.0
28237.0,0.0
27381.0,9402.02
26525.0,7881.03
25669.0,6894.29
24813.0,6614.99
23957.0,6382.34
23101.0,6442.51
22245.0,0.0
21389.0,5989.01
20533.0,5458.19
19677.0,5158.85
18821.0,5280.92
17965.0,5847.48
17109.0,6502.88
16253.0,0.0
15397.0,11077.72
14541.0,8494.37
13685.0,7338.37
12829.0,6985.4
11973.0,6796.54
11117.0,6234.28
10261.0,0.0
9405.0,6521.66
8549.0,5918.2
7693.0,5676.85
6837.0,5660.78
5981.0,5640.46
5125.0,5911.88
4269.0,0.0
3413.0,9381.88
2557.0,7796.61
1701.0,6987.35
845.0,6669.96
41078.0,5987.74
40222.0,0.0
39366.0,8569.61
38510.0,6922.26
37654.0,6313.06
36798.0,6403.65
35942.0,6448.9
35086.0,5849.8
34230.0,0.0
33374.0,5581.25
32518.0,5066.9
31662.0,4959.01
30806.0,5090.73
29950.0,5409.36
29094.0,5581.09
28238.0,0.0
27382.0,8419.9
26526.0,6880.32
25670.0,6385.43
24814.0,6268.32
23958.0,6271.67
23102.0,5669.67
22246.0,0.0
21390.0,5126.92
20534.0,4510.25
19678.0,4406.49
18822.0,4690.61
17966.0,5534.13
17110.0,6182.98
16254.0,0.0
15398.0,9632.98
14542.0,7429.77
13686.0,6540.38
12830.0,6353.42
11974.0,6266.92
11118.0,5776.46
10262.0,0.0
9406.0,5374.03
8550.0,4730.94
7694.0,4736.92
6838.0,4856.0
5982.0,5259.47
5126.0,5714.21
4270.0,0.0
3414.0,8273.59
2558.0,6670.36
1702.0,6140.58
846.0,5983.53
41079.0,6369.39
40223.0,0.0
39367.0,8089.57
38511.0,6398.42
37655.0,5979.62
36799.0,5846.11
35943.0,5869.34
35087.0,5931.18
34231.0,0.0
33375.0,4980.11
32519.0,4520.72
31663.0,4459.49
30807.0,4519.82
29951.0,4870.03
29095.0,0.0
28239.0,0.0
27383.0,7890.64
26527.0,6300.73
25671.0,5707.17
24815.0,5445.49
23959.0,5414.81
23103.0,5807.26
22247.0,0.0
21391.0,4391.61
20535.0,3884.64
19679.0,3849.57
18823.0,4008.51
17967.0,4795.52
17111.0,5200.73
16255.0,0.0
15399.0,9824.68
14543.0,7256.05
13687.0,6323.33
12831.0,5960.79
11975.0,5878.48
11119.0,5605.03
10263.0,0.0
9407.0,4874.34
8551.0,4216.7
7695.0,4167.1
6839.0,4269.79
5983.0,4486.58
5127.0,4959.94
4271.0,0.0
3415.0,8273.6
2559.0,6543.89
1703.0,5860.59
847.0,5730.14
41080.0,4771.29
40224.0,0.0
39368.0,7813.94
38512.0,6288.94
37656.0,5883.18
36800.0,5643.53
35944.0,5558.43
35088.0,4261.0
34232.0,0.0
33376.0,4637.5
32520.0,4343.92
31664.0,4250.4
30808.0,4303.22
29952.0,4485.26
29096.0,4346.72
28240.0,0.0
27384.0,7347.22
26528.0,5917.14
25672.0,5493.12
24816.0,5307.06
23960.0,5374.65
23104.0,4160.04
22248.0,0.0
21392.0,4272.77
20536.0,3890.76
19680.0,3810.33
18824.0,3918.66
17968.0,4848.53
17112.0,4906.18
16256.0,0.0
15400.0,8411.92
14544.0,6542.83
13688.0,5863.56
12832.0,5670.02
11976.0,5571.16
11120.0,4399.17
10264.0,0.0
9408.0,4503.0
8552.0,4038.88
7696.0,4006.51
6840.0,4065.67
5984.0,4424.71
5128.0,4516.05
4272.0,0.0
3416.0,7013.77
2560.0,5777.02
1704.0,5346.27
848.0,5143.22
41081.0,3323.36
40225.0,0.0
39369.0,7437.76
38513.0,6025.17
37657.0,5386.64
36801.0,5356.39
35945.0,5298.65
35089.0,3140.12
34233.0,0.0
33377.0,4793.37
32521.0,4462.01
31665.0,4254.67
30809.0,4318.07
29953.0,4640.93
29097.0,3115.91
28241.0,0.0
27385.0,7145.75
26529.0,5942.59
25673.0,5342.27
24817.0,5300.62
23961.0,5303.93
23105.0,3044.94
22249.0,0.0
21393.0,4486.5
20537.0,4057.52
19681.0,3895.14
18825.0,4070.06
17969.0,4663.21
17113.0,3330.46
16257.0,0.0
15401.0,8524.85
14545.0,6410.88
13689.0,5661.16
12833.0,5448.2
11977.0,5494.95
11121.0,3130.4
10265.0,0.0
9409.0,4879.37
8553.0,4341.48
7697.0,4182.92
6841.0,4217.9
5985.0,4450.9
5129.0,3074.68
4273.0,0.0
3417.0,6984.84
2561.0,5776.37
1705.0,5210.47
849.0,5116.07
41082.0,5973.16
40226.0,0.0
39370.0,9414.7
38514.0,7767.59
37658.0,6970.53
36802.0,6794.0
35946.0,6951.91
35090.0,5365.93
34234.0,0.0
33378.0,6259.36
32522.0,5795.97
31666.0,5540.8
30810.0,5519.77
29954.0,5702.52
29098.0,4712.23
28242.0,0.0
27386.0,9663.93
26530.0,8015.74
25674.0,7250.09
24818.0,6914.01
23962.0,6793.41
23106.0,5001.96
22250.0,0.0
21394.0,5881.3
20538.0,5337.18
19682.0,5080.08
18826.0,5241.09
17970.0,6017.4
17114.0,5360.07
16258.0,0.0
15402.0,11758.83
14546.0,8661.47
13690.0,7321.28
12834.0,7016.87
11978.0,6980.44
11122.0,5101.86
10266.0,0.0
9410.0,6142.01
8554.0,5691.65
7698.0,5530.57
6842.0,5490.65
5986.0,5598.53
5130.0,4858.63
4274.0,0.0
3418.0,9939.69
2562.0,8031.87
1706.0,7070.67
850.0,6830.57
41083.0,3821.69
40227.0,0.0
39371.0,7161.98
38515.0,5722.56
37659.0,5344.53
36803.0,5231.83
35947.0,5249.44
35091.0,3500.73
34235.0,0.0
33379.0,4615.22
32523.0,4094.75
31667.0,3971.01
30811.0,3987.95
29955.0,4320.4
29099.0,0.0
28243.0,0.0
27387.0,7027.49
26531.0,5507.71
25675.0,5028.61
24819.0,4983.12
23963.0,4959.21
23107.0,3915.93
22251.0,0.0
21395.0,4025.06
20539.0,3602.53
19683.0,3545.75
18827.0,3656.91
17971.0,4182.17
17115.0,3925.45
16259.0,0.0
15403.0,8173.04
14547.0,6051.11
13691.0,5310.13
12835.0,5095.39
11979.0,5048.26
11123.0,3820.18
10267.0,0.0
9411.0,4330.98
8555.0,3824.29
7699.0,3762.12
6843.0,3840.17
5987.0,4024.71
5131.0,3635.83
4275.0,0.0
3419.0,7008.68
2563.0,5605.24
1707.0,5073.31
851.0,4875.01
41084.0,2592.21
40228.0,0.0
39372.0,6992.69
38516.0,5754.85
37660.0,5058.59
36804.0,4895.98
35948.0,4882.47
35092.0,2422.4
34236.0,0.0
33380.0,4730.17
32524.0,4193.37
31668.0,4151.48
30812.0,4213.41
29956.0,4362.4
29100.0,2435.5
28244.0,0.0
27388.0,6840.47
26532.0,5628.32
25676.0,5082.07
24820.0,4910.3
23964.0,4935.95
23108.0,2300.82
22252.0,0.0
21396.0,4201.21
20540.0,3987.09
19684.0,3887.99
18828.0,4004.65
17972.0,4518.09
17116.0,2617.76
16260.0,0.0
15404.0,8246.78
14548.0,6291.26
13692.0,5442.48
12836.0,5136.82
11980.0,5062.52
11124.0,2455.11
10268.0,0.0
9412.0,4659.97
8556.0,4168.66
7700.0,4045.09
6844.0,4046.9
5988.0,4193.52
5132.0,2422.25
4276.0,0.0
3420.0,6939.64
2564.0,5769.92
1708.0,5143.51
852.0,4875.07
41085.0,6846.49
40229.0,0.0
39373.0,12370.01
38517.0,9673.98
37661.0,8932.37
36805.0,8524.86
35949.0,8172.86
35093.0,6461.51
34237.0,0.0
33381.0,7757.41
32525.0,6885.55
31669.0,6846.03
30813.0,7073.36
29957.0,7526.88
29101.0,6511.96
28245.0,0.0
27389.0,11800.48
26533.0,9540.6
25677.0,8812.72
24821.0,8334.94
23965.0,8220.18
23109.0,6308.76
22253.0,0.0
21397.0,7125.33
20541.0,6401.49
19685.0,6253.42
18829.0,6666.72
17973.0,7813.15
17117.0,6994.89
16261.0,0.0
15405.0,13383.34
14549.0,10241.26
13693.0,9301.28
12837.0,8651.26
11981.0,8370.45
11125.0,6619.49
10269.0,0.0
9413.0,7444.54
8557.0,6659.05
7701.0,6614.47
6845.0,6851.36
5989.0,7102.96
5133.0,6609.72
4277.0,0.0
3421.0,11478.67
2565.0,9049.72
1709.0,8332.92
853.0,8019.74
41086.0,5586.89
40230.0,0.0
39374.0,8767.42
38518.0,7319.62
37662.0,6834.08
36806.0,6767.99
35950.0,6743.73
35094.0,5257.15
34238.0,0.0
33382.0,6078.4
32526.0,5648.77
31670.0,5421.58
30814.0,5596.41
29958.0,6040.78
29102.0,5213.08
28246.0,0.0
27390.0,8674.8
26534.0,7291.75
25678.0,6837.86
24822.0,6683.94
23966.0,6640.87
23110.0,5049.7
22254.0,0.0
21398.0,5823.46
20542.0,5363.03
19686.0,5139.23
18830.0,5345.57
17974.0,5963.87
17118.0,5521.18
16262.0,0.0
15406.0,9509.06
14550.0,7798.86
13694.0,7112.88
12838.0,6957.54
11982.0,6775.57
11126.0,5049.99
10270.0,0.0
9414.0,6239.87
8558.0,5799.6
7702.0,5557.65
6846.0,5662.26
5990.0,5782.72
5134.0,5078.71
4278.0,0.0
3422.0,8454.62
2566.0,7035.03
1710.0,6576.17
854.0,6445.33
41087.0,22297.93
40231.0,0.0
39375.0,26457.8
38519.0,22803.26
37663.0,22109.47
36807.0,21954.63
35951.0,22335.23
35095.0,22809.98
34239.0,0.0
33383.0,20995.0
32527.0,20332.94
31671.0,19785.4
30815.0,20144.46
29959.0,20760.19
29103.0,22227.38
28247.0,0.0
27391.0,25842.43
26535.0,23582.23
25679.0,22863.24
24823.0,22193.24
23967.0,22526.61
23111.0,22813.45
22255.0,0.0
21399.0,19664.25
20543.0,18780.87
19687.0,18494.76
18831.0,19026.86
17975.0,20737.45
17119.0,23298.94
16263.0,0.0
15407.0,26592.67
14551.0,23733.14
13695.0,23329.12
12839.0,23312.28
11983.0,23343.07
11127.0,22244.04
10271.0,0.0
9415.0,20555.9
8559.0,19184.34
7703.0,19161.34
6847.0,19294.94
5991.0,19393.84
5135.0,22117.92
4279.0,0.0
3423.0,24158.37
2567.0,22454.72
1711.0,22449.13
855.0,22224.98
41088.0,7580.05
40232.0,0.0
39376.0,10304.04
38520.0,7989.19
37664.0,7603.54
36808.0,7304.45
35952.0,7366.41
35096.0,7034.97
34240.0,0.0
33384.0,6190.97
32528.0,5670.81
31672.0,5739.69
30816.0,5873.68
29960.0,6464.16
29104.0,6781.44
28248.0,0.0
27392.0,10169.92
26536.0,8021.9
25680.0,7529.37
24824.0,7267.58
23968.0,7306.79
23112.0,6576.7
22256.0,0.0
21400.0,5928.83
20544.0,5329.13
19688.0,5279.03
18832.0,5382.96
17976.0,6420.45
17120.0,7170.59
16264.0,0.0
15408.0,12474.51
14552.0,8608.13
13696.0,7609.58
12840.0,7449.87
11984.0,7434.7
11128.0,6936.44
10272.0,0.0
9416.0,6158.51
8560.0,5576.55
7704.0,5686.6
6848.0,5781.69
5992.0,6171.63
5136.0,6755.32
4280.0,0.0
3424.0,10005.93
2568.0,7682.01
1712.0,7106.95
856.0,7118.15
